solid OpenSCAD_Model
  facet normal 0.336879 0.941548 -0
    outer loop
      vertex 17.2743 9.60765 0
      vertex 17.0433 9.6903 5
      vertex 17.2743 9.60765 5
    endloop
  endfacet
  facet normal 0.336879 0.941548 0
    outer loop
      vertex 17.0433 9.6903 5
      vertex 17.2743 9.60765 0
      vertex 17.0433 9.6903 0
    endloop
  endfacet
  facet normal -0.989177 -0.146726 0
    outer loop
      vertex 20.488 12.245 0
      vertex 20.452 12.4877 5
      vertex 20.452 12.4877 0
    endloop
  endfacet
  facet normal -0.989177 -0.146726 0
    outer loop
      vertex 20.452 12.4877 5
      vertex 20.488 12.245 0
      vertex 20.488 12.245 5
    endloop
  endfacet
  facet normal -0.998803 -0.0489209 0
    outer loop
      vertex 20.5 12 0
      vertex 20.488 12.245 5
      vertex 20.488 12.245 0
    endloop
  endfacet
  facet normal -0.998803 -0.0489209 0
    outer loop
      vertex 20.488 12.245 5
      vertex 20.5 12 0
      vertex 20.5 12 5
    endloop
  endfacet
  facet normal -0.96995 -0.243303 0
    outer loop
      vertex 20.452 12.4877 0
      vertex 20.3923 12.7257 5
      vertex 20.3923 12.7257 0
    endloop
  endfacet
  facet normal -0.96995 -0.243303 0
    outer loop
      vertex 20.3923 12.7257 5
      vertex 20.452 12.4877 0
      vertex 20.452 12.4877 5
    endloop
  endfacet
  facet normal 0.989177 -0.146726 0
    outer loop
      vertex 15.512 12.245 5
      vertex 15.548 12.4877 0
      vertex 15.548 12.4877 5
    endloop
  endfacet
  facet normal 0.989177 -0.146726 0
    outer loop
      vertex 15.548 12.4877 0
      vertex 15.512 12.245 5
      vertex 15.512 12.245 0
    endloop
  endfacet
  facet normal 0.242958 0.970037 -0
    outer loop
      vertex 17.5123 9.54804 0
      vertex 17.2743 9.60765 5
      vertex 17.5123 9.54804 5
    endloop
  endfacet
  facet normal 0.242958 0.970037 0
    outer loop
      vertex 17.2743 9.60765 5
      vertex 17.5123 9.54804 0
      vertex 17.2743 9.60765 0
    endloop
  endfacet
  facet normal -0.337059 -0.941483 0
    outer loop
      vertex 18.7257 14.3924 0
      vertex 18.9567 14.3097 5
      vertex 18.7257 14.3924 5
    endloop
  endfacet
  facet normal -0.337059 -0.941483 -0
    outer loop
      vertex 18.9567 14.3097 5
      vertex 18.7257 14.3924 0
      vertex 18.9567 14.3097 0
    endloop
  endfacet
  facet normal 0.514076 -0.857745 0
    outer loop
      vertex 16.6111 14.0787 0
      vertex 16.8215 14.2048 5
      vertex 16.6111 14.0787 5
    endloop
  endfacet
  facet normal 0.514076 -0.857745 0
    outer loop
      vertex 16.8215 14.2048 5
      vertex 16.6111 14.0787 0
      vertex 16.8215 14.2048 0
    endloop
  endfacet
  facet normal 0.903995 0.427543 0
    outer loop
      vertex 15.7952 10.8215 5
      vertex 15.6903 11.0433 0
      vertex 15.6903 11.0433 5
    endloop
  endfacet
  facet normal 0.903995 0.427543 0
    outer loop
      vertex 15.6903 11.0433 0
      vertex 15.7952 10.8215 5
      vertex 15.7952 10.8215 0
    endloop
  endfacet
  facet normal 0.242919 -0.970047 0
    outer loop
      vertex 17.2743 14.3924 0
      vertex 17.5123 14.452 5
      vertex 17.2743 14.3924 5
    endloop
  endfacet
  facet normal 0.242919 -0.970047 0
    outer loop
      vertex 17.5123 14.452 5
      vertex 17.2743 14.3924 0
      vertex 17.5123 14.452 0
    endloop
  endfacet
  facet normal 0.857745 0.514076 0
    outer loop
      vertex 15.9213 10.6111 5
      vertex 15.7952 10.8215 0
      vertex 15.7952 10.8215 5
    endloop
  endfacet
  facet normal 0.857745 0.514076 0
    outer loop
      vertex 15.7952 10.8215 0
      vertex 15.9213 10.6111 5
      vertex 15.9213 10.6111 0
    endloop
  endfacet
  facet normal -0.242958 0.970037 0
    outer loop
      vertex 18.7257 9.60765 0
      vertex 18.4877 9.54804 5
      vertex 18.7257 9.60765 5
    endloop
  endfacet
  facet normal -0.242958 0.970037 0
    outer loop
      vertex 18.4877 9.54804 5
      vertex 18.7257 9.60765 0
      vertex 18.4877 9.54804 0
    endloop
  endfacet
  facet normal 0.595675 0.803226 -0
    outer loop
      vertex 16.6111 9.92133 0
      vertex 16.414 10.0675 5
      vertex 16.6111 9.92133 5
    endloop
  endfacet
  facet normal 0.595675 0.803226 0
    outer loop
      vertex 16.414 10.0675 5
      vertex 16.6111 9.92133 0
      vertex 16.414 10.0675 0
    endloop
  endfacet
  facet normal -0.514166 0.857691 0
    outer loop
      vertex 19.3889 9.92133 0
      vertex 19.1785 9.7952 5
      vertex 19.3889 9.92133 5
    endloop
  endfacet
  facet normal -0.514166 0.857691 0
    outer loop
      vertex 19.1785 9.7952 5
      vertex 19.3889 9.92133 0
      vertex 19.1785 9.7952 0
    endloop
  endfacet
  facet normal -0.803167 0.595754 0
    outer loop
      vertex 19.9325 10.414 0
      vertex 20.0787 10.6111 5
      vertex 20.0787 10.6111 0
    endloop
  endfacet
  facet normal -0.803167 0.595754 0
    outer loop
      vertex 20.0787 10.6111 5
      vertex 19.9325 10.414 0
      vertex 19.9325 10.414 5
    endloop
  endfacet
  facet normal -0.146726 -0.989177 0
    outer loop
      vertex 18.245 14.488 0
      vertex 18.4877 14.452 5
      vertex 18.245 14.488 5
    endloop
  endfacet
  facet normal -0.146726 -0.989177 -0
    outer loop
      vertex 18.4877 14.452 5
      vertex 18.245 14.488 0
      vertex 18.4877 14.452 0
    endloop
  endfacet
  facet normal 0.595754 -0.803167 0
    outer loop
      vertex 16.414 13.9325 0
      vertex 16.6111 14.0787 5
      vertex 16.414 13.9325 5
    endloop
  endfacet
  facet normal 0.595754 -0.803167 0
    outer loop
      vertex 16.6111 14.0787 5
      vertex 16.414 13.9325 0
      vertex 16.6111 14.0787 0
    endloop
  endfacet
  facet normal -0.427543 0.903995 0
    outer loop
      vertex 19.1785 9.7952 0
      vertex 18.9567 9.6903 5
      vertex 19.1785 9.7952 5
    endloop
  endfacet
  facet normal -0.427543 0.903995 0
    outer loop
      vertex 18.9567 9.6903 5
      vertex 19.1785 9.7952 0
      vertex 18.9567 9.6903 0
    endloop
  endfacet
  facet normal 0.803167 -0.595754 0
    outer loop
      vertex 15.9213 13.3889 5
      vertex 16.0675 13.586 0
      vertex 16.0675 13.586 5
    endloop
  endfacet
  facet normal 0.803167 -0.595754 0
    outer loop
      vertex 16.0675 13.586 0
      vertex 15.9213 13.3889 5
      vertex 15.9213 13.3889 0
    endloop
  endfacet
  facet normal -0.989177 0.146726 0
    outer loop
      vertex 20.452 11.5123 0
      vertex 20.488 11.755 5
      vertex 20.488 11.755 0
    endloop
  endfacet
  facet normal -0.989177 0.146726 0
    outer loop
      vertex 20.488 11.755 5
      vertex 20.452 11.5123 0
      vertex 20.452 11.5123 5
    endloop
  endfacet
  facet normal 0.941483 -0.337059 0
    outer loop
      vertex 15.6076 12.7257 5
      vertex 15.6903 12.9567 0
      vertex 15.6903 12.9567 5
    endloop
  endfacet
  facet normal 0.941483 -0.337059 0
    outer loop
      vertex 15.6903 12.9567 0
      vertex 15.6076 12.7257 5
      vertex 15.6076 12.7257 0
    endloop
  endfacet
  facet normal -0.427543 -0.903995 0
    outer loop
      vertex 18.9567 14.3097 0
      vertex 19.1785 14.2048 5
      vertex 18.9567 14.3097 5
    endloop
  endfacet
  facet normal -0.427543 -0.903995 -0
    outer loop
      vertex 19.1785 14.2048 5
      vertex 18.9567 14.3097 0
      vertex 19.1785 14.2048 0
    endloop
  endfacet
  facet normal 0.941483 0.337059 0
    outer loop
      vertex 15.6903 11.0433 5
      vertex 15.6076 11.2743 0
      vertex 15.6076 11.2743 5
    endloop
  endfacet
  facet normal 0.941483 0.337059 0
    outer loop
      vertex 15.6076 11.2743 0
      vertex 15.6903 11.0433 5
      vertex 15.6903 11.0433 0
    endloop
  endfacet
  facet normal -0.96995 0.243303 0
    outer loop
      vertex 20.3923 11.2743 0
      vertex 20.452 11.5123 5
      vertex 20.452 11.5123 0
    endloop
  endfacet
  facet normal -0.96995 0.243303 0
    outer loop
      vertex 20.452 11.5123 5
      vertex 20.3923 11.2743 0
      vertex 20.3923 11.2743 5
    endloop
  endfacet
  facet normal 0.0489209 -0.998803 0
    outer loop
      vertex 17.755 14.488 0
      vertex 18 14.5 5
      vertex 17.755 14.488 5
    endloop
  endfacet
  facet normal 0.0489209 -0.998803 0
    outer loop
      vertex 18 14.5 5
      vertex 17.755 14.488 0
      vertex 18 14.5 0
    endloop
  endfacet
  facet normal -0.671394 -0.741101 0
    outer loop
      vertex 19.586 13.9325 0
      vertex 19.7678 13.7678 5
      vertex 19.586 13.9325 5
    endloop
  endfacet
  facet normal -0.671394 -0.741101 -0
    outer loop
      vertex 19.7678 13.7678 5
      vertex 19.586 13.9325 0
      vertex 19.7678 13.7678 0
    endloop
  endfacet
  facet normal 0.427543 -0.903995 0
    outer loop
      vertex 16.8215 14.2048 0
      vertex 17.0433 14.3097 5
      vertex 16.8215 14.2048 5
    endloop
  endfacet
  facet normal 0.427543 -0.903995 0
    outer loop
      vertex 17.0433 14.3097 5
      vertex 16.8215 14.2048 0
      vertex 17.0433 14.3097 0
    endloop
  endfacet
  facet normal 0.671394 -0.741101 0
    outer loop
      vertex 16.2322 13.7678 0
      vertex 16.414 13.9325 5
      vertex 16.2322 13.7678 5
    endloop
  endfacet
  facet normal 0.671394 -0.741101 0
    outer loop
      vertex 16.414 13.9325 5
      vertex 16.2322 13.7678 0
      vertex 16.414 13.9325 0
    endloop
  endfacet
  facet normal -0.336879 0.941548 0
    outer loop
      vertex 18.9567 9.6903 0
      vertex 18.7257 9.60765 5
      vertex 18.9567 9.6903 5
    endloop
  endfacet
  facet normal -0.336879 0.941548 0
    outer loop
      vertex 18.7257 9.60765 5
      vertex 18.9567 9.6903 0
      vertex 18.7257 9.60765 0
    endloop
  endfacet
  facet normal 0.337059 -0.941483 0
    outer loop
      vertex 17.0433 14.3097 0
      vertex 17.2743 14.3924 5
      vertex 17.0433 14.3097 5
    endloop
  endfacet
  facet normal 0.337059 -0.941483 0
    outer loop
      vertex 17.2743 14.3924 5
      vertex 17.0433 14.3097 0
      vertex 17.2743 14.3924 0
    endloop
  endfacet
  facet normal -0.803167 -0.595754 0
    outer loop
      vertex 20.0787 13.3889 0
      vertex 19.9325 13.586 5
      vertex 19.9325 13.586 0
    endloop
  endfacet
  facet normal -0.803167 -0.595754 0
    outer loop
      vertex 19.9325 13.586 5
      vertex 20.0787 13.3889 0
      vertex 20.0787 13.3889 5
    endloop
  endfacet
  facet normal 0.857745 -0.514076 0
    outer loop
      vertex 15.7952 13.1785 5
      vertex 15.9213 13.3889 0
      vertex 15.9213 13.3889 5
    endloop
  endfacet
  facet normal 0.857745 -0.514076 0
    outer loop
      vertex 15.9213 13.3889 0
      vertex 15.7952 13.1785 5
      vertex 15.7952 13.1785 0
    endloop
  endfacet
  facet normal -0.998803 0.0489209 0
    outer loop
      vertex 20.488 11.755 0
      vertex 20.5 12 5
      vertex 20.5 12 0
    endloop
  endfacet
  facet normal -0.998803 0.0489209 0
    outer loop
      vertex 20.5 12 5
      vertex 20.488 11.755 0
      vertex 20.488 11.755 5
    endloop
  endfacet
  facet normal -0.903995 0.427543 0
    outer loop
      vertex 20.2048 10.8215 0
      vertex 20.3097 11.0433 5
      vertex 20.3097 11.0433 0
    endloop
  endfacet
  facet normal -0.903995 0.427543 0
    outer loop
      vertex 20.3097 11.0433 5
      vertex 20.2048 10.8215 0
      vertex 20.2048 10.8215 5
    endloop
  endfacet
  facet normal -0.857745 -0.514076 0
    outer loop
      vertex 20.2048 13.1785 0
      vertex 20.0787 13.3889 5
      vertex 20.0787 13.3889 0
    endloop
  endfacet
  facet normal -0.857745 -0.514076 0
    outer loop
      vertex 20.0787 13.3889 5
      vertex 20.2048 13.1785 0
      vertex 20.2048 13.1785 5
    endloop
  endfacet
  facet normal 0.671394 0.741101 -0
    outer loop
      vertex 16.414 10.0675 0
      vertex 16.2322 10.2322 5
      vertex 16.414 10.0675 5
    endloop
  endfacet
  facet normal 0.671394 0.741101 0
    outer loop
      vertex 16.2322 10.2322 5
      vertex 16.414 10.0675 0
      vertex 16.2322 10.2322 0
    endloop
  endfacet
  facet normal -0.595754 -0.803167 0
    outer loop
      vertex 19.3889 14.0787 0
      vertex 19.586 13.9325 5
      vertex 19.3889 14.0787 5
    endloop
  endfacet
  facet normal -0.595754 -0.803167 -0
    outer loop
      vertex 19.586 13.9325 5
      vertex 19.3889 14.0787 0
      vertex 19.586 13.9325 0
    endloop
  endfacet
  facet normal 0.514166 0.857691 -0
    outer loop
      vertex 16.8215 9.7952 0
      vertex 16.6111 9.92133 5
      vertex 16.8215 9.7952 5
    endloop
  endfacet
  facet normal 0.514166 0.857691 0
    outer loop
      vertex 16.6111 9.92133 5
      vertex 16.8215 9.7952 0
      vertex 16.6111 9.92133 0
    endloop
  endfacet
  facet normal -0.514076 -0.857745 0
    outer loop
      vertex 19.1785 14.2048 0
      vertex 19.3889 14.0787 5
      vertex 19.1785 14.2048 5
    endloop
  endfacet
  facet normal -0.514076 -0.857745 -0
    outer loop
      vertex 19.3889 14.0787 5
      vertex 19.1785 14.2048 0
      vertex 19.3889 14.0787 0
    endloop
  endfacet
  facet normal -0.146726 0.989177 0
    outer loop
      vertex 18.4877 9.54804 0
      vertex 18.245 9.51204 5
      vertex 18.4877 9.54804 5
    endloop
  endfacet
  facet normal -0.146726 0.989177 0
    outer loop
      vertex 18.245 9.51204 5
      vertex 18.4877 9.54804 0
      vertex 18.245 9.51204 0
    endloop
  endfacet
  facet normal -0.941613 -0.336698 0
    outer loop
      vertex 20.3923 12.7257 0
      vertex 20.3097 12.9567 5
      vertex 20.3097 12.9567 0
    endloop
  endfacet
  facet normal -0.941613 -0.336698 0
    outer loop
      vertex 20.3097 12.9567 5
      vertex 20.3923 12.7257 0
      vertex 20.3923 12.7257 5
    endloop
  endfacet
  facet normal -0.857745 0.514076 0
    outer loop
      vertex 20.0787 10.6111 0
      vertex 20.2048 10.8215 5
      vertex 20.2048 10.8215 0
    endloop
  endfacet
  facet normal -0.857745 0.514076 0
    outer loop
      vertex 20.2048 10.8215 5
      vertex 20.0787 10.6111 0
      vertex 20.0787 10.6111 5
    endloop
  endfacet
  facet normal 0.998803 0.0489209 0
    outer loop
      vertex 15.512 11.755 5
      vertex 15.5 12 0
      vertex 15.5 12 5
    endloop
  endfacet
  facet normal 0.998803 0.0489209 0
    outer loop
      vertex 15.5 12 0
      vertex 15.512 11.755 5
      vertex 15.512 11.755 0
    endloop
  endfacet
  facet normal -0.941613 0.336698 0
    outer loop
      vertex 20.3097 11.0433 0
      vertex 20.3923 11.2743 5
      vertex 20.3923 11.2743 0
    endloop
  endfacet
  facet normal -0.941613 0.336698 0
    outer loop
      vertex 20.3923 11.2743 5
      vertex 20.3097 11.0433 0
      vertex 20.3097 11.0433 5
    endloop
  endfacet
  facet normal -0.741101 -0.671394 0
    outer loop
      vertex 19.9325 13.586 0
      vertex 19.7678 13.7678 5
      vertex 19.7678 13.7678 0
    endloop
  endfacet
  facet normal -0.741101 -0.671394 0
    outer loop
      vertex 19.7678 13.7678 5
      vertex 19.9325 13.586 0
      vertex 19.9325 13.586 5
    endloop
  endfacet
  facet normal -0.0489209 -0.998803 0
    outer loop
      vertex 18 14.5 0
      vertex 18.245 14.488 5
      vertex 18 14.5 5
    endloop
  endfacet
  facet normal -0.0489209 -0.998803 -0
    outer loop
      vertex 18.245 14.488 5
      vertex 18 14.5 0
      vertex 18.245 14.488 0
    endloop
  endfacet
  facet normal -0.903995 -0.427543 0
    outer loop
      vertex 20.3097 12.9567 0
      vertex 20.2048 13.1785 5
      vertex 20.2048 13.1785 0
    endloop
  endfacet
  facet normal -0.903995 -0.427543 0
    outer loop
      vertex 20.2048 13.1785 5
      vertex 20.3097 12.9567 0
      vertex 20.3097 12.9567 5
    endloop
  endfacet
  facet normal 0.146726 0.989177 -0
    outer loop
      vertex 17.755 9.51204 0
      vertex 17.5123 9.54804 5
      vertex 17.755 9.51204 5
    endloop
  endfacet
  facet normal 0.146726 0.989177 0
    outer loop
      vertex 17.5123 9.54804 5
      vertex 17.755 9.51204 0
      vertex 17.5123 9.54804 0
    endloop
  endfacet
  facet normal -0.671394 0.741101 0
    outer loop
      vertex 19.7678 10.2322 0
      vertex 19.586 10.0675 5
      vertex 19.7678 10.2322 5
    endloop
  endfacet
  facet normal -0.671394 0.741101 0
    outer loop
      vertex 19.586 10.0675 5
      vertex 19.7678 10.2322 0
      vertex 19.586 10.0675 0
    endloop
  endfacet
  facet normal 0.0490836 0.998795 -0
    outer loop
      vertex 18 9.5 0
      vertex 17.755 9.51204 5
      vertex 18 9.5 5
    endloop
  endfacet
  facet normal 0.0490836 0.998795 0
    outer loop
      vertex 17.755 9.51204 5
      vertex 18 9.5 0
      vertex 17.755 9.51204 0
    endloop
  endfacet
  facet normal 0.741101 -0.671394 0
    outer loop
      vertex 16.0675 13.586 5
      vertex 16.2322 13.7678 0
      vertex 16.2322 13.7678 5
    endloop
  endfacet
  facet normal 0.741101 -0.671394 0
    outer loop
      vertex 16.2322 13.7678 0
      vertex 16.0675 13.586 5
      vertex 16.0675 13.586 0
    endloop
  endfacet
  facet normal 0.146726 -0.989177 0
    outer loop
      vertex 17.5123 14.452 0
      vertex 17.755 14.488 5
      vertex 17.5123 14.452 5
    endloop
  endfacet
  facet normal 0.146726 -0.989177 0
    outer loop
      vertex 17.755 14.488 5
      vertex 17.5123 14.452 0
      vertex 17.755 14.488 0
    endloop
  endfacet
  facet normal 0.903995 -0.427543 0
    outer loop
      vertex 15.6903 12.9567 5
      vertex 15.7952 13.1785 0
      vertex 15.7952 13.1785 5
    endloop
  endfacet
  facet normal 0.903995 -0.427543 0
    outer loop
      vertex 15.7952 13.1785 0
      vertex 15.6903 12.9567 5
      vertex 15.6903 12.9567 0
    endloop
  endfacet
  facet normal 0.970047 -0.242919 0
    outer loop
      vertex 15.548 12.4877 5
      vertex 15.6076 12.7257 0
      vertex 15.6076 12.7257 5
    endloop
  endfacet
  facet normal 0.970047 -0.242919 0
    outer loop
      vertex 15.6076 12.7257 0
      vertex 15.548 12.4877 5
      vertex 15.548 12.4877 0
    endloop
  endfacet
  facet normal -0.242919 -0.970047 0
    outer loop
      vertex 18.4877 14.452 0
      vertex 18.7257 14.3924 5
      vertex 18.4877 14.452 5
    endloop
  endfacet
  facet normal -0.242919 -0.970047 -0
    outer loop
      vertex 18.7257 14.3924 5
      vertex 18.4877 14.452 0
      vertex 18.7257 14.3924 0
    endloop
  endfacet
  facet normal 0.970047 0.242919 0
    outer loop
      vertex 15.6076 11.2743 5
      vertex 15.548 11.5123 0
      vertex 15.548 11.5123 5
    endloop
  endfacet
  facet normal 0.970047 0.242919 0
    outer loop
      vertex 15.548 11.5123 0
      vertex 15.6076 11.2743 5
      vertex 15.6076 11.2743 0
    endloop
  endfacet
  facet normal 0.427543 0.903995 -0
    outer loop
      vertex 17.0433 9.6903 0
      vertex 16.8215 9.7952 5
      vertex 17.0433 9.6903 5
    endloop
  endfacet
  facet normal 0.427543 0.903995 0
    outer loop
      vertex 16.8215 9.7952 5
      vertex 17.0433 9.6903 0
      vertex 16.8215 9.7952 0
    endloop
  endfacet
  facet normal 0.741101 0.671394 0
    outer loop
      vertex 16.2322 10.2322 5
      vertex 16.0675 10.414 0
      vertex 16.0675 10.414 5
    endloop
  endfacet
  facet normal 0.741101 0.671394 0
    outer loop
      vertex 16.0675 10.414 0
      vertex 16.2322 10.2322 5
      vertex 16.2322 10.2322 0
    endloop
  endfacet
  facet normal -0.0490836 0.998795 0
    outer loop
      vertex 18.245 9.51204 0
      vertex 18 9.5 5
      vertex 18.245 9.51204 5
    endloop
  endfacet
  facet normal -0.0490836 0.998795 0
    outer loop
      vertex 18 9.5 5
      vertex 18.245 9.51204 0
      vertex 18 9.5 0
    endloop
  endfacet
  facet normal 0.989177 0.146726 0
    outer loop
      vertex 15.548 11.5123 5
      vertex 15.512 11.755 0
      vertex 15.512 11.755 5
    endloop
  endfacet
  facet normal 0.989177 0.146726 0
    outer loop
      vertex 15.512 11.755 0
      vertex 15.548 11.5123 5
      vertex 15.548 11.5123 0
    endloop
  endfacet
  facet normal -0.595675 0.803226 0
    outer loop
      vertex 19.586 10.0675 0
      vertex 19.3889 9.92133 5
      vertex 19.586 10.0675 5
    endloop
  endfacet
  facet normal -0.595675 0.803226 0
    outer loop
      vertex 19.3889 9.92133 5
      vertex 19.586 10.0675 0
      vertex 19.3889 9.92133 0
    endloop
  endfacet
  facet normal 0.803167 0.595754 0
    outer loop
      vertex 16.0675 10.414 5
      vertex 15.9213 10.6111 0
      vertex 15.9213 10.6111 5
    endloop
  endfacet
  facet normal 0.803167 0.595754 0
    outer loop
      vertex 15.9213 10.6111 0
      vertex 16.0675 10.414 5
      vertex 16.0675 10.414 0
    endloop
  endfacet
  facet normal 0.998803 -0.0489209 0
    outer loop
      vertex 15.5 12 5
      vertex 15.512 12.245 0
      vertex 15.512 12.245 5
    endloop
  endfacet
  facet normal 0.998803 -0.0489209 0
    outer loop
      vertex 15.512 12.245 0
      vertex 15.5 12 5
      vertex 15.5 12 0
    endloop
  endfacet
  facet normal -0.741101 0.671394 0
    outer loop
      vertex 19.7678 10.2322 0
      vertex 19.9325 10.414 5
      vertex 19.9325 10.414 0
    endloop
  endfacet
  facet normal -0.741101 0.671394 0
    outer loop
      vertex 19.9325 10.414 5
      vertex 19.7678 10.2322 0
      vertex 19.7678 10.2322 5
    endloop
  endfacet
  facet normal 0.337059 0.941483 -0
    outer loop
      vertex 17.2743 22.6076 0
      vertex 17.0433 22.6903 5
      vertex 17.2743 22.6076 5
    endloop
  endfacet
  facet normal 0.337059 0.941483 0
    outer loop
      vertex 17.0433 22.6903 5
      vertex 17.2743 22.6076 0
      vertex 17.0433 22.6903 0
    endloop
  endfacet
  facet normal -0.989177 -0.146726 0
    outer loop
      vertex 20.488 25.245 0
      vertex 20.452 25.4877 5
      vertex 20.452 25.4877 0
    endloop
  endfacet
  facet normal -0.989177 -0.146726 0
    outer loop
      vertex 20.452 25.4877 5
      vertex 20.488 25.245 0
      vertex 20.488 25.245 5
    endloop
  endfacet
  facet normal -0.998803 -0.0489209 0
    outer loop
      vertex 20.5 25 0
      vertex 20.488 25.245 5
      vertex 20.488 25.245 0
    endloop
  endfacet
  facet normal -0.998803 -0.0489209 0
    outer loop
      vertex 20.488 25.245 5
      vertex 20.5 25 0
      vertex 20.5 25 5
    endloop
  endfacet
  facet normal -0.96995 -0.243303 0
    outer loop
      vertex 20.452 25.4877 0
      vertex 20.3923 25.7257 5
      vertex 20.3923 25.7257 0
    endloop
  endfacet
  facet normal -0.96995 -0.243303 0
    outer loop
      vertex 20.3923 25.7257 5
      vertex 20.452 25.4877 0
      vertex 20.452 25.4877 5
    endloop
  endfacet
  facet normal 0.989177 -0.146726 0
    outer loop
      vertex 15.512 25.245 5
      vertex 15.548 25.4877 0
      vertex 15.548 25.4877 5
    endloop
  endfacet
  facet normal 0.989177 -0.146726 0
    outer loop
      vertex 15.548 25.4877 0
      vertex 15.512 25.245 5
      vertex 15.512 25.245 0
    endloop
  endfacet
  facet normal 0.242919 0.970047 -0
    outer loop
      vertex 17.5123 22.548 0
      vertex 17.2743 22.6076 5
      vertex 17.5123 22.548 5
    endloop
  endfacet
  facet normal 0.242919 0.970047 0
    outer loop
      vertex 17.2743 22.6076 5
      vertex 17.5123 22.548 0
      vertex 17.2743 22.6076 0
    endloop
  endfacet
  facet normal -0.336698 -0.941613 0
    outer loop
      vertex 18.7257 27.3923 0
      vertex 18.9567 27.3097 5
      vertex 18.7257 27.3923 5
    endloop
  endfacet
  facet normal -0.336698 -0.941613 -0
    outer loop
      vertex 18.9567 27.3097 5
      vertex 18.7257 27.3923 0
      vertex 18.9567 27.3097 0
    endloop
  endfacet
  facet normal 0.514076 -0.857745 0
    outer loop
      vertex 16.6111 27.0787 0
      vertex 16.8215 27.2048 5
      vertex 16.6111 27.0787 5
    endloop
  endfacet
  facet normal 0.514076 -0.857745 0
    outer loop
      vertex 16.8215 27.2048 5
      vertex 16.6111 27.0787 0
      vertex 16.8215 27.2048 0
    endloop
  endfacet
  facet normal 0.903995 0.427543 0
    outer loop
      vertex 15.7952 23.8215 5
      vertex 15.6903 24.0433 0
      vertex 15.6903 24.0433 5
    endloop
  endfacet
  facet normal 0.903995 0.427543 0
    outer loop
      vertex 15.6903 24.0433 0
      vertex 15.7952 23.8215 5
      vertex 15.7952 23.8215 0
    endloop
  endfacet
  facet normal 0.243303 -0.96995 0
    outer loop
      vertex 17.2743 27.3923 0
      vertex 17.5123 27.452 5
      vertex 17.2743 27.3923 5
    endloop
  endfacet
  facet normal 0.243303 -0.96995 0
    outer loop
      vertex 17.5123 27.452 5
      vertex 17.2743 27.3923 0
      vertex 17.5123 27.452 0
    endloop
  endfacet
  facet normal 0.857745 0.514076 0
    outer loop
      vertex 15.9213 23.6111 5
      vertex 15.7952 23.8215 0
      vertex 15.7952 23.8215 5
    endloop
  endfacet
  facet normal 0.857745 0.514076 0
    outer loop
      vertex 15.7952 23.8215 0
      vertex 15.9213 23.6111 5
      vertex 15.9213 23.6111 0
    endloop
  endfacet
  facet normal -0.242919 0.970047 0
    outer loop
      vertex 18.7257 22.6076 0
      vertex 18.4877 22.548 5
      vertex 18.7257 22.6076 5
    endloop
  endfacet
  facet normal -0.242919 0.970047 0
    outer loop
      vertex 18.4877 22.548 5
      vertex 18.7257 22.6076 0
      vertex 18.4877 22.548 0
    endloop
  endfacet
  facet normal 0.595754 0.803167 -0
    outer loop
      vertex 16.6111 22.9213 0
      vertex 16.414 23.0675 5
      vertex 16.6111 22.9213 5
    endloop
  endfacet
  facet normal 0.595754 0.803167 0
    outer loop
      vertex 16.414 23.0675 5
      vertex 16.6111 22.9213 0
      vertex 16.414 23.0675 0
    endloop
  endfacet
  facet normal -0.514076 0.857745 0
    outer loop
      vertex 19.3889 22.9213 0
      vertex 19.1785 22.7952 5
      vertex 19.3889 22.9213 5
    endloop
  endfacet
  facet normal -0.514076 0.857745 0
    outer loop
      vertex 19.1785 22.7952 5
      vertex 19.3889 22.9213 0
      vertex 19.1785 22.7952 0
    endloop
  endfacet
  facet normal -0.803167 0.595754 0
    outer loop
      vertex 19.9325 23.414 0
      vertex 20.0787 23.6111 5
      vertex 20.0787 23.6111 0
    endloop
  endfacet
  facet normal -0.803167 0.595754 0
    outer loop
      vertex 20.0787 23.6111 5
      vertex 19.9325 23.414 0
      vertex 19.9325 23.414 5
    endloop
  endfacet
  facet normal -0.146726 -0.989177 0
    outer loop
      vertex 18.245 27.488 0
      vertex 18.4877 27.452 5
      vertex 18.245 27.488 5
    endloop
  endfacet
  facet normal -0.146726 -0.989177 -0
    outer loop
      vertex 18.4877 27.452 5
      vertex 18.245 27.488 0
      vertex 18.4877 27.452 0
    endloop
  endfacet
  facet normal 0.595754 -0.803167 0
    outer loop
      vertex 16.414 26.9325 0
      vertex 16.6111 27.0787 5
      vertex 16.414 26.9325 5
    endloop
  endfacet
  facet normal 0.595754 -0.803167 0
    outer loop
      vertex 16.6111 27.0787 5
      vertex 16.414 26.9325 0
      vertex 16.6111 27.0787 0
    endloop
  endfacet
  facet normal 0.803167 -0.595754 0
    outer loop
      vertex 15.9213 26.3889 5
      vertex 16.0675 26.586 0
      vertex 16.0675 26.586 5
    endloop
  endfacet
  facet normal 0.803167 -0.595754 0
    outer loop
      vertex 16.0675 26.586 0
      vertex 15.9213 26.3889 5
      vertex 15.9213 26.3889 0
    endloop
  endfacet
  facet normal -0.989177 0.146726 0
    outer loop
      vertex 20.452 24.5123 0
      vertex 20.488 24.755 5
      vertex 20.488 24.755 0
    endloop
  endfacet
  facet normal -0.989177 0.146726 0
    outer loop
      vertex 20.488 24.755 5
      vertex 20.452 24.5123 0
      vertex 20.452 24.5123 5
    endloop
  endfacet
  facet normal 0.941483 -0.337059 0
    outer loop
      vertex 15.6076 25.7257 5
      vertex 15.6903 25.9567 0
      vertex 15.6903 25.9567 5
    endloop
  endfacet
  facet normal 0.941483 -0.337059 0
    outer loop
      vertex 15.6903 25.9567 0
      vertex 15.6076 25.7257 5
      vertex 15.6076 25.7257 0
    endloop
  endfacet
  facet normal -0.427543 -0.903995 0
    outer loop
      vertex 18.9567 27.3097 0
      vertex 19.1785 27.2048 5
      vertex 18.9567 27.3097 5
    endloop
  endfacet
  facet normal -0.427543 -0.903995 -0
    outer loop
      vertex 19.1785 27.2048 5
      vertex 18.9567 27.3097 0
      vertex 19.1785 27.2048 0
    endloop
  endfacet
  facet normal 0.941483 0.337059 0
    outer loop
      vertex 15.6903 24.0433 5
      vertex 15.6076 24.2743 0
      vertex 15.6076 24.2743 5
    endloop
  endfacet
  facet normal 0.941483 0.337059 0
    outer loop
      vertex 15.6076 24.2743 0
      vertex 15.6903 24.0433 5
      vertex 15.6903 24.0433 0
    endloop
  endfacet
  facet normal -0.96995 0.243303 0
    outer loop
      vertex 20.3923 24.2743 0
      vertex 20.452 24.5123 5
      vertex 20.452 24.5123 0
    endloop
  endfacet
  facet normal -0.96995 0.243303 0
    outer loop
      vertex 20.452 24.5123 5
      vertex 20.3923 24.2743 0
      vertex 20.3923 24.2743 5
    endloop
  endfacet
  facet normal 0.0489209 -0.998803 0
    outer loop
      vertex 17.755 27.488 0
      vertex 18 27.5 5
      vertex 17.755 27.488 5
    endloop
  endfacet
  facet normal 0.0489209 -0.998803 0
    outer loop
      vertex 18 27.5 5
      vertex 17.755 27.488 0
      vertex 18 27.5 0
    endloop
  endfacet
  facet normal -0.671394 -0.741101 0
    outer loop
      vertex 19.586 26.9325 0
      vertex 19.7678 26.7678 5
      vertex 19.586 26.9325 5
    endloop
  endfacet
  facet normal -0.671394 -0.741101 -0
    outer loop
      vertex 19.7678 26.7678 5
      vertex 19.586 26.9325 0
      vertex 19.7678 26.7678 0
    endloop
  endfacet
  facet normal 0.427543 -0.903995 0
    outer loop
      vertex 16.8215 27.2048 0
      vertex 17.0433 27.3097 5
      vertex 16.8215 27.2048 5
    endloop
  endfacet
  facet normal 0.427543 -0.903995 0
    outer loop
      vertex 17.0433 27.3097 5
      vertex 16.8215 27.2048 0
      vertex 17.0433 27.3097 0
    endloop
  endfacet
  facet normal 0.671394 -0.741101 0
    outer loop
      vertex 16.2322 26.7678 0
      vertex 16.414 26.9325 5
      vertex 16.2322 26.7678 5
    endloop
  endfacet
  facet normal 0.671394 -0.741101 0
    outer loop
      vertex 16.414 26.9325 5
      vertex 16.2322 26.7678 0
      vertex 16.414 26.9325 0
    endloop
  endfacet
  facet normal -0.337059 0.941483 0
    outer loop
      vertex 18.9567 22.6903 0
      vertex 18.7257 22.6076 5
      vertex 18.9567 22.6903 5
    endloop
  endfacet
  facet normal -0.337059 0.941483 0
    outer loop
      vertex 18.7257 22.6076 5
      vertex 18.9567 22.6903 0
      vertex 18.7257 22.6076 0
    endloop
  endfacet
  facet normal 0.336698 -0.941613 0
    outer loop
      vertex 17.0433 27.3097 0
      vertex 17.2743 27.3923 5
      vertex 17.0433 27.3097 5
    endloop
  endfacet
  facet normal 0.336698 -0.941613 0
    outer loop
      vertex 17.2743 27.3923 5
      vertex 17.0433 27.3097 0
      vertex 17.2743 27.3923 0
    endloop
  endfacet
  facet normal -0.803167 -0.595754 0
    outer loop
      vertex 20.0787 26.3889 0
      vertex 19.9325 26.586 5
      vertex 19.9325 26.586 0
    endloop
  endfacet
  facet normal -0.803167 -0.595754 0
    outer loop
      vertex 19.9325 26.586 5
      vertex 20.0787 26.3889 0
      vertex 20.0787 26.3889 5
    endloop
  endfacet
  facet normal 0.857745 -0.514076 0
    outer loop
      vertex 15.7952 26.1785 5
      vertex 15.9213 26.3889 0
      vertex 15.9213 26.3889 5
    endloop
  endfacet
  facet normal 0.857745 -0.514076 0
    outer loop
      vertex 15.9213 26.3889 0
      vertex 15.7952 26.1785 5
      vertex 15.7952 26.1785 0
    endloop
  endfacet
  facet normal -0.998803 0.0489209 0
    outer loop
      vertex 20.488 24.755 0
      vertex 20.5 25 5
      vertex 20.5 25 0
    endloop
  endfacet
  facet normal -0.998803 0.0489209 0
    outer loop
      vertex 20.5 25 5
      vertex 20.488 24.755 0
      vertex 20.488 24.755 5
    endloop
  endfacet
  facet normal -0.903995 0.427543 0
    outer loop
      vertex 20.2048 23.8215 0
      vertex 20.3097 24.0433 5
      vertex 20.3097 24.0433 0
    endloop
  endfacet
  facet normal -0.903995 0.427543 0
    outer loop
      vertex 20.3097 24.0433 5
      vertex 20.2048 23.8215 0
      vertex 20.2048 23.8215 5
    endloop
  endfacet
  facet normal 0.671394 0.741101 -0
    outer loop
      vertex 16.414 23.0675 0
      vertex 16.2322 23.2322 5
      vertex 16.414 23.0675 5
    endloop
  endfacet
  facet normal 0.671394 0.741101 0
    outer loop
      vertex 16.2322 23.2322 5
      vertex 16.414 23.0675 0
      vertex 16.2322 23.2322 0
    endloop
  endfacet
  facet normal -0.595754 -0.803167 0
    outer loop
      vertex 19.3889 27.0787 0
      vertex 19.586 26.9325 5
      vertex 19.3889 27.0787 5
    endloop
  endfacet
  facet normal -0.595754 -0.803167 -0
    outer loop
      vertex 19.586 26.9325 5
      vertex 19.3889 27.0787 0
      vertex 19.586 26.9325 0
    endloop
  endfacet
  facet normal 0.514076 0.857745 -0
    outer loop
      vertex 16.8215 22.7952 0
      vertex 16.6111 22.9213 5
      vertex 16.8215 22.7952 5
    endloop
  endfacet
  facet normal 0.514076 0.857745 0
    outer loop
      vertex 16.6111 22.9213 5
      vertex 16.8215 22.7952 0
      vertex 16.6111 22.9213 0
    endloop
  endfacet
  facet normal -0.514076 -0.857745 0
    outer loop
      vertex 19.1785 27.2048 0
      vertex 19.3889 27.0787 5
      vertex 19.1785 27.2048 5
    endloop
  endfacet
  facet normal -0.514076 -0.857745 -0
    outer loop
      vertex 19.3889 27.0787 5
      vertex 19.1785 27.2048 0
      vertex 19.3889 27.0787 0
    endloop
  endfacet
  facet normal -0.146726 0.989177 0
    outer loop
      vertex 18.4877 22.548 0
      vertex 18.245 22.512 5
      vertex 18.4877 22.548 5
    endloop
  endfacet
  facet normal -0.146726 0.989177 0
    outer loop
      vertex 18.245 22.512 5
      vertex 18.4877 22.548 0
      vertex 18.245 22.512 0
    endloop
  endfacet
  facet normal -0.941613 -0.336698 0
    outer loop
      vertex 20.3923 25.7257 0
      vertex 20.3097 25.9567 5
      vertex 20.3097 25.9567 0
    endloop
  endfacet
  facet normal -0.941613 -0.336698 0
    outer loop
      vertex 20.3097 25.9567 5
      vertex 20.3923 25.7257 0
      vertex 20.3923 25.7257 5
    endloop
  endfacet
  facet normal -0.857745 0.514076 0
    outer loop
      vertex 20.0787 23.6111 0
      vertex 20.2048 23.8215 5
      vertex 20.2048 23.8215 0
    endloop
  endfacet
  facet normal -0.857745 0.514076 0
    outer loop
      vertex 20.2048 23.8215 5
      vertex 20.0787 23.6111 0
      vertex 20.0787 23.6111 5
    endloop
  endfacet
  facet normal 0.998803 0.0489209 0
    outer loop
      vertex 15.512 24.755 5
      vertex 15.5 25 0
      vertex 15.5 25 5
    endloop
  endfacet
  facet normal 0.998803 0.0489209 0
    outer loop
      vertex 15.5 25 0
      vertex 15.512 24.755 5
      vertex 15.512 24.755 0
    endloop
  endfacet
  facet normal -0.941613 0.336698 0
    outer loop
      vertex 20.3097 24.0433 0
      vertex 20.3923 24.2743 5
      vertex 20.3923 24.2743 0
    endloop
  endfacet
  facet normal -0.941613 0.336698 0
    outer loop
      vertex 20.3923 24.2743 5
      vertex 20.3097 24.0433 0
      vertex 20.3097 24.0433 5
    endloop
  endfacet
  facet normal -0.741101 -0.671394 0
    outer loop
      vertex 19.9325 26.586 0
      vertex 19.7678 26.7678 5
      vertex 19.7678 26.7678 0
    endloop
  endfacet
  facet normal -0.741101 -0.671394 0
    outer loop
      vertex 19.7678 26.7678 5
      vertex 19.9325 26.586 0
      vertex 19.9325 26.586 5
    endloop
  endfacet
  facet normal -0.0489209 -0.998803 0
    outer loop
      vertex 18 27.5 0
      vertex 18.245 27.488 5
      vertex 18 27.5 5
    endloop
  endfacet
  facet normal -0.0489209 -0.998803 -0
    outer loop
      vertex 18.245 27.488 5
      vertex 18 27.5 0
      vertex 18.245 27.488 0
    endloop
  endfacet
  facet normal -0.903995 -0.427543 0
    outer loop
      vertex 20.3097 25.9567 0
      vertex 20.2048 26.1785 5
      vertex 20.2048 26.1785 0
    endloop
  endfacet
  facet normal -0.903995 -0.427543 0
    outer loop
      vertex 20.2048 26.1785 5
      vertex 20.3097 25.9567 0
      vertex 20.3097 25.9567 5
    endloop
  endfacet
  facet normal 0.146726 0.989177 -0
    outer loop
      vertex 17.755 22.512 0
      vertex 17.5123 22.548 5
      vertex 17.755 22.512 5
    endloop
  endfacet
  facet normal 0.146726 0.989177 0
    outer loop
      vertex 17.5123 22.548 5
      vertex 17.755 22.512 0
      vertex 17.5123 22.548 0
    endloop
  endfacet
  facet normal -0.671394 0.741101 0
    outer loop
      vertex 19.7678 23.2322 0
      vertex 19.586 23.0675 5
      vertex 19.7678 23.2322 5
    endloop
  endfacet
  facet normal -0.671394 0.741101 0
    outer loop
      vertex 19.586 23.0675 5
      vertex 19.7678 23.2322 0
      vertex 19.586 23.0675 0
    endloop
  endfacet
  facet normal -0.857745 -0.514076 0
    outer loop
      vertex 20.2048 26.1785 0
      vertex 20.0787 26.3889 5
      vertex 20.0787 26.3889 0
    endloop
  endfacet
  facet normal -0.857745 -0.514076 0
    outer loop
      vertex 20.0787 26.3889 5
      vertex 20.2048 26.1785 0
      vertex 20.2048 26.1785 5
    endloop
  endfacet
  facet normal 0.0489209 0.998803 -0
    outer loop
      vertex 18 22.5 0
      vertex 17.755 22.512 5
      vertex 18 22.5 5
    endloop
  endfacet
  facet normal 0.0489209 0.998803 0
    outer loop
      vertex 17.755 22.512 5
      vertex 18 22.5 0
      vertex 17.755 22.512 0
    endloop
  endfacet
  facet normal 0.741101 -0.671394 0
    outer loop
      vertex 16.0675 26.586 5
      vertex 16.2322 26.7678 0
      vertex 16.2322 26.7678 5
    endloop
  endfacet
  facet normal 0.741101 -0.671394 0
    outer loop
      vertex 16.2322 26.7678 0
      vertex 16.0675 26.586 5
      vertex 16.0675 26.586 0
    endloop
  endfacet
  facet normal 0.146726 -0.989177 0
    outer loop
      vertex 17.5123 27.452 0
      vertex 17.755 27.488 5
      vertex 17.5123 27.452 5
    endloop
  endfacet
  facet normal 0.146726 -0.989177 0
    outer loop
      vertex 17.755 27.488 5
      vertex 17.5123 27.452 0
      vertex 17.755 27.488 0
    endloop
  endfacet
  facet normal 0.903995 -0.427543 0
    outer loop
      vertex 15.6903 25.9567 5
      vertex 15.7952 26.1785 0
      vertex 15.7952 26.1785 5
    endloop
  endfacet
  facet normal 0.903995 -0.427543 0
    outer loop
      vertex 15.7952 26.1785 0
      vertex 15.6903 25.9567 5
      vertex 15.6903 25.9567 0
    endloop
  endfacet
  facet normal 0.970047 -0.242919 0
    outer loop
      vertex 15.548 25.4877 5
      vertex 15.6076 25.7257 0
      vertex 15.6076 25.7257 5
    endloop
  endfacet
  facet normal 0.970047 -0.242919 0
    outer loop
      vertex 15.6076 25.7257 0
      vertex 15.548 25.4877 5
      vertex 15.548 25.4877 0
    endloop
  endfacet
  facet normal -0.243303 -0.96995 0
    outer loop
      vertex 18.4877 27.452 0
      vertex 18.7257 27.3923 5
      vertex 18.4877 27.452 5
    endloop
  endfacet
  facet normal -0.243303 -0.96995 -0
    outer loop
      vertex 18.7257 27.3923 5
      vertex 18.4877 27.452 0
      vertex 18.7257 27.3923 0
    endloop
  endfacet
  facet normal 0.970047 0.242919 0
    outer loop
      vertex 15.6076 24.2743 5
      vertex 15.548 24.5123 0
      vertex 15.548 24.5123 5
    endloop
  endfacet
  facet normal 0.970047 0.242919 0
    outer loop
      vertex 15.548 24.5123 0
      vertex 15.6076 24.2743 5
      vertex 15.6076 24.2743 0
    endloop
  endfacet
  facet normal 0.427543 0.903995 -0
    outer loop
      vertex 17.0433 22.6903 0
      vertex 16.8215 22.7952 5
      vertex 17.0433 22.6903 5
    endloop
  endfacet
  facet normal 0.427543 0.903995 0
    outer loop
      vertex 16.8215 22.7952 5
      vertex 17.0433 22.6903 0
      vertex 16.8215 22.7952 0
    endloop
  endfacet
  facet normal 0.741101 0.671394 0
    outer loop
      vertex 16.2322 23.2322 5
      vertex 16.0675 23.414 0
      vertex 16.0675 23.414 5
    endloop
  endfacet
  facet normal 0.741101 0.671394 0
    outer loop
      vertex 16.0675 23.414 0
      vertex 16.2322 23.2322 5
      vertex 16.2322 23.2322 0
    endloop
  endfacet
  facet normal -0.427543 0.903995 0
    outer loop
      vertex 19.1785 22.7952 0
      vertex 18.9567 22.6903 5
      vertex 19.1785 22.7952 5
    endloop
  endfacet
  facet normal -0.427543 0.903995 0
    outer loop
      vertex 18.9567 22.6903 5
      vertex 19.1785 22.7952 0
      vertex 18.9567 22.6903 0
    endloop
  endfacet
  facet normal -0.0489209 0.998803 0
    outer loop
      vertex 18.245 22.512 0
      vertex 18 22.5 5
      vertex 18.245 22.512 5
    endloop
  endfacet
  facet normal -0.0489209 0.998803 0
    outer loop
      vertex 18 22.5 5
      vertex 18.245 22.512 0
      vertex 18 22.5 0
    endloop
  endfacet
  facet normal 0.989177 0.146726 0
    outer loop
      vertex 15.548 24.5123 5
      vertex 15.512 24.755 0
      vertex 15.512 24.755 5
    endloop
  endfacet
  facet normal 0.989177 0.146726 0
    outer loop
      vertex 15.512 24.755 0
      vertex 15.548 24.5123 5
      vertex 15.548 24.5123 0
    endloop
  endfacet
  facet normal -0.595754 0.803167 0
    outer loop
      vertex 19.586 23.0675 0
      vertex 19.3889 22.9213 5
      vertex 19.586 23.0675 5
    endloop
  endfacet
  facet normal -0.595754 0.803167 0
    outer loop
      vertex 19.3889 22.9213 5
      vertex 19.586 23.0675 0
      vertex 19.3889 22.9213 0
    endloop
  endfacet
  facet normal 0.803167 0.595754 0
    outer loop
      vertex 16.0675 23.414 5
      vertex 15.9213 23.6111 0
      vertex 15.9213 23.6111 5
    endloop
  endfacet
  facet normal 0.803167 0.595754 0
    outer loop
      vertex 15.9213 23.6111 0
      vertex 16.0675 23.414 5
      vertex 16.0675 23.414 0
    endloop
  endfacet
  facet normal 0.998803 -0.0489209 0
    outer loop
      vertex 15.5 25 5
      vertex 15.512 25.245 0
      vertex 15.512 25.245 5
    endloop
  endfacet
  facet normal 0.998803 -0.0489209 0
    outer loop
      vertex 15.512 25.245 0
      vertex 15.5 25 5
      vertex 15.5 25 0
    endloop
  endfacet
  facet normal -0.741101 0.671394 0
    outer loop
      vertex 19.7678 23.2322 0
      vertex 19.9325 23.414 5
      vertex 19.9325 23.414 0
    endloop
  endfacet
  facet normal -0.741101 0.671394 0
    outer loop
      vertex 19.9325 23.414 5
      vertex 19.7678 23.2322 0
      vertex 19.7678 23.2322 5
    endloop
  endfacet
  facet normal 0.336879 0.941548 -0
    outer loop
      vertex 30.2743 9.60765 0
      vertex 30.0433 9.6903 5
      vertex 30.2743 9.60765 5
    endloop
  endfacet
  facet normal 0.336879 0.941548 0
    outer loop
      vertex 30.0433 9.6903 5
      vertex 30.2743 9.60765 0
      vertex 30.0433 9.6903 0
    endloop
  endfacet
  facet normal -0.989177 -0.146726 0
    outer loop
      vertex 33.488 12.245 0
      vertex 33.452 12.4877 5
      vertex 33.452 12.4877 0
    endloop
  endfacet
  facet normal -0.989177 -0.146726 0
    outer loop
      vertex 33.452 12.4877 5
      vertex 33.488 12.245 0
      vertex 33.488 12.245 5
    endloop
  endfacet
  facet normal -0.998803 -0.0489209 0
    outer loop
      vertex 33.5 12 0
      vertex 33.488 12.245 5
      vertex 33.488 12.245 0
    endloop
  endfacet
  facet normal -0.998803 -0.0489209 0
    outer loop
      vertex 33.488 12.245 5
      vertex 33.5 12 0
      vertex 33.5 12 5
    endloop
  endfacet
  facet normal -0.96995 -0.243303 0
    outer loop
      vertex 33.452 12.4877 0
      vertex 33.3923 12.7257 5
      vertex 33.3923 12.7257 0
    endloop
  endfacet
  facet normal -0.96995 -0.243303 0
    outer loop
      vertex 33.3923 12.7257 5
      vertex 33.452 12.4877 0
      vertex 33.452 12.4877 5
    endloop
  endfacet
  facet normal 0.989177 -0.146726 0
    outer loop
      vertex 28.512 12.245 5
      vertex 28.548 12.4877 0
      vertex 28.548 12.4877 5
    endloop
  endfacet
  facet normal 0.989177 -0.146726 0
    outer loop
      vertex 28.548 12.4877 0
      vertex 28.512 12.245 5
      vertex 28.512 12.245 0
    endloop
  endfacet
  facet normal 0.242958 0.970037 -0
    outer loop
      vertex 30.5123 9.54804 0
      vertex 30.2743 9.60765 5
      vertex 30.5123 9.54804 5
    endloop
  endfacet
  facet normal 0.242958 0.970037 0
    outer loop
      vertex 30.2743 9.60765 5
      vertex 30.5123 9.54804 0
      vertex 30.2743 9.60765 0
    endloop
  endfacet
  facet normal -0.337059 -0.941483 0
    outer loop
      vertex 31.7257 14.3924 0
      vertex 31.9567 14.3097 5
      vertex 31.7257 14.3924 5
    endloop
  endfacet
  facet normal -0.337059 -0.941483 -0
    outer loop
      vertex 31.9567 14.3097 5
      vertex 31.7257 14.3924 0
      vertex 31.9567 14.3097 0
    endloop
  endfacet
  facet normal 0.514076 -0.857745 0
    outer loop
      vertex 29.6111 14.0787 0
      vertex 29.8215 14.2048 5
      vertex 29.6111 14.0787 5
    endloop
  endfacet
  facet normal 0.514076 -0.857745 0
    outer loop
      vertex 29.8215 14.2048 5
      vertex 29.6111 14.0787 0
      vertex 29.8215 14.2048 0
    endloop
  endfacet
  facet normal 0.903995 0.427543 0
    outer loop
      vertex 28.7952 10.8215 5
      vertex 28.6903 11.0433 0
      vertex 28.6903 11.0433 5
    endloop
  endfacet
  facet normal 0.903995 0.427543 0
    outer loop
      vertex 28.6903 11.0433 0
      vertex 28.7952 10.8215 5
      vertex 28.7952 10.8215 0
    endloop
  endfacet
  facet normal 0.242919 -0.970047 0
    outer loop
      vertex 30.2743 14.3924 0
      vertex 30.5123 14.452 5
      vertex 30.2743 14.3924 5
    endloop
  endfacet
  facet normal 0.242919 -0.970047 0
    outer loop
      vertex 30.5123 14.452 5
      vertex 30.2743 14.3924 0
      vertex 30.5123 14.452 0
    endloop
  endfacet
  facet normal 0.857745 0.514076 0
    outer loop
      vertex 28.9213 10.6111 5
      vertex 28.7952 10.8215 0
      vertex 28.7952 10.8215 5
    endloop
  endfacet
  facet normal 0.857745 0.514076 0
    outer loop
      vertex 28.7952 10.8215 0
      vertex 28.9213 10.6111 5
      vertex 28.9213 10.6111 0
    endloop
  endfacet
  facet normal -0.242958 0.970037 0
    outer loop
      vertex 31.7257 9.60765 0
      vertex 31.4877 9.54804 5
      vertex 31.7257 9.60765 5
    endloop
  endfacet
  facet normal -0.242958 0.970037 0
    outer loop
      vertex 31.4877 9.54804 5
      vertex 31.7257 9.60765 0
      vertex 31.4877 9.54804 0
    endloop
  endfacet
  facet normal 0.595675 0.803226 -0
    outer loop
      vertex 29.6111 9.92133 0
      vertex 29.414 10.0675 5
      vertex 29.6111 9.92133 5
    endloop
  endfacet
  facet normal 0.595675 0.803226 0
    outer loop
      vertex 29.414 10.0675 5
      vertex 29.6111 9.92133 0
      vertex 29.414 10.0675 0
    endloop
  endfacet
  facet normal -0.514166 0.857691 0
    outer loop
      vertex 32.3889 9.92133 0
      vertex 32.1785 9.7952 5
      vertex 32.3889 9.92133 5
    endloop
  endfacet
  facet normal -0.514166 0.857691 0
    outer loop
      vertex 32.1785 9.7952 5
      vertex 32.3889 9.92133 0
      vertex 32.1785 9.7952 0
    endloop
  endfacet
  facet normal -0.803167 0.595754 0
    outer loop
      vertex 32.9325 10.414 0
      vertex 33.0787 10.6111 5
      vertex 33.0787 10.6111 0
    endloop
  endfacet
  facet normal -0.803167 0.595754 0
    outer loop
      vertex 33.0787 10.6111 5
      vertex 32.9325 10.414 0
      vertex 32.9325 10.414 5
    endloop
  endfacet
  facet normal -0.146726 -0.989177 0
    outer loop
      vertex 31.245 14.488 0
      vertex 31.4877 14.452 5
      vertex 31.245 14.488 5
    endloop
  endfacet
  facet normal -0.146726 -0.989177 -0
    outer loop
      vertex 31.4877 14.452 5
      vertex 31.245 14.488 0
      vertex 31.4877 14.452 0
    endloop
  endfacet
  facet normal 0.595754 -0.803167 0
    outer loop
      vertex 29.414 13.9325 0
      vertex 29.6111 14.0787 5
      vertex 29.414 13.9325 5
    endloop
  endfacet
  facet normal 0.595754 -0.803167 0
    outer loop
      vertex 29.6111 14.0787 5
      vertex 29.414 13.9325 0
      vertex 29.6111 14.0787 0
    endloop
  endfacet
  facet normal -0.427543 0.903995 0
    outer loop
      vertex 32.1785 9.7952 0
      vertex 31.9567 9.6903 5
      vertex 32.1785 9.7952 5
    endloop
  endfacet
  facet normal -0.427543 0.903995 0
    outer loop
      vertex 31.9567 9.6903 5
      vertex 32.1785 9.7952 0
      vertex 31.9567 9.6903 0
    endloop
  endfacet
  facet normal 0.803167 -0.595754 0
    outer loop
      vertex 28.9213 13.3889 5
      vertex 29.0675 13.586 0
      vertex 29.0675 13.586 5
    endloop
  endfacet
  facet normal 0.803167 -0.595754 0
    outer loop
      vertex 29.0675 13.586 0
      vertex 28.9213 13.3889 5
      vertex 28.9213 13.3889 0
    endloop
  endfacet
  facet normal -0.989177 0.146726 0
    outer loop
      vertex 33.452 11.5123 0
      vertex 33.488 11.755 5
      vertex 33.488 11.755 0
    endloop
  endfacet
  facet normal -0.989177 0.146726 0
    outer loop
      vertex 33.488 11.755 5
      vertex 33.452 11.5123 0
      vertex 33.452 11.5123 5
    endloop
  endfacet
  facet normal 0.941483 -0.337059 0
    outer loop
      vertex 28.6076 12.7257 5
      vertex 28.6903 12.9567 0
      vertex 28.6903 12.9567 5
    endloop
  endfacet
  facet normal 0.941483 -0.337059 0
    outer loop
      vertex 28.6903 12.9567 0
      vertex 28.6076 12.7257 5
      vertex 28.6076 12.7257 0
    endloop
  endfacet
  facet normal -0.427543 -0.903995 0
    outer loop
      vertex 31.9567 14.3097 0
      vertex 32.1785 14.2048 5
      vertex 31.9567 14.3097 5
    endloop
  endfacet
  facet normal -0.427543 -0.903995 -0
    outer loop
      vertex 32.1785 14.2048 5
      vertex 31.9567 14.3097 0
      vertex 32.1785 14.2048 0
    endloop
  endfacet
  facet normal 0.941483 0.337059 0
    outer loop
      vertex 28.6903 11.0433 5
      vertex 28.6076 11.2743 0
      vertex 28.6076 11.2743 5
    endloop
  endfacet
  facet normal 0.941483 0.337059 0
    outer loop
      vertex 28.6076 11.2743 0
      vertex 28.6903 11.0433 5
      vertex 28.6903 11.0433 0
    endloop
  endfacet
  facet normal -0.96995 0.243303 0
    outer loop
      vertex 33.3923 11.2743 0
      vertex 33.452 11.5123 5
      vertex 33.452 11.5123 0
    endloop
  endfacet
  facet normal -0.96995 0.243303 0
    outer loop
      vertex 33.452 11.5123 5
      vertex 33.3923 11.2743 0
      vertex 33.3923 11.2743 5
    endloop
  endfacet
  facet normal 0.0489209 -0.998803 0
    outer loop
      vertex 30.755 14.488 0
      vertex 31 14.5 5
      vertex 30.755 14.488 5
    endloop
  endfacet
  facet normal 0.0489209 -0.998803 0
    outer loop
      vertex 31 14.5 5
      vertex 30.755 14.488 0
      vertex 31 14.5 0
    endloop
  endfacet
  facet normal -0.671394 -0.741101 0
    outer loop
      vertex 32.586 13.9325 0
      vertex 32.7678 13.7678 5
      vertex 32.586 13.9325 5
    endloop
  endfacet
  facet normal -0.671394 -0.741101 -0
    outer loop
      vertex 32.7678 13.7678 5
      vertex 32.586 13.9325 0
      vertex 32.7678 13.7678 0
    endloop
  endfacet
  facet normal 0.427543 -0.903995 0
    outer loop
      vertex 29.8215 14.2048 0
      vertex 30.0433 14.3097 5
      vertex 29.8215 14.2048 5
    endloop
  endfacet
  facet normal 0.427543 -0.903995 0
    outer loop
      vertex 30.0433 14.3097 5
      vertex 29.8215 14.2048 0
      vertex 30.0433 14.3097 0
    endloop
  endfacet
  facet normal 0.671394 -0.741101 0
    outer loop
      vertex 29.2322 13.7678 0
      vertex 29.414 13.9325 5
      vertex 29.2322 13.7678 5
    endloop
  endfacet
  facet normal 0.671394 -0.741101 0
    outer loop
      vertex 29.414 13.9325 5
      vertex 29.2322 13.7678 0
      vertex 29.414 13.9325 0
    endloop
  endfacet
  facet normal -0.336879 0.941548 0
    outer loop
      vertex 31.9567 9.6903 0
      vertex 31.7257 9.60765 5
      vertex 31.9567 9.6903 5
    endloop
  endfacet
  facet normal -0.336879 0.941548 0
    outer loop
      vertex 31.7257 9.60765 5
      vertex 31.9567 9.6903 0
      vertex 31.7257 9.60765 0
    endloop
  endfacet
  facet normal 0.337059 -0.941483 0
    outer loop
      vertex 30.0433 14.3097 0
      vertex 30.2743 14.3924 5
      vertex 30.0433 14.3097 5
    endloop
  endfacet
  facet normal 0.337059 -0.941483 0
    outer loop
      vertex 30.2743 14.3924 5
      vertex 30.0433 14.3097 0
      vertex 30.2743 14.3924 0
    endloop
  endfacet
  facet normal -0.803167 -0.595754 0
    outer loop
      vertex 33.0787 13.3889 0
      vertex 32.9325 13.586 5
      vertex 32.9325 13.586 0
    endloop
  endfacet
  facet normal -0.803167 -0.595754 0
    outer loop
      vertex 32.9325 13.586 5
      vertex 33.0787 13.3889 0
      vertex 33.0787 13.3889 5
    endloop
  endfacet
  facet normal 0.857745 -0.514076 0
    outer loop
      vertex 28.7952 13.1785 5
      vertex 28.9213 13.3889 0
      vertex 28.9213 13.3889 5
    endloop
  endfacet
  facet normal 0.857745 -0.514076 0
    outer loop
      vertex 28.9213 13.3889 0
      vertex 28.7952 13.1785 5
      vertex 28.7952 13.1785 0
    endloop
  endfacet
  facet normal -0.998803 0.0489209 0
    outer loop
      vertex 33.488 11.755 0
      vertex 33.5 12 5
      vertex 33.5 12 0
    endloop
  endfacet
  facet normal -0.998803 0.0489209 0
    outer loop
      vertex 33.5 12 5
      vertex 33.488 11.755 0
      vertex 33.488 11.755 5
    endloop
  endfacet
  facet normal -0.903995 0.427543 0
    outer loop
      vertex 33.2048 10.8215 0
      vertex 33.3097 11.0433 5
      vertex 33.3097 11.0433 0
    endloop
  endfacet
  facet normal -0.903995 0.427543 0
    outer loop
      vertex 33.3097 11.0433 5
      vertex 33.2048 10.8215 0
      vertex 33.2048 10.8215 5
    endloop
  endfacet
  facet normal -0.857745 -0.514076 0
    outer loop
      vertex 33.2048 13.1785 0
      vertex 33.0787 13.3889 5
      vertex 33.0787 13.3889 0
    endloop
  endfacet
  facet normal -0.857745 -0.514076 0
    outer loop
      vertex 33.0787 13.3889 5
      vertex 33.2048 13.1785 0
      vertex 33.2048 13.1785 5
    endloop
  endfacet
  facet normal 0.671394 0.741101 -0
    outer loop
      vertex 29.414 10.0675 0
      vertex 29.2322 10.2322 5
      vertex 29.414 10.0675 5
    endloop
  endfacet
  facet normal 0.671394 0.741101 0
    outer loop
      vertex 29.2322 10.2322 5
      vertex 29.414 10.0675 0
      vertex 29.2322 10.2322 0
    endloop
  endfacet
  facet normal -0.595754 -0.803167 0
    outer loop
      vertex 32.3889 14.0787 0
      vertex 32.586 13.9325 5
      vertex 32.3889 14.0787 5
    endloop
  endfacet
  facet normal -0.595754 -0.803167 -0
    outer loop
      vertex 32.586 13.9325 5
      vertex 32.3889 14.0787 0
      vertex 32.586 13.9325 0
    endloop
  endfacet
  facet normal 0.514166 0.857691 -0
    outer loop
      vertex 29.8215 9.7952 0
      vertex 29.6111 9.92133 5
      vertex 29.8215 9.7952 5
    endloop
  endfacet
  facet normal 0.514166 0.857691 0
    outer loop
      vertex 29.6111 9.92133 5
      vertex 29.8215 9.7952 0
      vertex 29.6111 9.92133 0
    endloop
  endfacet
  facet normal -0.514076 -0.857745 0
    outer loop
      vertex 32.1785 14.2048 0
      vertex 32.3889 14.0787 5
      vertex 32.1785 14.2048 5
    endloop
  endfacet
  facet normal -0.514076 -0.857745 -0
    outer loop
      vertex 32.3889 14.0787 5
      vertex 32.1785 14.2048 0
      vertex 32.3889 14.0787 0
    endloop
  endfacet
  facet normal -0.146726 0.989177 0
    outer loop
      vertex 31.4877 9.54804 0
      vertex 31.245 9.51204 5
      vertex 31.4877 9.54804 5
    endloop
  endfacet
  facet normal -0.146726 0.989177 0
    outer loop
      vertex 31.245 9.51204 5
      vertex 31.4877 9.54804 0
      vertex 31.245 9.51204 0
    endloop
  endfacet
  facet normal -0.941613 -0.336698 0
    outer loop
      vertex 33.3923 12.7257 0
      vertex 33.3097 12.9567 5
      vertex 33.3097 12.9567 0
    endloop
  endfacet
  facet normal -0.941613 -0.336698 0
    outer loop
      vertex 33.3097 12.9567 5
      vertex 33.3923 12.7257 0
      vertex 33.3923 12.7257 5
    endloop
  endfacet
  facet normal -0.857745 0.514076 0
    outer loop
      vertex 33.0787 10.6111 0
      vertex 33.2048 10.8215 5
      vertex 33.2048 10.8215 0
    endloop
  endfacet
  facet normal -0.857745 0.514076 0
    outer loop
      vertex 33.2048 10.8215 5
      vertex 33.0787 10.6111 0
      vertex 33.0787 10.6111 5
    endloop
  endfacet
  facet normal 0.998803 0.0489209 0
    outer loop
      vertex 28.512 11.755 5
      vertex 28.5 12 0
      vertex 28.5 12 5
    endloop
  endfacet
  facet normal 0.998803 0.0489209 0
    outer loop
      vertex 28.5 12 0
      vertex 28.512 11.755 5
      vertex 28.512 11.755 0
    endloop
  endfacet
  facet normal -0.941613 0.336698 0
    outer loop
      vertex 33.3097 11.0433 0
      vertex 33.3923 11.2743 5
      vertex 33.3923 11.2743 0
    endloop
  endfacet
  facet normal -0.941613 0.336698 0
    outer loop
      vertex 33.3923 11.2743 5
      vertex 33.3097 11.0433 0
      vertex 33.3097 11.0433 5
    endloop
  endfacet
  facet normal -0.741101 -0.671394 0
    outer loop
      vertex 32.9325 13.586 0
      vertex 32.7678 13.7678 5
      vertex 32.7678 13.7678 0
    endloop
  endfacet
  facet normal -0.741101 -0.671394 0
    outer loop
      vertex 32.7678 13.7678 5
      vertex 32.9325 13.586 0
      vertex 32.9325 13.586 5
    endloop
  endfacet
  facet normal -0.0489209 -0.998803 0
    outer loop
      vertex 31 14.5 0
      vertex 31.245 14.488 5
      vertex 31 14.5 5
    endloop
  endfacet
  facet normal -0.0489209 -0.998803 -0
    outer loop
      vertex 31.245 14.488 5
      vertex 31 14.5 0
      vertex 31.245 14.488 0
    endloop
  endfacet
  facet normal -0.903995 -0.427543 0
    outer loop
      vertex 33.3097 12.9567 0
      vertex 33.2048 13.1785 5
      vertex 33.2048 13.1785 0
    endloop
  endfacet
  facet normal -0.903995 -0.427543 0
    outer loop
      vertex 33.2048 13.1785 5
      vertex 33.3097 12.9567 0
      vertex 33.3097 12.9567 5
    endloop
  endfacet
  facet normal 0.146726 0.989177 -0
    outer loop
      vertex 30.755 9.51204 0
      vertex 30.5123 9.54804 5
      vertex 30.755 9.51204 5
    endloop
  endfacet
  facet normal 0.146726 0.989177 0
    outer loop
      vertex 30.5123 9.54804 5
      vertex 30.755 9.51204 0
      vertex 30.5123 9.54804 0
    endloop
  endfacet
  facet normal -0.671394 0.741101 0
    outer loop
      vertex 32.7678 10.2322 0
      vertex 32.586 10.0675 5
      vertex 32.7678 10.2322 5
    endloop
  endfacet
  facet normal -0.671394 0.741101 0
    outer loop
      vertex 32.586 10.0675 5
      vertex 32.7678 10.2322 0
      vertex 32.586 10.0675 0
    endloop
  endfacet
  facet normal 0.0490836 0.998795 -0
    outer loop
      vertex 31 9.5 0
      vertex 30.755 9.51204 5
      vertex 31 9.5 5
    endloop
  endfacet
  facet normal 0.0490836 0.998795 0
    outer loop
      vertex 30.755 9.51204 5
      vertex 31 9.5 0
      vertex 30.755 9.51204 0
    endloop
  endfacet
  facet normal 0.741101 -0.671394 0
    outer loop
      vertex 29.0675 13.586 5
      vertex 29.2322 13.7678 0
      vertex 29.2322 13.7678 5
    endloop
  endfacet
  facet normal 0.741101 -0.671394 0
    outer loop
      vertex 29.2322 13.7678 0
      vertex 29.0675 13.586 5
      vertex 29.0675 13.586 0
    endloop
  endfacet
  facet normal 0.146726 -0.989177 0
    outer loop
      vertex 30.5123 14.452 0
      vertex 30.755 14.488 5
      vertex 30.5123 14.452 5
    endloop
  endfacet
  facet normal 0.146726 -0.989177 0
    outer loop
      vertex 30.755 14.488 5
      vertex 30.5123 14.452 0
      vertex 30.755 14.488 0
    endloop
  endfacet
  facet normal 0.903995 -0.427543 0
    outer loop
      vertex 28.6903 12.9567 5
      vertex 28.7952 13.1785 0
      vertex 28.7952 13.1785 5
    endloop
  endfacet
  facet normal 0.903995 -0.427543 0
    outer loop
      vertex 28.7952 13.1785 0
      vertex 28.6903 12.9567 5
      vertex 28.6903 12.9567 0
    endloop
  endfacet
  facet normal 0.970047 -0.242919 0
    outer loop
      vertex 28.548 12.4877 5
      vertex 28.6076 12.7257 0
      vertex 28.6076 12.7257 5
    endloop
  endfacet
  facet normal 0.970047 -0.242919 0
    outer loop
      vertex 28.6076 12.7257 0
      vertex 28.548 12.4877 5
      vertex 28.548 12.4877 0
    endloop
  endfacet
  facet normal -0.242919 -0.970047 0
    outer loop
      vertex 31.4877 14.452 0
      vertex 31.7257 14.3924 5
      vertex 31.4877 14.452 5
    endloop
  endfacet
  facet normal -0.242919 -0.970047 -0
    outer loop
      vertex 31.7257 14.3924 5
      vertex 31.4877 14.452 0
      vertex 31.7257 14.3924 0
    endloop
  endfacet
  facet normal 0.970047 0.242919 0
    outer loop
      vertex 28.6076 11.2743 5
      vertex 28.548 11.5123 0
      vertex 28.548 11.5123 5
    endloop
  endfacet
  facet normal 0.970047 0.242919 0
    outer loop
      vertex 28.548 11.5123 0
      vertex 28.6076 11.2743 5
      vertex 28.6076 11.2743 0
    endloop
  endfacet
  facet normal 0.427543 0.903995 -0
    outer loop
      vertex 30.0433 9.6903 0
      vertex 29.8215 9.7952 5
      vertex 30.0433 9.6903 5
    endloop
  endfacet
  facet normal 0.427543 0.903995 0
    outer loop
      vertex 29.8215 9.7952 5
      vertex 30.0433 9.6903 0
      vertex 29.8215 9.7952 0
    endloop
  endfacet
  facet normal 0.741101 0.671394 0
    outer loop
      vertex 29.2322 10.2322 5
      vertex 29.0675 10.414 0
      vertex 29.0675 10.414 5
    endloop
  endfacet
  facet normal 0.741101 0.671394 0
    outer loop
      vertex 29.0675 10.414 0
      vertex 29.2322 10.2322 5
      vertex 29.2322 10.2322 0
    endloop
  endfacet
  facet normal -0.0490836 0.998795 0
    outer loop
      vertex 31.245 9.51204 0
      vertex 31 9.5 5
      vertex 31.245 9.51204 5
    endloop
  endfacet
  facet normal -0.0490836 0.998795 0
    outer loop
      vertex 31 9.5 5
      vertex 31.245 9.51204 0
      vertex 31 9.5 0
    endloop
  endfacet
  facet normal 0.989177 0.146726 0
    outer loop
      vertex 28.548 11.5123 5
      vertex 28.512 11.755 0
      vertex 28.512 11.755 5
    endloop
  endfacet
  facet normal 0.989177 0.146726 0
    outer loop
      vertex 28.512 11.755 0
      vertex 28.548 11.5123 5
      vertex 28.548 11.5123 0
    endloop
  endfacet
  facet normal -0.595675 0.803226 0
    outer loop
      vertex 32.586 10.0675 0
      vertex 32.3889 9.92133 5
      vertex 32.586 10.0675 5
    endloop
  endfacet
  facet normal -0.595675 0.803226 0
    outer loop
      vertex 32.3889 9.92133 5
      vertex 32.586 10.0675 0
      vertex 32.3889 9.92133 0
    endloop
  endfacet
  facet normal 0.803167 0.595754 0
    outer loop
      vertex 29.0675 10.414 5
      vertex 28.9213 10.6111 0
      vertex 28.9213 10.6111 5
    endloop
  endfacet
  facet normal 0.803167 0.595754 0
    outer loop
      vertex 28.9213 10.6111 0
      vertex 29.0675 10.414 5
      vertex 29.0675 10.414 0
    endloop
  endfacet
  facet normal 0.998803 -0.0489209 0
    outer loop
      vertex 28.5 12 5
      vertex 28.512 12.245 0
      vertex 28.512 12.245 5
    endloop
  endfacet
  facet normal 0.998803 -0.0489209 0
    outer loop
      vertex 28.512 12.245 0
      vertex 28.5 12 5
      vertex 28.5 12 0
    endloop
  endfacet
  facet normal -0.741101 0.671394 0
    outer loop
      vertex 32.7678 10.2322 0
      vertex 32.9325 10.414 5
      vertex 32.9325 10.414 0
    endloop
  endfacet
  facet normal -0.741101 0.671394 0
    outer loop
      vertex 32.9325 10.414 5
      vertex 32.7678 10.2322 0
      vertex 32.7678 10.2322 5
    endloop
  endfacet
  facet normal 0.337059 0.941483 -0
    outer loop
      vertex 30.2743 22.6076 0
      vertex 30.0433 22.6903 5.9
      vertex 30.2743 22.6076 5.9
    endloop
  endfacet
  facet normal 0.337059 0.941483 0
    outer loop
      vertex 30.0433 22.6903 5.9
      vertex 30.2743 22.6076 0
      vertex 30.0433 22.6903 0
    endloop
  endfacet
  facet normal -0.989177 -0.146726 0
    outer loop
      vertex 33.488 25.245 0
      vertex 33.452 25.4877 5
      vertex 33.452 25.4877 0
    endloop
  endfacet
  facet normal -0.989177 -0.146726 0
    outer loop
      vertex 33.452 25.4877 5
      vertex 33.488 25.245 0
      vertex 33.488 25.245 5
    endloop
  endfacet
  facet normal -0.998803 -0.0489209 0
    outer loop
      vertex 33.5 25 0
      vertex 33.488 25.245 5
      vertex 33.488 25.245 0
    endloop
  endfacet
  facet normal -0.998803 -0.0489209 0
    outer loop
      vertex 33.488 25.245 5
      vertex 33.5 25 0
      vertex 33.5 25 5
    endloop
  endfacet
  facet normal -0.96995 -0.243303 0
    outer loop
      vertex 33.452 25.4877 0
      vertex 33.3923 25.7257 5
      vertex 33.3923 25.7257 0
    endloop
  endfacet
  facet normal -0.96995 -0.243303 0
    outer loop
      vertex 33.3923 25.7257 5
      vertex 33.452 25.4877 0
      vertex 33.452 25.4877 5
    endloop
  endfacet
  facet normal 0.989177 -0.146726 0
    outer loop
      vertex 28.512 25.245 5
      vertex 28.548 25.4877 0
      vertex 28.548 25.4877 5
    endloop
  endfacet
  facet normal 0.989177 -0.146726 0
    outer loop
      vertex 28.548 25.4877 0
      vertex 28.512 25.245 5
      vertex 28.512 25.245 0
    endloop
  endfacet
  facet normal 0.242919 0.970047 -0
    outer loop
      vertex 30.5123 22.548 0
      vertex 30.2743 22.6076 5.9
      vertex 30.5123 22.548 5.9
    endloop
  endfacet
  facet normal 0.242919 0.970047 0
    outer loop
      vertex 30.2743 22.6076 5.9
      vertex 30.5123 22.548 0
      vertex 30.2743 22.6076 0
    endloop
  endfacet
  facet normal -0.336698 -0.941613 0
    outer loop
      vertex 31.7257 27.3923 0
      vertex 31.9567 27.3097 5
      vertex 31.7257 27.3923 5
    endloop
  endfacet
  facet normal -0.336698 -0.941613 -0
    outer loop
      vertex 31.9567 27.3097 5
      vertex 31.7257 27.3923 0
      vertex 31.9567 27.3097 0
    endloop
  endfacet
  facet normal 0.514076 -0.857745 0
    outer loop
      vertex 29.6111 27.0787 0
      vertex 29.8215 27.2048 5
      vertex 29.6111 27.0787 5
    endloop
  endfacet
  facet normal 0.514076 -0.857745 0
    outer loop
      vertex 29.8215 27.2048 5
      vertex 29.6111 27.0787 0
      vertex 29.8215 27.2048 0
    endloop
  endfacet
  facet normal 0.903995 0.427543 0
    outer loop
      vertex 28.7952 23.8215 5
      vertex 28.6903 24.0433 0
      vertex 28.6903 24.0433 5
    endloop
  endfacet
  facet normal 0.903995 0.427543 0
    outer loop
      vertex 28.6903 24.0433 0
      vertex 28.7952 23.8215 5
      vertex 28.7952 23.8215 0
    endloop
  endfacet
  facet normal 0.243303 -0.96995 0
    outer loop
      vertex 30.2743 27.3923 0
      vertex 30.5123 27.452 5
      vertex 30.2743 27.3923 5
    endloop
  endfacet
  facet normal 0.243303 -0.96995 0
    outer loop
      vertex 30.5123 27.452 5
      vertex 30.2743 27.3923 0
      vertex 30.5123 27.452 0
    endloop
  endfacet
  facet normal 0.857773 0.514028 0
    outer loop
      vertex 28.8081 23.8 5.9
      vertex 28.9213 23.6111 5.9
      vertex 28.8081 23.8 5
    endloop
  endfacet
  facet normal 0.857493 0.514496 0
    outer loop
      vertex 28.8081 23.8 5
      vertex 28.7952 23.8215 0
      vertex 28.7952 23.8215 5
    endloop
  endfacet
  facet normal 0.857773 0.514028 -0
    outer loop
      vertex 28.9213 23.6111 0
      vertex 28.8081 23.8 5
      vertex 28.9213 23.6111 5.9
    endloop
  endfacet
  facet normal 0.857745 0.514076 -2.45419e-06
    outer loop
      vertex 28.8081 23.8 5
      vertex 28.9213 23.6111 0
      vertex 28.7952 23.8215 0
    endloop
  endfacet
  facet normal -0.242919 0.970047 0
    outer loop
      vertex 31.7257 22.6076 0
      vertex 31.4877 22.548 5.9
      vertex 31.7257 22.6076 5.9
    endloop
  endfacet
  facet normal -0.242919 0.970047 0
    outer loop
      vertex 31.4877 22.548 5.9
      vertex 31.7257 22.6076 0
      vertex 31.4877 22.548 0
    endloop
  endfacet
  facet normal 0.595754 0.803167 -0
    outer loop
      vertex 29.6111 22.9213 0
      vertex 29.414 23.0675 5.9
      vertex 29.6111 22.9213 5.9
    endloop
  endfacet
  facet normal 0.595754 0.803167 0
    outer loop
      vertex 29.414 23.0675 5.9
      vertex 29.6111 22.9213 0
      vertex 29.414 23.0675 0
    endloop
  endfacet
  facet normal -0.514076 0.857745 0
    outer loop
      vertex 32.3889 22.9213 0
      vertex 32.1785 22.7952 5.9
      vertex 32.3889 22.9213 5.9
    endloop
  endfacet
  facet normal -0.514076 0.857745 0
    outer loop
      vertex 32.1785 22.7952 5.9
      vertex 32.3889 22.9213 0
      vertex 32.1785 22.7952 0
    endloop
  endfacet
  facet normal -0.803167 0.595754 0
    outer loop
      vertex 32.9325 23.414 0
      vertex 33.0787 23.6111 5.9
      vertex 33.0787 23.6111 0
    endloop
  endfacet
  facet normal -0.803167 0.595754 0
    outer loop
      vertex 33.0787 23.6111 5.9
      vertex 32.9325 23.414 0
      vertex 32.9325 23.414 5.9
    endloop
  endfacet
  facet normal -0.146726 -0.989177 0
    outer loop
      vertex 31.245 27.488 0
      vertex 31.4877 27.452 5
      vertex 31.245 27.488 5
    endloop
  endfacet
  facet normal -0.146726 -0.989177 -0
    outer loop
      vertex 31.4877 27.452 5
      vertex 31.245 27.488 0
      vertex 31.4877 27.452 0
    endloop
  endfacet
  facet normal 0.595754 -0.803167 0
    outer loop
      vertex 29.414 26.9325 0
      vertex 29.6111 27.0787 5
      vertex 29.414 26.9325 5
    endloop
  endfacet
  facet normal 0.595754 -0.803167 0
    outer loop
      vertex 29.6111 27.0787 5
      vertex 29.414 26.9325 0
      vertex 29.6111 27.0787 0
    endloop
  endfacet
  facet normal 0.803167 -0.595754 0
    outer loop
      vertex 28.9213 26.3889 5
      vertex 29.0675 26.586 0
      vertex 29.0675 26.586 5
    endloop
  endfacet
  facet normal 0.803167 -0.595754 0
    outer loop
      vertex 29.0675 26.586 0
      vertex 28.9213 26.3889 5
      vertex 28.9213 26.3889 0
    endloop
  endfacet
  facet normal -0.989177 0.146726 0
    outer loop
      vertex 33.452 24.5123 0
      vertex 33.488 24.755 5
      vertex 33.488 24.755 0
    endloop
  endfacet
  facet normal -0.989177 0.146726 0
    outer loop
      vertex 33.488 24.755 5
      vertex 33.452 24.5123 0
      vertex 33.452 24.5123 5
    endloop
  endfacet
  facet normal 0.941483 -0.337059 0
    outer loop
      vertex 28.6076 25.7257 5
      vertex 28.6903 25.9567 0
      vertex 28.6903 25.9567 5
    endloop
  endfacet
  facet normal 0.941483 -0.337059 0
    outer loop
      vertex 28.6903 25.9567 0
      vertex 28.6076 25.7257 5
      vertex 28.6076 25.7257 0
    endloop
  endfacet
  facet normal -0.427543 -0.903995 0
    outer loop
      vertex 31.9567 27.3097 0
      vertex 32.1785 27.2048 5
      vertex 31.9567 27.3097 5
    endloop
  endfacet
  facet normal -0.427543 -0.903995 -0
    outer loop
      vertex 32.1785 27.2048 5
      vertex 31.9567 27.3097 0
      vertex 32.1785 27.2048 0
    endloop
  endfacet
  facet normal 0.941483 0.337059 0
    outer loop
      vertex 28.6903 24.0433 5
      vertex 28.6076 24.2743 0
      vertex 28.6076 24.2743 5
    endloop
  endfacet
  facet normal 0.941483 0.337059 0
    outer loop
      vertex 28.6076 24.2743 0
      vertex 28.6903 24.0433 5
      vertex 28.6903 24.0433 0
    endloop
  endfacet
  facet normal -0.96995 0.243303 0
    outer loop
      vertex 33.3923 24.2743 0
      vertex 33.452 24.5123 5
      vertex 33.452 24.5123 0
    endloop
  endfacet
  facet normal -0.96995 0.243303 0
    outer loop
      vertex 33.452 24.5123 5
      vertex 33.3923 24.2743 0
      vertex 33.3923 24.2743 5
    endloop
  endfacet
  facet normal 0.0489209 -0.998803 0
    outer loop
      vertex 30.755 27.488 0
      vertex 31 27.5 5
      vertex 30.755 27.488 5
    endloop
  endfacet
  facet normal 0.0489209 -0.998803 0
    outer loop
      vertex 31 27.5 5
      vertex 30.755 27.488 0
      vertex 31 27.5 0
    endloop
  endfacet
  facet normal -0.671394 -0.741101 0
    outer loop
      vertex 32.586 26.9325 0
      vertex 32.7678 26.7678 5
      vertex 32.586 26.9325 5
    endloop
  endfacet
  facet normal -0.671394 -0.741101 -0
    outer loop
      vertex 32.7678 26.7678 5
      vertex 32.586 26.9325 0
      vertex 32.7678 26.7678 0
    endloop
  endfacet
  facet normal 0.427543 -0.903995 0
    outer loop
      vertex 29.8215 27.2048 0
      vertex 30.0433 27.3097 5
      vertex 29.8215 27.2048 5
    endloop
  endfacet
  facet normal 0.427543 -0.903995 0
    outer loop
      vertex 30.0433 27.3097 5
      vertex 29.8215 27.2048 0
      vertex 30.0433 27.3097 0
    endloop
  endfacet
  facet normal 0.671394 -0.741101 0
    outer loop
      vertex 29.2322 26.7678 0
      vertex 29.414 26.9325 5
      vertex 29.2322 26.7678 5
    endloop
  endfacet
  facet normal 0.671394 -0.741101 0
    outer loop
      vertex 29.414 26.9325 5
      vertex 29.2322 26.7678 0
      vertex 29.414 26.9325 0
    endloop
  endfacet
  facet normal -0.337059 0.941483 0
    outer loop
      vertex 31.9567 22.6903 0
      vertex 31.7257 22.6076 5.9
      vertex 31.9567 22.6903 5.9
    endloop
  endfacet
  facet normal -0.337059 0.941483 0
    outer loop
      vertex 31.7257 22.6076 5.9
      vertex 31.9567 22.6903 0
      vertex 31.7257 22.6076 0
    endloop
  endfacet
  facet normal 0.336698 -0.941613 0
    outer loop
      vertex 30.0433 27.3097 0
      vertex 30.2743 27.3923 5
      vertex 30.0433 27.3097 5
    endloop
  endfacet
  facet normal 0.336698 -0.941613 0
    outer loop
      vertex 30.2743 27.3923 5
      vertex 30.0433 27.3097 0
      vertex 30.2743 27.3923 0
    endloop
  endfacet
  facet normal -0.803167 -0.595754 0
    outer loop
      vertex 33.0787 26.3889 0
      vertex 32.9325 26.586 5
      vertex 32.9325 26.586 0
    endloop
  endfacet
  facet normal -0.803167 -0.595754 0
    outer loop
      vertex 32.9325 26.586 5
      vertex 33.0787 26.3889 0
      vertex 33.0787 26.3889 5
    endloop
  endfacet
  facet normal 0.857745 -0.514076 0
    outer loop
      vertex 28.7952 26.1785 5
      vertex 28.9213 26.3889 0
      vertex 28.9213 26.3889 5
    endloop
  endfacet
  facet normal 0.857745 -0.514076 0
    outer loop
      vertex 28.9213 26.3889 0
      vertex 28.7952 26.1785 5
      vertex 28.7952 26.1785 0
    endloop
  endfacet
  facet normal -0.998803 0.0489209 0
    outer loop
      vertex 33.488 24.755 0
      vertex 33.5 25 5
      vertex 33.5 25 0
    endloop
  endfacet
  facet normal -0.998803 0.0489209 0
    outer loop
      vertex 33.5 25 5
      vertex 33.488 24.755 0
      vertex 33.488 24.755 5
    endloop
  endfacet
  facet normal -0.903995 0.427543 0
    outer loop
      vertex 33.2048 23.8215 0
      vertex 33.3097 24.0433 5
      vertex 33.3097 24.0433 0
    endloop
  endfacet
  facet normal -0.903995 0.427543 0
    outer loop
      vertex 33.3097 24.0433 5
      vertex 33.2048 23.8215 0
      vertex 33.2048 23.8215 5
    endloop
  endfacet
  facet normal 0.671394 0.741101 -0
    outer loop
      vertex 29.414 23.0675 0
      vertex 29.2322 23.2322 5.9
      vertex 29.414 23.0675 5.9
    endloop
  endfacet
  facet normal 0.671394 0.741101 0
    outer loop
      vertex 29.2322 23.2322 5.9
      vertex 29.414 23.0675 0
      vertex 29.2322 23.2322 0
    endloop
  endfacet
  facet normal -0.595754 -0.803167 0
    outer loop
      vertex 32.3889 27.0787 0
      vertex 32.586 26.9325 5
      vertex 32.3889 27.0787 5
    endloop
  endfacet
  facet normal -0.595754 -0.803167 -0
    outer loop
      vertex 32.586 26.9325 5
      vertex 32.3889 27.0787 0
      vertex 32.586 26.9325 0
    endloop
  endfacet
  facet normal 0.514076 0.857745 -0
    outer loop
      vertex 29.8215 22.7952 0
      vertex 29.6111 22.9213 5.9
      vertex 29.8215 22.7952 5.9
    endloop
  endfacet
  facet normal 0.514076 0.857745 0
    outer loop
      vertex 29.6111 22.9213 5.9
      vertex 29.8215 22.7952 0
      vertex 29.6111 22.9213 0
    endloop
  endfacet
  facet normal -0.514076 -0.857745 0
    outer loop
      vertex 32.1785 27.2048 0
      vertex 32.3889 27.0787 5
      vertex 32.1785 27.2048 5
    endloop
  endfacet
  facet normal -0.514076 -0.857745 -0
    outer loop
      vertex 32.3889 27.0787 5
      vertex 32.1785 27.2048 0
      vertex 32.3889 27.0787 0
    endloop
  endfacet
  facet normal -0.146726 0.989177 0
    outer loop
      vertex 31.4877 22.548 0
      vertex 31.245 22.512 5.9
      vertex 31.4877 22.548 5.9
    endloop
  endfacet
  facet normal -0.146726 0.989177 0
    outer loop
      vertex 31.245 22.512 5.9
      vertex 31.4877 22.548 0
      vertex 31.245 22.512 0
    endloop
  endfacet
  facet normal -0.941613 -0.336698 0
    outer loop
      vertex 33.3923 25.7257 0
      vertex 33.3097 25.9567 5
      vertex 33.3097 25.9567 0
    endloop
  endfacet
  facet normal -0.941613 -0.336698 0
    outer loop
      vertex 33.3097 25.9567 5
      vertex 33.3923 25.7257 0
      vertex 33.3923 25.7257 5
    endloop
  endfacet
  facet normal -0.857493 0.514496 0
    outer loop
      vertex 33.2048 23.8215 0
      vertex 33.1919 23.8 5
      vertex 33.2048 23.8215 5
    endloop
  endfacet
  facet normal -0.857745 0.514076 -2.45419e-06
    outer loop
      vertex 33.0787 23.6111 0
      vertex 33.1919 23.8 5
      vertex 33.2048 23.8215 0
    endloop
  endfacet
  facet normal -0.857773 0.514028 0
    outer loop
      vertex 33.0787 23.6111 5.9
      vertex 33.1919 23.8 5
      vertex 33.0787 23.6111 0
    endloop
  endfacet
  facet normal -0.857773 0.514028 0
    outer loop
      vertex 33.1919 23.8 5
      vertex 33.0787 23.6111 5.9
      vertex 33.1919 23.8 5.9
    endloop
  endfacet
  facet normal 0.998803 0.0489209 0
    outer loop
      vertex 28.512 24.755 5
      vertex 28.5 25 0
      vertex 28.5 25 5
    endloop
  endfacet
  facet normal 0.998803 0.0489209 0
    outer loop
      vertex 28.5 25 0
      vertex 28.512 24.755 5
      vertex 28.512 24.755 0
    endloop
  endfacet
  facet normal -0.941613 0.336698 0
    outer loop
      vertex 33.3097 24.0433 0
      vertex 33.3923 24.2743 5
      vertex 33.3923 24.2743 0
    endloop
  endfacet
  facet normal -0.941613 0.336698 0
    outer loop
      vertex 33.3923 24.2743 5
      vertex 33.3097 24.0433 0
      vertex 33.3097 24.0433 5
    endloop
  endfacet
  facet normal -0.741101 -0.671394 0
    outer loop
      vertex 32.9325 26.586 0
      vertex 32.7678 26.7678 5
      vertex 32.7678 26.7678 0
    endloop
  endfacet
  facet normal -0.741101 -0.671394 0
    outer loop
      vertex 32.7678 26.7678 5
      vertex 32.9325 26.586 0
      vertex 32.9325 26.586 5
    endloop
  endfacet
  facet normal -0.0489209 -0.998803 0
    outer loop
      vertex 31 27.5 0
      vertex 31.245 27.488 5
      vertex 31 27.5 5
    endloop
  endfacet
  facet normal -0.0489209 -0.998803 -0
    outer loop
      vertex 31.245 27.488 5
      vertex 31 27.5 0
      vertex 31.245 27.488 0
    endloop
  endfacet
  facet normal -0.903995 -0.427543 0
    outer loop
      vertex 33.3097 25.9567 0
      vertex 33.2048 26.1785 5
      vertex 33.2048 26.1785 0
    endloop
  endfacet
  facet normal -0.903995 -0.427543 0
    outer loop
      vertex 33.2048 26.1785 5
      vertex 33.3097 25.9567 0
      vertex 33.3097 25.9567 5
    endloop
  endfacet
  facet normal 0.146726 0.989177 -0
    outer loop
      vertex 30.755 22.512 0
      vertex 30.5123 22.548 5.9
      vertex 30.755 22.512 5.9
    endloop
  endfacet
  facet normal 0.146726 0.989177 0
    outer loop
      vertex 30.5123 22.548 5.9
      vertex 30.755 22.512 0
      vertex 30.5123 22.548 0
    endloop
  endfacet
  facet normal -0.671394 0.741101 0
    outer loop
      vertex 32.7678 23.2322 0
      vertex 32.586 23.0675 5.9
      vertex 32.7678 23.2322 5.9
    endloop
  endfacet
  facet normal -0.671394 0.741101 0
    outer loop
      vertex 32.586 23.0675 5.9
      vertex 32.7678 23.2322 0
      vertex 32.586 23.0675 0
    endloop
  endfacet
  facet normal -0.857745 -0.514076 0
    outer loop
      vertex 33.2048 26.1785 0
      vertex 33.0787 26.3889 5
      vertex 33.0787 26.3889 0
    endloop
  endfacet
  facet normal -0.857745 -0.514076 0
    outer loop
      vertex 33.0787 26.3889 5
      vertex 33.2048 26.1785 0
      vertex 33.2048 26.1785 5
    endloop
  endfacet
  facet normal 0.0489209 0.998803 -0
    outer loop
      vertex 31 22.5 0
      vertex 30.755 22.512 5.9
      vertex 31 22.5 5.9
    endloop
  endfacet
  facet normal 0.0489209 0.998803 0
    outer loop
      vertex 30.755 22.512 5.9
      vertex 31 22.5 0
      vertex 30.755 22.512 0
    endloop
  endfacet
  facet normal 0.741101 -0.671394 0
    outer loop
      vertex 29.0675 26.586 5
      vertex 29.2322 26.7678 0
      vertex 29.2322 26.7678 5
    endloop
  endfacet
  facet normal 0.741101 -0.671394 0
    outer loop
      vertex 29.2322 26.7678 0
      vertex 29.0675 26.586 5
      vertex 29.0675 26.586 0
    endloop
  endfacet
  facet normal 0.146726 -0.989177 0
    outer loop
      vertex 30.5123 27.452 0
      vertex 30.755 27.488 5
      vertex 30.5123 27.452 5
    endloop
  endfacet
  facet normal 0.146726 -0.989177 0
    outer loop
      vertex 30.755 27.488 5
      vertex 30.5123 27.452 0
      vertex 30.755 27.488 0
    endloop
  endfacet
  facet normal 0.903995 -0.427543 0
    outer loop
      vertex 28.6903 25.9567 5
      vertex 28.7952 26.1785 0
      vertex 28.7952 26.1785 5
    endloop
  endfacet
  facet normal 0.903995 -0.427543 0
    outer loop
      vertex 28.7952 26.1785 0
      vertex 28.6903 25.9567 5
      vertex 28.6903 25.9567 0
    endloop
  endfacet
  facet normal 0.970047 -0.242919 0
    outer loop
      vertex 28.548 25.4877 5
      vertex 28.6076 25.7257 0
      vertex 28.6076 25.7257 5
    endloop
  endfacet
  facet normal 0.970047 -0.242919 0
    outer loop
      vertex 28.6076 25.7257 0
      vertex 28.548 25.4877 5
      vertex 28.548 25.4877 0
    endloop
  endfacet
  facet normal -0.243303 -0.96995 0
    outer loop
      vertex 31.4877 27.452 0
      vertex 31.7257 27.3923 5
      vertex 31.4877 27.452 5
    endloop
  endfacet
  facet normal -0.243303 -0.96995 -0
    outer loop
      vertex 31.7257 27.3923 5
      vertex 31.4877 27.452 0
      vertex 31.7257 27.3923 0
    endloop
  endfacet
  facet normal 0.970047 0.242919 0
    outer loop
      vertex 28.6076 24.2743 5
      vertex 28.548 24.5123 0
      vertex 28.548 24.5123 5
    endloop
  endfacet
  facet normal 0.970047 0.242919 0
    outer loop
      vertex 28.548 24.5123 0
      vertex 28.6076 24.2743 5
      vertex 28.6076 24.2743 0
    endloop
  endfacet
  facet normal 0.427543 0.903995 -0
    outer loop
      vertex 30.0433 22.6903 0
      vertex 29.8215 22.7952 5.9
      vertex 30.0433 22.6903 5.9
    endloop
  endfacet
  facet normal 0.427543 0.903995 0
    outer loop
      vertex 29.8215 22.7952 5.9
      vertex 30.0433 22.6903 0
      vertex 29.8215 22.7952 0
    endloop
  endfacet
  facet normal 0.741101 0.671394 0
    outer loop
      vertex 29.2322 23.2322 5.9
      vertex 29.0675 23.414 0
      vertex 29.0675 23.414 5.9
    endloop
  endfacet
  facet normal 0.741101 0.671394 0
    outer loop
      vertex 29.0675 23.414 0
      vertex 29.2322 23.2322 5.9
      vertex 29.2322 23.2322 0
    endloop
  endfacet
  facet normal -0.427543 0.903995 0
    outer loop
      vertex 32.1785 22.7952 0
      vertex 31.9567 22.6903 5.9
      vertex 32.1785 22.7952 5.9
    endloop
  endfacet
  facet normal -0.427543 0.903995 0
    outer loop
      vertex 31.9567 22.6903 5.9
      vertex 32.1785 22.7952 0
      vertex 31.9567 22.6903 0
    endloop
  endfacet
  facet normal -0.0489209 0.998803 0
    outer loop
      vertex 31.245 22.512 0
      vertex 31 22.5 5.9
      vertex 31.245 22.512 5.9
    endloop
  endfacet
  facet normal -0.0489209 0.998803 0
    outer loop
      vertex 31 22.5 5.9
      vertex 31.245 22.512 0
      vertex 31 22.5 0
    endloop
  endfacet
  facet normal 0.989177 0.146726 0
    outer loop
      vertex 28.548 24.5123 5
      vertex 28.512 24.755 0
      vertex 28.512 24.755 5
    endloop
  endfacet
  facet normal 0.989177 0.146726 0
    outer loop
      vertex 28.512 24.755 0
      vertex 28.548 24.5123 5
      vertex 28.548 24.5123 0
    endloop
  endfacet
  facet normal -0.595754 0.803167 0
    outer loop
      vertex 32.586 23.0675 0
      vertex 32.3889 22.9213 5.9
      vertex 32.586 23.0675 5.9
    endloop
  endfacet
  facet normal -0.595754 0.803167 0
    outer loop
      vertex 32.3889 22.9213 5.9
      vertex 32.586 23.0675 0
      vertex 32.3889 22.9213 0
    endloop
  endfacet
  facet normal 0.803167 0.595754 0
    outer loop
      vertex 29.0675 23.414 5.9
      vertex 28.9213 23.6111 0
      vertex 28.9213 23.6111 5.9
    endloop
  endfacet
  facet normal 0.803167 0.595754 0
    outer loop
      vertex 28.9213 23.6111 0
      vertex 29.0675 23.414 5.9
      vertex 29.0675 23.414 0
    endloop
  endfacet
  facet normal 0.998803 -0.0489209 0
    outer loop
      vertex 28.5 25 5
      vertex 28.512 25.245 0
      vertex 28.512 25.245 5
    endloop
  endfacet
  facet normal 0.998803 -0.0489209 0
    outer loop
      vertex 28.512 25.245 0
      vertex 28.5 25 5
      vertex 28.5 25 0
    endloop
  endfacet
  facet normal -0.741101 0.671394 0
    outer loop
      vertex 32.7678 23.2322 0
      vertex 32.9325 23.414 5.9
      vertex 32.9325 23.414 0
    endloop
  endfacet
  facet normal -0.741101 0.671394 0
    outer loop
      vertex 32.9325 23.414 5.9
      vertex 32.7678 23.2322 0
      vertex 32.7678 23.2322 5.9
    endloop
  endfacet
  facet normal -0.998795 0.0490678 0
    outer loop
      vertex 0 64 0
      vertex 0.0288916 64.5881 22
      vertex 0.0288916 64.5881 0
    endloop
  endfacet
  facet normal -0.998795 0.0490678 0
    outer loop
      vertex 0.0288916 64.5881 22
      vertex 0 64 0
      vertex 0 64 22
    endloop
  endfacet
  facet normal 0.903962 0.427612 0
    outer loop
      vertex 89.5433 66.2961 22
      vertex 89.2915 66.8284 0
      vertex 89.2915 66.8284 22
    endloop
  endfacet
  facet normal 0.903962 0.427612 0
    outer loop
      vertex 89.2915 66.8284 0
      vertex 89.5433 66.2961 22
      vertex 89.5433 66.2961 0
    endloop
  endfacet
  facet normal 0.14674 -0.989175 0
    outer loop
      vertex 84.5881 0.0288916 0
      vertex 85.1705 0.115288 22
      vertex 84.5881 0.0288916 22
    endloop
  endfacet
  facet normal 0.14674 -0.989175 0
    outer loop
      vertex 85.1705 0.115288 22
      vertex 84.5881 0.0288916 0
      vertex 85.1705 0.115288 0
    endloop
  endfacet
  facet normal 1 0 0
    outer loop
      vertex 90 64 22
      vertex 90 59 15
      vertex 90 64 0
    endloop
  endfacet
  facet normal 1 0 0
    outer loop
      vertex 90 64 22
      vertex 90 43 15
      vertex 90 59 15
    endloop
  endfacet
  facet normal 1 0 0
    outer loop
      vertex 90 43 15
      vertex 90 6 22
      vertex 90 43 7
    endloop
  endfacet
  facet normal 1 -0 0
    outer loop
      vertex 90 6 22
      vertex 90 43 15
      vertex 90 64 22
    endloop
  endfacet
  facet normal 1 -0 0
    outer loop
      vertex 90 59 7
      vertex 90 64 0
      vertex 90 59 15
    endloop
  endfacet
  facet normal 1 -0 0
    outer loop
      vertex 90 43 7
      vertex 90 64 0
      vertex 90 59 7
    endloop
  endfacet
  facet normal 1 0 0
    outer loop
      vertex 90 43 7
      vertex 90 6 0
      vertex 90 64 0
    endloop
  endfacet
  facet normal 1 0 0
    outer loop
      vertex 90 6 0
      vertex 90 43 7
      vertex 90 6 22
    endloop
  endfacet
  facet normal 0 -1 0
    outer loop
      vertex 6 0 0
      vertex 84 0 22
      vertex 6 0 22
    endloop
  endfacet
  facet normal 0 -1 -0
    outer loop
      vertex 84 0 22
      vertex 6 0 0
      vertex 84 0 0
    endloop
  endfacet
  facet normal -0.941543 -0.336891 0
    outer loop
      vertex 0.456722 3.7039 0
      vertex 0.258357 4.25829 22
      vertex 0.258357 4.25829 0
    endloop
  endfacet
  facet normal -0.941543 -0.336891 0
    outer loop
      vertex 0.258357 4.25829 22
      vertex 0.456722 3.7039 0
      vertex 0.456722 3.7039 22
    endloop
  endfacet
  facet normal -1 0 0
    outer loop
      vertex 0 6 0
      vertex 0 64 22
      vertex 0 64 0
    endloop
  endfacet
  facet normal -1 -0 0
    outer loop
      vertex 0 64 22
      vertex 0 6 0
      vertex 0 6 22
    endloop
  endfacet
  facet normal -0.857712 0.514131 0
    outer loop
      vertex 0.708472 66.8284 0
      vertex 1.01118 67.3334 22
      vertex 1.01118 67.3334 0
    endloop
  endfacet
  facet normal -0.857712 0.514131 0
    outer loop
      vertex 1.01118 67.3334 22
      vertex 0.708472 66.8284 0
      vertex 0.708472 66.8284 22
    endloop
  endfacet
  facet normal 0.243015 0.970023 -0
    outer loop
      vertex 85.7417 69.7416 0
      vertex 85.1705 69.8847 22
      vertex 85.7417 69.7416 22
    endloop
  endfacet
  facet normal 0.243015 0.970023 0
    outer loop
      vertex 85.1705 69.8847 22
      vertex 85.7417 69.7416 0
      vertex 85.1705 69.8847 0
    endloop
  endfacet
  facet normal -0.941545 0.336886 0
    outer loop
      vertex 0.258357 65.7417 0
      vertex 0.456722 66.2961 22
      vertex 0.456722 66.2961 0
    endloop
  endfacet
  facet normal -0.941545 0.336886 0
    outer loop
      vertex 0.456722 66.2961 22
      vertex 0.258357 65.7417 0
      vertex 0.258357 65.7417 22
    endloop
  endfacet
  facet normal 0.595655 -0.803241 0
    outer loop
      vertex 87.3334 1.01118 0
      vertex 87.8064 1.36194 22
      vertex 87.3334 1.01118 22
    endloop
  endfacet
  facet normal 0.595655 -0.803241 0
    outer loop
      vertex 87.8064 1.36194 22
      vertex 87.3334 1.01118 0
      vertex 87.8064 1.36194 0
    endloop
  endfacet
  facet normal -0.595638 0.803253 0
    outer loop
      vertex 2.66658 68.9888 0
      vertex 2.19364 68.6381 22
      vertex 2.66658 68.9888 22
    endloop
  endfacet
  facet normal -0.595638 0.803253 0
    outer loop
      vertex 2.19364 68.6381 22
      vertex 2.66658 68.9888 0
      vertex 2.19364 68.6381 0
    endloop
  endfacet
  facet normal -0.903995 0.427542 0
    outer loop
      vertex 0.456722 66.2961 0
      vertex 0.708472 66.8284 22
      vertex 0.708472 66.8284 0
    endloop
  endfacet
  facet normal -0.903995 0.427542 0
    outer loop
      vertex 0.708472 66.8284 22
      vertex 0.456722 66.2961 0
      vertex 0.456722 66.2961 22
    endloop
  endfacet
  facet normal -0.970032 -0.242978 0
    outer loop
      vertex 0.258357 4.25829 0
      vertex 0.115288 4.82946 22
      vertex 0.115288 4.82946 0
    endloop
  endfacet
  facet normal -0.970032 -0.242978 0
    outer loop
      vertex 0.115288 4.82946 22
      vertex 0.258357 4.25829 0
      vertex 0.258357 4.25829 22
    endloop
  endfacet
  facet normal 0.998795 -0.0490821 0
    outer loop
      vertex 89.9711 5.4119 22
      vertex 90 6 0
      vertex 90 6 22
    endloop
  endfacet
  facet normal 0.998795 -0.0490821 0
    outer loop
      vertex 90 6 0
      vertex 89.9711 5.4119 22
      vertex 89.9711 5.4119 0
    endloop
  endfacet
  facet normal -0.970035 0.242966 0
    outer loop
      vertex 0.115288 65.1705 0
      vertex 0.258357 65.7417 22
      vertex 0.258357 65.7417 0
    endloop
  endfacet
  facet normal -0.970035 0.242966 0
    outer loop
      vertex 0.258357 65.7417 22
      vertex 0.115288 65.1705 0
      vertex 0.115288 65.1705 22
    endloop
  endfacet
  facet normal -0.989175 0.14674 0
    outer loop
      vertex 0.0288916 64.5881 0
      vertex 0.115288 65.1705 22
      vertex 0.115288 65.1705 0
    endloop
  endfacet
  facet normal -0.989175 0.14674 0
    outer loop
      vertex 0.115288 65.1705 22
      vertex 0.0288916 64.5881 0
      vertex 0.0288916 64.5881 22
    endloop
  endfacet
  facet normal -0.146736 0.989176 0
    outer loop
      vertex 5.4119 69.9711 0
      vertex 4.82946 69.8847 22
      vertex 5.4119 69.9711 22
    endloop
  endfacet
  facet normal -0.146736 0.989176 0
    outer loop
      vertex 4.82946 69.8847 22
      vertex 5.4119 69.9711 0
      vertex 4.82946 69.8847 0
    endloop
  endfacet
  facet normal 0.941578 -0.336794 0
    outer loop
      vertex 89.5433 3.7039 22
      vertex 89.7416 4.25829 0
      vertex 89.7416 4.25829 22
    endloop
  endfacet
  facet normal 0.941578 -0.336794 0
    outer loop
      vertex 89.7416 4.25829 0
      vertex 89.5433 3.7039 22
      vertex 89.5433 3.7039 0
    endloop
  endfacet
  facet normal 0.857718 0.514121 0
    outer loop
      vertex 89.2915 66.8284 22
      vertex 88.9888 67.3334 0
      vertex 88.9888 67.3334 22
    endloop
  endfacet
  facet normal 0.857718 0.514121 0
    outer loop
      vertex 88.9888 67.3334 0
      vertex 89.2915 66.8284 22
      vertex 89.2915 66.8284 0
    endloop
  endfacet
  facet normal -0.0490678 -0.998795 0
    outer loop
      vertex 5.4119 0.0288916 0
      vertex 6 0 22
      vertex 5.4119 0.0288916 22
    endloop
  endfacet
  facet normal -0.0490678 -0.998795 -0
    outer loop
      vertex 6 0 22
      vertex 5.4119 0.0288916 0
      vertex 6 0 0
    endloop
  endfacet
  facet normal -0.989177 -0.14673 0
    outer loop
      vertex 0.115288 4.82946 0
      vertex 0.0288916 5.4119 22
      vertex 0.0288916 5.4119 0
    endloop
  endfacet
  facet normal -0.989177 -0.14673 0
    outer loop
      vertex 0.0288916 5.4119 22
      vertex 0.115288 4.82946 0
      vertex 0.115288 4.82946 22
    endloop
  endfacet
  facet normal 0.336788 0.94158 -0
    outer loop
      vertex 86.2961 69.5433 0
      vertex 85.7417 69.7416 22
      vertex 86.2961 69.5433 22
    endloop
  endfacet
  facet normal 0.336788 0.94158 0
    outer loop
      vertex 85.7417 69.7416 22
      vertex 86.2961 69.5433 0
      vertex 85.7417 69.7416 0
    endloop
  endfacet
  facet normal -0.427556 -0.903989 0
    outer loop
      vertex 3.17162 0.708472 0
      vertex 3.7039 0.456722 22
      vertex 3.17162 0.708472 22
    endloop
  endfacet
  facet normal -0.427556 -0.903989 -0
    outer loop
      vertex 3.7039 0.456722 22
      vertex 3.17162 0.708472 0
      vertex 3.7039 0.456722 0
    endloop
  endfacet
  facet normal -0.336794 0.941578 0
    outer loop
      vertex 4.25829 69.7416 0
      vertex 3.7039 69.5433 22
      vertex 4.25829 69.7416 22
    endloop
  endfacet
  facet normal -0.336794 0.941578 0
    outer loop
      vertex 3.7039 69.5433 22
      vertex 4.25829 69.7416 0
      vertex 3.7039 69.5433 0
    endloop
  endfacet
  facet normal 0.803253 -0.595638 0
    outer loop
      vertex 88.6381 2.19364 22
      vertex 88.9888 2.66658 0
      vertex 88.9888 2.66658 22
    endloop
  endfacet
  facet normal 0.803253 -0.595638 0
    outer loop
      vertex 88.9888 2.66658 0
      vertex 88.6381 2.19364 22
      vertex 88.6381 2.19364 0
    endloop
  endfacet
  facet normal 0.803289 0.595589 0
    outer loop
      vertex 88.9888 67.3334 22
      vertex 88.6381 67.8064 0
      vertex 88.6381 67.8064 22
    endloop
  endfacet
  facet normal 0.803289 0.595589 0
    outer loop
      vertex 88.6381 67.8064 0
      vertex 88.9888 67.3334 22
      vertex 88.9888 67.3334 0
    endloop
  endfacet
  facet normal -0.671558 -0.740952 0
    outer loop
      vertex 1.75736 1.75736 0
      vertex 2.19364 1.36194 22
      vertex 1.75736 1.75736 22
    endloop
  endfacet
  facet normal -0.671558 -0.740952 -0
    outer loop
      vertex 2.19364 1.36194 22
      vertex 1.75736 1.75736 0
      vertex 2.19364 1.36194 0
    endloop
  endfacet
  facet normal -0.740952 -0.671558 0
    outer loop
      vertex 1.75736 1.75736 0
      vertex 1.36194 2.19364 22
      vertex 1.36194 2.19364 0
    endloop
  endfacet
  facet normal -0.740952 -0.671558 0
    outer loop
      vertex 1.36194 2.19364 22
      vertex 1.75736 1.75736 0
      vertex 1.75736 1.75736 22
    endloop
  endfacet
  facet normal 0 0 -1
    outer loop
      vertex 20.0787 13.3889 0
      vertex 28.9213 13.3889 0
      vertex 20.2048 13.1785 0
    endloop
  endfacet
  facet normal 0 0 -1
    outer loop
      vertex 29.0675 23.414 0
      vertex 20.488 24.755 0
      vertex 20.5 25 0
    endloop
  endfacet
  facet normal 0 0 -1
    outer loop
      vertex 28.9213 13.3889 0
      vertex 20.0787 13.3889 0
      vertex 29.0675 13.586 0
    endloop
  endfacet
  facet normal 0 0 -1
    outer loop
      vertex 29.0675 23.414 0
      vertex 20.452 24.5123 0
      vertex 20.488 24.755 0
    endloop
  endfacet
  facet normal 0 0 -1
    outer loop
      vertex 19.9325 13.586 0
      vertex 29.0675 13.586 0
      vertex 20.0787 13.3889 0
    endloop
  endfacet
  facet normal 0 0 -1
    outer loop
      vertex 29.0675 23.414 0
      vertex 20.3923 24.2743 0
      vertex 20.452 24.5123 0
    endloop
  endfacet
  facet normal 0 0 -1
    outer loop
      vertex 29.0675 13.586 0
      vertex 19.9325 13.586 0
      vertex 29.2322 13.7678 0
    endloop
  endfacet
  facet normal 0 0 -1
    outer loop
      vertex 29.0675 23.414 0
      vertex 20.3097 24.0433 0
      vertex 20.3923 24.2743 0
    endloop
  endfacet
  facet normal 0 0 -1
    outer loop
      vertex 19.7678 13.7678 0
      vertex 29.2322 13.7678 0
      vertex 19.9325 13.586 0
    endloop
  endfacet
  facet normal 0 0 -1
    outer loop
      vertex 29.0675 23.414 0
      vertex 20.2048 23.8215 0
      vertex 20.3097 24.0433 0
    endloop
  endfacet
  facet normal 0 0 -1
    outer loop
      vertex 29.2322 13.7678 0
      vertex 19.7678 13.7678 0
      vertex 29.2322 23.2322 0
    endloop
  endfacet
  facet normal 0 0 -1
    outer loop
      vertex 29.0675 23.414 0
      vertex 20.0787 23.6111 0
      vertex 20.2048 23.8215 0
    endloop
  endfacet
  facet normal 0 0 -1
    outer loop
      vertex 19.7678 23.2322 0
      vertex 29.2322 23.2322 0
      vertex 19.7678 13.7678 0
    endloop
  endfacet
  facet normal 0 0 -1
    outer loop
      vertex 29.0675 23.414 0
      vertex 19.9325 23.414 0
      vertex 20.0787 23.6111 0
    endloop
  endfacet
  facet normal 0 0 -1
    outer loop
      vertex 29.2322 23.2322 0
      vertex 19.7678 23.2322 0
      vertex 29.0675 23.414 0
    endloop
  endfacet
  facet normal -0 0 -1
    outer loop
      vertex 29.0675 23.414 0
      vertex 19.7678 23.2322 0
      vertex 19.9325 23.414 0
    endloop
  endfacet
  facet normal 0 0 -1
    outer loop
      vertex 19.586 13.9325 0
      vertex 19.7678 23.2322 0
      vertex 19.7678 13.7678 0
    endloop
  endfacet
  facet normal 0 0 -1
    outer loop
      vertex 19.586 13.9325 0
      vertex 19.586 23.0675 0
      vertex 19.7678 23.2322 0
    endloop
  endfacet
  facet normal 0 0 -1
    outer loop
      vertex 19.3889 14.0787 0
      vertex 19.586 23.0675 0
      vertex 19.586 13.9325 0
    endloop
  endfacet
  facet normal 0 0 -1
    outer loop
      vertex 19.3889 14.0787 0
      vertex 19.3889 22.9213 0
      vertex 19.586 23.0675 0
    endloop
  endfacet
  facet normal 0 0 -1
    outer loop
      vertex 19.1785 14.2048 0
      vertex 19.3889 22.9213 0
      vertex 19.3889 14.0787 0
    endloop
  endfacet
  facet normal 0 0 -1
    outer loop
      vertex 19.1785 14.2048 0
      vertex 19.1785 22.7952 0
      vertex 19.3889 22.9213 0
    endloop
  endfacet
  facet normal 0 0 -1
    outer loop
      vertex 18.9567 14.3097 0
      vertex 19.1785 22.7952 0
      vertex 19.1785 14.2048 0
    endloop
  endfacet
  facet normal 0 0 -1
    outer loop
      vertex 18.9567 14.3097 0
      vertex 18.9567 22.6903 0
      vertex 19.1785 22.7952 0
    endloop
  endfacet
  facet normal 0 0 -1
    outer loop
      vertex 18.7257 14.3924 0
      vertex 18.9567 22.6903 0
      vertex 18.9567 14.3097 0
    endloop
  endfacet
  facet normal 0 0 -1
    outer loop
      vertex 18.7257 14.3924 0
      vertex 18.7257 22.6076 0
      vertex 18.9567 22.6903 0
    endloop
  endfacet
  facet normal 0 0 -1
    outer loop
      vertex 18.4877 14.452 0
      vertex 18.7257 22.6076 0
      vertex 18.7257 14.3924 0
    endloop
  endfacet
  facet normal 0 0 -1
    outer loop
      vertex 18.4877 14.452 0
      vertex 18.4877 22.548 0
      vertex 18.7257 22.6076 0
    endloop
  endfacet
  facet normal 0 0 -1
    outer loop
      vertex 18.245 14.488 0
      vertex 18.4877 22.548 0
      vertex 18.4877 14.452 0
    endloop
  endfacet
  facet normal 0 0 -1
    outer loop
      vertex 18.245 14.488 0
      vertex 18.245 22.512 0
      vertex 18.4877 22.548 0
    endloop
  endfacet
  facet normal 0 0 -1
    outer loop
      vertex 18 14.5 0
      vertex 18.245 22.512 0
      vertex 18.245 14.488 0
    endloop
  endfacet
  facet normal 0 0 -1
    outer loop
      vertex 18 14.5 0
      vertex 18 22.5 0
      vertex 18.245 22.512 0
    endloop
  endfacet
  facet normal 0 0 -1
    outer loop
      vertex 17.755 14.488 0
      vertex 18 22.5 0
      vertex 18 14.5 0
    endloop
  endfacet
  facet normal 0 0 -1
    outer loop
      vertex 17.755 14.488 0
      vertex 17.755 22.512 0
      vertex 18 22.5 0
    endloop
  endfacet
  facet normal 0 0 -1
    outer loop
      vertex 17.5123 14.452 0
      vertex 17.755 22.512 0
      vertex 17.755 14.488 0
    endloop
  endfacet
  facet normal 0 0 -1
    outer loop
      vertex 17.5123 14.452 0
      vertex 17.5123 22.548 0
      vertex 17.755 22.512 0
    endloop
  endfacet
  facet normal 0 0 -1
    outer loop
      vertex 17.2743 14.3924 0
      vertex 17.5123 22.548 0
      vertex 17.5123 14.452 0
    endloop
  endfacet
  facet normal 0 0 -1
    outer loop
      vertex 17.2743 14.3924 0
      vertex 17.2743 22.6076 0
      vertex 17.5123 22.548 0
    endloop
  endfacet
  facet normal 0 0 -1
    outer loop
      vertex 17.0433 14.3097 0
      vertex 17.2743 22.6076 0
      vertex 17.2743 14.3924 0
    endloop
  endfacet
  facet normal 0 0 -1
    outer loop
      vertex 17.0433 14.3097 0
      vertex 17.0433 22.6903 0
      vertex 17.2743 22.6076 0
    endloop
  endfacet
  facet normal 0 0 -1
    outer loop
      vertex 16.8215 14.2048 0
      vertex 17.0433 22.6903 0
      vertex 17.0433 14.3097 0
    endloop
  endfacet
  facet normal 0 0 -1
    outer loop
      vertex 16.8215 14.2048 0
      vertex 16.8215 22.7952 0
      vertex 17.0433 22.6903 0
    endloop
  endfacet
  facet normal 0 0 -1
    outer loop
      vertex 16.6111 14.0787 0
      vertex 16.8215 22.7952 0
      vertex 16.8215 14.2048 0
    endloop
  endfacet
  facet normal 0 0 -1
    outer loop
      vertex 16.6111 14.0787 0
      vertex 16.6111 22.9213 0
      vertex 16.8215 22.7952 0
    endloop
  endfacet
  facet normal 0 0 -1
    outer loop
      vertex 16.414 13.9325 0
      vertex 16.6111 22.9213 0
      vertex 16.6111 14.0787 0
    endloop
  endfacet
  facet normal 0 0 -1
    outer loop
      vertex 16.414 13.9325 0
      vertex 16.414 23.0675 0
      vertex 16.6111 22.9213 0
    endloop
  endfacet
  facet normal 0 0 -1
    outer loop
      vertex 16.2322 13.7678 0
      vertex 16.414 23.0675 0
      vertex 16.414 13.9325 0
    endloop
  endfacet
  facet normal 0 0 -1
    outer loop
      vertex 16.2322 13.7678 0
      vertex 16.2322 23.2322 0
      vertex 16.414 23.0675 0
    endloop
  endfacet
  facet normal 0 0 -1
    outer loop
      vertex 16.0675 13.586 0
      vertex 16.2322 23.2322 0
      vertex 16.2322 13.7678 0
    endloop
  endfacet
  facet normal 0 0 -1
    outer loop
      vertex 16.0675 13.586 0
      vertex 16.0675 23.414 0
      vertex 16.2322 23.2322 0
    endloop
  endfacet
  facet normal 0 0 -1
    outer loop
      vertex 15.9213 13.3889 0
      vertex 16.0675 23.414 0
      vertex 16.0675 13.586 0
    endloop
  endfacet
  facet normal 0 0 -1
    outer loop
      vertex 15.9213 13.3889 0
      vertex 15.9213 23.6111 0
      vertex 16.0675 23.414 0
    endloop
  endfacet
  facet normal 0 0 -1
    outer loop
      vertex 15.7952 13.1785 0
      vertex 15.9213 23.6111 0
      vertex 15.9213 13.3889 0
    endloop
  endfacet
  facet normal 0 0 -1
    outer loop
      vertex 15.7952 13.1785 0
      vertex 15.7952 23.8215 0
      vertex 15.9213 23.6111 0
    endloop
  endfacet
  facet normal 0 0 -1
    outer loop
      vertex 15.6903 12.9567 0
      vertex 15.7952 23.8215 0
      vertex 15.7952 13.1785 0
    endloop
  endfacet
  facet normal 0 0 -1
    outer loop
      vertex 15.6903 12.9567 0
      vertex 15.6903 24.0433 0
      vertex 15.7952 23.8215 0
    endloop
  endfacet
  facet normal 0 0 -1
    outer loop
      vertex 0 6 0
      vertex 15.6903 12.9567 0
      vertex 15.6076 12.7257 0
    endloop
  endfacet
  facet normal -0 0 -1
    outer loop
      vertex 15.6903 12.9567 0
      vertex 0 6 0
      vertex 15.6903 24.0433 0
    endloop
  endfacet
  facet normal 0 0 -1
    outer loop
      vertex 0 6 0
      vertex 15.6076 12.7257 0
      vertex 15.548 12.4877 0
    endloop
  endfacet
  facet normal -0 0 -1
    outer loop
      vertex 15.6903 24.0433 0
      vertex 0 6 0
      vertex 15.6076 24.2743 0
    endloop
  endfacet
  facet normal 0 0 -1
    outer loop
      vertex 0 6 0
      vertex 15.548 12.4877 0
      vertex 15.512 12.245 0
    endloop
  endfacet
  facet normal -0 0 -1
    outer loop
      vertex 15.6076 24.2743 0
      vertex 0 6 0
      vertex 15.548 24.5123 0
    endloop
  endfacet
  facet normal 0 0 -1
    outer loop
      vertex 0 6 0
      vertex 15.512 12.245 0
      vertex 15.5 12 0
    endloop
  endfacet
  facet normal -0 0 -1
    outer loop
      vertex 15.548 24.5123 0
      vertex 0 6 0
      vertex 15.512 24.755 0
    endloop
  endfacet
  facet normal 0 0 -1
    outer loop
      vertex 33.452 12.4877 0
      vertex 60.75 34 0
      vertex 33.488 12.245 0
    endloop
  endfacet
  facet normal 0 0 -1
    outer loop
      vertex 60.75 34 0
      vertex 33.488 24.755 0
      vertex 33.5 25 0
    endloop
  endfacet
  facet normal 0 0 -1
    outer loop
      vertex 33.3923 12.7257 0
      vertex 60.75 34 0
      vertex 33.452 12.4877 0
    endloop
  endfacet
  facet normal 0 0 -1
    outer loop
      vertex 60.75 34 0
      vertex 33.452 24.5123 0
      vertex 33.488 24.755 0
    endloop
  endfacet
  facet normal 0 0 -1
    outer loop
      vertex 33.3923 24.2743 0
      vertex 60.75 34 0
      vertex 33.3923 12.7257 0
    endloop
  endfacet
  facet normal 0 0 -1
    outer loop
      vertex 60.75 34 0
      vertex 33.3923 24.2743 0
      vertex 33.452 24.5123 0
    endloop
  endfacet
  facet normal 0 0 -1
    outer loop
      vertex 33.3097 12.9567 0
      vertex 33.3923 24.2743 0
      vertex 33.3923 12.7257 0
    endloop
  endfacet
  facet normal 0 0 -1
    outer loop
      vertex 33.3097 12.9567 0
      vertex 33.3097 24.0433 0
      vertex 33.3923 24.2743 0
    endloop
  endfacet
  facet normal 0 0 -1
    outer loop
      vertex 33.2048 13.1785 0
      vertex 33.3097 24.0433 0
      vertex 33.3097 12.9567 0
    endloop
  endfacet
  facet normal 0 0 -1
    outer loop
      vertex 33.2048 13.1785 0
      vertex 33.2048 23.8215 0
      vertex 33.3097 24.0433 0
    endloop
  endfacet
  facet normal 0 0 -1
    outer loop
      vertex 33.0787 13.3889 0
      vertex 33.2048 23.8215 0
      vertex 33.2048 13.1785 0
    endloop
  endfacet
  facet normal 0 0 -1
    outer loop
      vertex 33.0787 13.3889 0
      vertex 33.0787 23.6111 0
      vertex 33.2048 23.8215 0
    endloop
  endfacet
  facet normal 0 0 -1
    outer loop
      vertex 32.9325 13.586 0
      vertex 33.0787 23.6111 0
      vertex 33.0787 13.3889 0
    endloop
  endfacet
  facet normal 0 0 -1
    outer loop
      vertex 32.9325 13.586 0
      vertex 32.9325 23.414 0
      vertex 33.0787 23.6111 0
    endloop
  endfacet
  facet normal 0 0 -1
    outer loop
      vertex 32.7678 13.7678 0
      vertex 32.9325 23.414 0
      vertex 32.9325 13.586 0
    endloop
  endfacet
  facet normal 0 0 -1
    outer loop
      vertex 32.7678 13.7678 0
      vertex 32.7678 23.2322 0
      vertex 32.9325 23.414 0
    endloop
  endfacet
  facet normal 0 0 -1
    outer loop
      vertex 32.586 13.9325 0
      vertex 32.7678 23.2322 0
      vertex 32.7678 13.7678 0
    endloop
  endfacet
  facet normal 0 0 -1
    outer loop
      vertex 32.586 13.9325 0
      vertex 32.586 23.0675 0
      vertex 32.7678 23.2322 0
    endloop
  endfacet
  facet normal 0 0 -1
    outer loop
      vertex 32.3889 14.0787 0
      vertex 32.586 23.0675 0
      vertex 32.586 13.9325 0
    endloop
  endfacet
  facet normal 0 0 -1
    outer loop
      vertex 32.3889 14.0787 0
      vertex 32.3889 22.9213 0
      vertex 32.586 23.0675 0
    endloop
  endfacet
  facet normal 0 0 -1
    outer loop
      vertex 32.1785 14.2048 0
      vertex 32.3889 22.9213 0
      vertex 32.3889 14.0787 0
    endloop
  endfacet
  facet normal 0 0 -1
    outer loop
      vertex 32.1785 14.2048 0
      vertex 32.1785 22.7952 0
      vertex 32.3889 22.9213 0
    endloop
  endfacet
  facet normal 0 0 -1
    outer loop
      vertex 31.9567 14.3097 0
      vertex 32.1785 22.7952 0
      vertex 32.1785 14.2048 0
    endloop
  endfacet
  facet normal 0 0 -1
    outer loop
      vertex 31.9567 14.3097 0
      vertex 31.9567 22.6903 0
      vertex 32.1785 22.7952 0
    endloop
  endfacet
  facet normal 0 0 -1
    outer loop
      vertex 31.7257 14.3924 0
      vertex 31.9567 22.6903 0
      vertex 31.9567 14.3097 0
    endloop
  endfacet
  facet normal 0 0 -1
    outer loop
      vertex 31.7257 14.3924 0
      vertex 31.7257 22.6076 0
      vertex 31.9567 22.6903 0
    endloop
  endfacet
  facet normal 0 0 -1
    outer loop
      vertex 31.4877 14.452 0
      vertex 31.7257 22.6076 0
      vertex 31.7257 14.3924 0
    endloop
  endfacet
  facet normal 0 0 -1
    outer loop
      vertex 31.4877 14.452 0
      vertex 31.4877 22.548 0
      vertex 31.7257 22.6076 0
    endloop
  endfacet
  facet normal 0 0 -1
    outer loop
      vertex 31.245 14.488 0
      vertex 31.4877 22.548 0
      vertex 31.4877 14.452 0
    endloop
  endfacet
  facet normal 0 0 -1
    outer loop
      vertex 31.245 14.488 0
      vertex 31.245 22.512 0
      vertex 31.4877 22.548 0
    endloop
  endfacet
  facet normal 0 0 -1
    outer loop
      vertex 31 14.5 0
      vertex 31.245 22.512 0
      vertex 31.245 14.488 0
    endloop
  endfacet
  facet normal 0 0 -1
    outer loop
      vertex 31 14.5 0
      vertex 31 22.5 0
      vertex 31.245 22.512 0
    endloop
  endfacet
  facet normal 0 0 -1
    outer loop
      vertex 30.755 14.488 0
      vertex 31 22.5 0
      vertex 31 14.5 0
    endloop
  endfacet
  facet normal 0 0 -1
    outer loop
      vertex 30.755 14.488 0
      vertex 30.755 22.512 0
      vertex 31 22.5 0
    endloop
  endfacet
  facet normal 0 0 -1
    outer loop
      vertex 30.5123 14.452 0
      vertex 30.755 22.512 0
      vertex 30.755 14.488 0
    endloop
  endfacet
  facet normal 0 0 -1
    outer loop
      vertex 30.5123 14.452 0
      vertex 30.5123 22.548 0
      vertex 30.755 22.512 0
    endloop
  endfacet
  facet normal 0 0 -1
    outer loop
      vertex 30.2743 14.3924 0
      vertex 30.5123 22.548 0
      vertex 30.5123 14.452 0
    endloop
  endfacet
  facet normal 0 0 -1
    outer loop
      vertex 30.2743 14.3924 0
      vertex 30.2743 22.6076 0
      vertex 30.5123 22.548 0
    endloop
  endfacet
  facet normal 0 0 -1
    outer loop
      vertex 30.0433 14.3097 0
      vertex 30.2743 22.6076 0
      vertex 30.2743 14.3924 0
    endloop
  endfacet
  facet normal 0 0 -1
    outer loop
      vertex 30.0433 14.3097 0
      vertex 30.0433 22.6903 0
      vertex 30.2743 22.6076 0
    endloop
  endfacet
  facet normal 0 0 -1
    outer loop
      vertex 29.8215 14.2048 0
      vertex 30.0433 22.6903 0
      vertex 30.0433 14.3097 0
    endloop
  endfacet
  facet normal 0 0 -1
    outer loop
      vertex 29.8215 14.2048 0
      vertex 29.8215 22.7952 0
      vertex 30.0433 22.6903 0
    endloop
  endfacet
  facet normal 0 0 -1
    outer loop
      vertex 29.6111 14.0787 0
      vertex 29.8215 22.7952 0
      vertex 29.8215 14.2048 0
    endloop
  endfacet
  facet normal 0 0 -1
    outer loop
      vertex 29.6111 14.0787 0
      vertex 29.6111 22.9213 0
      vertex 29.8215 22.7952 0
    endloop
  endfacet
  facet normal 0 0 -1
    outer loop
      vertex 29.414 13.9325 0
      vertex 29.6111 22.9213 0
      vertex 29.6111 14.0787 0
    endloop
  endfacet
  facet normal 0 0 -1
    outer loop
      vertex 29.414 13.9325 0
      vertex 29.414 23.0675 0
      vertex 29.6111 22.9213 0
    endloop
  endfacet
  facet normal 0 0 -1
    outer loop
      vertex 29.2322 13.7678 0
      vertex 29.414 23.0675 0
      vertex 29.414 13.9325 0
    endloop
  endfacet
  facet normal 0 0 -1
    outer loop
      vertex 29.2322 13.7678 0
      vertex 29.2322 23.2322 0
      vertex 29.414 23.0675 0
    endloop
  endfacet
  facet normal 0 0 -1
    outer loop
      vertex 20.2048 13.1785 0
      vertex 28.7952 13.1785 0
      vertex 20.3097 12.9567 0
    endloop
  endfacet
  facet normal 0 0 -1
    outer loop
      vertex 28.7952 13.1785 0
      vertex 20.2048 13.1785 0
      vertex 28.9213 13.3889 0
    endloop
  endfacet
  facet normal 0 0 -1
    outer loop
      vertex 28.6076 12.7257 0
      vertex 20.3923 12.7257 0
      vertex 28.6903 12.9567 0
    endloop
  endfacet
  facet normal 0 0 -1
    outer loop
      vertex 20.3097 12.9567 0
      vertex 28.6903 12.9567 0
      vertex 20.3923 12.7257 0
    endloop
  endfacet
  facet normal 0 0 -1
    outer loop
      vertex 20.3923 12.7257 0
      vertex 28.6076 12.7257 0
      vertex 20.452 12.4877 0
    endloop
  endfacet
  facet normal 0 0 -1
    outer loop
      vertex 28.6903 12.9567 0
      vertex 20.3097 12.9567 0
      vertex 28.7952 13.1785 0
    endloop
  endfacet
  facet normal 0 0 -1
    outer loop
      vertex 28.548 12.4877 0
      vertex 20.452 12.4877 0
      vertex 28.6076 12.7257 0
    endloop
  endfacet
  facet normal 0 0 -1
    outer loop
      vertex 29.0675 23.414 0
      vertex 20.5 25 0
      vertex 28.9213 23.6111 0
    endloop
  endfacet
  facet normal 0 0 -1
    outer loop
      vertex 20.452 12.4877 0
      vertex 28.548 12.4877 0
      vertex 20.488 12.245 0
    endloop
  endfacet
  facet normal 0 0 -1
    outer loop
      vertex 28.9213 23.6111 0
      vertex 20.5 25 0
      vertex 28.7952 23.8215 0
    endloop
  endfacet
  facet normal 0 0 -1
    outer loop
      vertex 28.512 12.245 0
      vertex 20.488 12.245 0
      vertex 28.548 12.4877 0
    endloop
  endfacet
  facet normal 0 0 -1
    outer loop
      vertex 28.7952 23.8215 0
      vertex 20.5 25 0
      vertex 28.6903 24.0433 0
    endloop
  endfacet
  facet normal 0 0 -1
    outer loop
      vertex 20.488 12.245 0
      vertex 28.512 12.245 0
      vertex 20.5 12 0
    endloop
  endfacet
  facet normal 0 0 -1
    outer loop
      vertex 28.6903 24.0433 0
      vertex 20.5 25 0
      vertex 28.6076 24.2743 0
    endloop
  endfacet
  facet normal 0 0 -1
    outer loop
      vertex 20.5 12 0
      vertex 28.512 12.245 0
      vertex 28.5 12 0
    endloop
  endfacet
  facet normal 0 0 -1
    outer loop
      vertex 28.6076 24.2743 0
      vertex 20.5 25 0
      vertex 28.548 24.5123 0
    endloop
  endfacet
  facet normal 0 0 -1
    outer loop
      vertex 84 0 0
      vertex 90 6 0
      vertex 89.9711 5.4119 0
    endloop
  endfacet
  facet normal 0 0 -1
    outer loop
      vertex 90 6 0
      vertex 60.75 34 0
      vertex 90 64 0
    endloop
  endfacet
  facet normal 0 0 -1
    outer loop
      vertex 84 0 0
      vertex 89.9711 5.4119 0
      vertex 89.8847 4.82946 0
    endloop
  endfacet
  facet normal 0 0 -1
    outer loop
      vertex 60.75 65.5 0
      vertex 90 64 0
      vertex 60.75 34 0
    endloop
  endfacet
  facet normal 0 0 -1
    outer loop
      vertex 84 0 0
      vertex 89.8847 4.82946 0
      vertex 89.7416 4.25829 0
    endloop
  endfacet
  facet normal 0 -0 -1
    outer loop
      vertex 84 70 0
      vertex 90 64 0
      vertex 60.75 65.5 0
    endloop
  endfacet
  facet normal 0 0 -1
    outer loop
      vertex 84 0 0
      vertex 89.7416 4.25829 0
      vertex 89.5433 3.7039 0
    endloop
  endfacet
  facet normal 0 0 -1
    outer loop
      vertex 90 64 0
      vertex 84 70 0
      vertex 89.9711 64.5881 0
    endloop
  endfacet
  facet normal 0 0 -1
    outer loop
      vertex 84 0 0
      vertex 89.5433 3.7039 0
      vertex 89.2915 3.17162 0
    endloop
  endfacet
  facet normal 0 0 -1
    outer loop
      vertex 89.9711 64.5881 0
      vertex 84 70 0
      vertex 89.8847 65.1705 0
    endloop
  endfacet
  facet normal 0 0 -1
    outer loop
      vertex 84 0 0
      vertex 89.2915 3.17162 0
      vertex 88.9888 2.66658 0
    endloop
  endfacet
  facet normal 0 0 -1
    outer loop
      vertex 89.8847 65.1705 0
      vertex 84 70 0
      vertex 89.7416 65.7417 0
    endloop
  endfacet
  facet normal 0 0 -1
    outer loop
      vertex 84 0 0
      vertex 88.9888 2.66658 0
      vertex 88.6381 2.19364 0
    endloop
  endfacet
  facet normal 0 0 -1
    outer loop
      vertex 89.7416 65.7417 0
      vertex 84 70 0
      vertex 89.5433 66.2961 0
    endloop
  endfacet
  facet normal 0 0 -1
    outer loop
      vertex 84 0 0
      vertex 88.6381 2.19364 0
      vertex 88.2426 1.75736 0
    endloop
  endfacet
  facet normal 0 0 -1
    outer loop
      vertex 89.2915 66.8284 0
      vertex 84 70 0
      vertex 88.9888 67.3334 0
    endloop
  endfacet
  facet normal 0 0 -1
    outer loop
      vertex 84 0 0
      vertex 88.2426 1.75736 0
      vertex 87.8064 1.36194 0
    endloop
  endfacet
  facet normal 0 0 -1
    outer loop
      vertex 88.9888 67.3334 0
      vertex 84 70 0
      vertex 88.6381 67.8064 0
    endloop
  endfacet
  facet normal 0 0 -1
    outer loop
      vertex 84 0 0
      vertex 87.8064 1.36194 0
      vertex 87.3334 1.01118 0
    endloop
  endfacet
  facet normal 0 0 -1
    outer loop
      vertex 88.6381 67.8064 0
      vertex 84 70 0
      vertex 88.2426 68.2426 0
    endloop
  endfacet
  facet normal 0 0 -1
    outer loop
      vertex 84 0 0
      vertex 87.3334 1.01118 0
      vertex 86.8284 0.708472 0
    endloop
  endfacet
  facet normal 0 0 -1
    outer loop
      vertex 88.2426 68.2426 0
      vertex 84 70 0
      vertex 87.8064 68.6381 0
    endloop
  endfacet
  facet normal 0 0 -1
    outer loop
      vertex 84 0 0
      vertex 86.8284 0.708472 0
      vertex 86.2961 0.456722 0
    endloop
  endfacet
  facet normal 0 0 -1
    outer loop
      vertex 87.8064 68.6381 0
      vertex 84 70 0
      vertex 87.3334 68.9888 0
    endloop
  endfacet
  facet normal 0 0 -1
    outer loop
      vertex 84 0 0
      vertex 86.2961 0.456722 0
      vertex 85.7417 0.258357 0
    endloop
  endfacet
  facet normal 0 0 -1
    outer loop
      vertex 87.3334 68.9888 0
      vertex 84 70 0
      vertex 86.8284 69.2915 0
    endloop
  endfacet
  facet normal 0 0 -1
    outer loop
      vertex 84 0 0
      vertex 85.7417 0.258357 0
      vertex 85.1705 0.115288 0
    endloop
  endfacet
  facet normal 0 0 -1
    outer loop
      vertex 86.8284 69.2915 0
      vertex 84 70 0
      vertex 86.2961 69.5433 0
    endloop
  endfacet
  facet normal 0 0 -1
    outer loop
      vertex 84 0 0
      vertex 85.1705 0.115288 0
      vertex 84.5881 0.0288916 0
    endloop
  endfacet
  facet normal 0 0 -1
    outer loop
      vertex 86.2961 69.5433 0
      vertex 84 70 0
      vertex 85.7417 69.7416 0
    endloop
  endfacet
  facet normal -0 0 -1
    outer loop
      vertex 90 6 0
      vertex 84 0 0
      vertex 60.75 34 0
    endloop
  endfacet
  facet normal 0 0 -1
    outer loop
      vertex 85.7417 69.7416 0
      vertex 84 70 0
      vertex 85.1705 69.8847 0
    endloop
  endfacet
  facet normal 0 0 -1
    outer loop
      vertex 85.1705 69.8847 0
      vertex 84 70 0
      vertex 84.5881 69.9711 0
    endloop
  endfacet
  facet normal 0 0 -1
    outer loop
      vertex 33.488 11.755 0
      vertex 60.75 34 0
      vertex 84 0 0
    endloop
  endfacet
  facet normal 0 0 -1
    outer loop
      vertex 60.75 34 0
      vertex 33.488 11.755 0
      vertex 33.5 12 0
    endloop
  endfacet
  facet normal 0 0 -1
    outer loop
      vertex 84 0 0
      vertex 33.452 11.5123 0
      vertex 33.488 11.755 0
    endloop
  endfacet
  facet normal 0 0 -1
    outer loop
      vertex 84 0 0
      vertex 33.3923 11.2743 0
      vertex 33.452 11.5123 0
    endloop
  endfacet
  facet normal 0 0 -1
    outer loop
      vertex 84 0 0
      vertex 33.3097 11.0433 0
      vertex 33.3923 11.2743 0
    endloop
  endfacet
  facet normal 0 0 -1
    outer loop
      vertex 84 0 0
      vertex 33.2048 10.8215 0
      vertex 33.3097 11.0433 0
    endloop
  endfacet
  facet normal 0 0 -1
    outer loop
      vertex 84 0 0
      vertex 33.0787 10.6111 0
      vertex 33.2048 10.8215 0
    endloop
  endfacet
  facet normal 0 0 -1
    outer loop
      vertex 84 0 0
      vertex 32.9325 10.414 0
      vertex 33.0787 10.6111 0
    endloop
  endfacet
  facet normal 0 0 -1
    outer loop
      vertex 84 0 0
      vertex 32.7678 10.2322 0
      vertex 32.9325 10.414 0
    endloop
  endfacet
  facet normal 0 0 -1
    outer loop
      vertex 84 0 0
      vertex 32.586 10.0675 0
      vertex 32.7678 10.2322 0
    endloop
  endfacet
  facet normal 0 0 -1
    outer loop
      vertex 84 0 0
      vertex 32.3889 9.92133 0
      vertex 32.586 10.0675 0
    endloop
  endfacet
  facet normal 0 0 -1
    outer loop
      vertex 84 0 0
      vertex 32.1785 9.7952 0
      vertex 32.3889 9.92133 0
    endloop
  endfacet
  facet normal 0 0 -1
    outer loop
      vertex 84 0 0
      vertex 31.9567 9.6903 0
      vertex 32.1785 9.7952 0
    endloop
  endfacet
  facet normal 0 0 -1
    outer loop
      vertex 84 0 0
      vertex 31.7257 9.60765 0
      vertex 31.9567 9.6903 0
    endloop
  endfacet
  facet normal 0 0 -1
    outer loop
      vertex 84 0 0
      vertex 31.4877 9.54804 0
      vertex 31.7257 9.60765 0
    endloop
  endfacet
  facet normal 0 0 -1
    outer loop
      vertex 6 0 0
      vertex 31.4877 9.54804 0
      vertex 84 0 0
    endloop
  endfacet
  facet normal 0 0 -1
    outer loop
      vertex 31.4877 9.54804 0
      vertex 6 0 0
      vertex 31.245 9.51204 0
    endloop
  endfacet
  facet normal 0 0 -1
    outer loop
      vertex 31.245 9.51204 0
      vertex 6 0 0
      vertex 31 9.5 0
    endloop
  endfacet
  facet normal -0 0 -1
    outer loop
      vertex 31 9.5 0
      vertex 6 0 0
      vertex 30.755 9.51204 0
    endloop
  endfacet
  facet normal 0 0 -1
    outer loop
      vertex 28.548 24.5123 0
      vertex 20.5 25 0
      vertex 28.512 24.755 0
    endloop
  endfacet
  facet normal 0 0 -1
    outer loop
      vertex 28.512 11.755 0
      vertex 20.5 12 0
      vertex 28.5 12 0
    endloop
  endfacet
  facet normal 0 0 -1
    outer loop
      vertex 20.488 11.755 0
      vertex 28.512 11.755 0
      vertex 28.548 11.5123 0
    endloop
  endfacet
  facet normal 0 0 -1
    outer loop
      vertex 20.452 11.5123 0
      vertex 28.548 11.5123 0
      vertex 28.6076 11.2743 0
    endloop
  endfacet
  facet normal 0 0 -1
    outer loop
      vertex 20.3923 11.2743 0
      vertex 28.6076 11.2743 0
      vertex 28.6903 11.0433 0
    endloop
  endfacet
  facet normal 0 0 -1
    outer loop
      vertex 20.3097 11.0433 0
      vertex 28.6903 11.0433 0
      vertex 28.7952 10.8215 0
    endloop
  endfacet
  facet normal 0 0 -1
    outer loop
      vertex 20.2048 10.8215 0
      vertex 28.7952 10.8215 0
      vertex 28.9213 10.6111 0
    endloop
  endfacet
  facet normal 0 0 -1
    outer loop
      vertex 20.0787 10.6111 0
      vertex 28.9213 10.6111 0
      vertex 29.0675 10.414 0
    endloop
  endfacet
  facet normal 0 0 -1
    outer loop
      vertex 19.9325 10.414 0
      vertex 29.0675 10.414 0
      vertex 29.2322 10.2322 0
    endloop
  endfacet
  facet normal 0 0 -1
    outer loop
      vertex 19.7678 10.2322 0
      vertex 29.2322 10.2322 0
      vertex 29.414 10.0675 0
    endloop
  endfacet
  facet normal 0 0 -1
    outer loop
      vertex 19.586 10.0675 0
      vertex 29.414 10.0675 0
      vertex 29.6111 9.92133 0
    endloop
  endfacet
  facet normal 0 0 -1
    outer loop
      vertex 19.3889 9.92133 0
      vertex 29.6111 9.92133 0
      vertex 29.8215 9.7952 0
    endloop
  endfacet
  facet normal 0 0 -1
    outer loop
      vertex 19.1785 9.7952 0
      vertex 29.8215 9.7952 0
      vertex 30.0433 9.6903 0
    endloop
  endfacet
  facet normal 0 0 -1
    outer loop
      vertex 18.9567 9.6903 0
      vertex 30.0433 9.6903 0
      vertex 30.2743 9.60765 0
    endloop
  endfacet
  facet normal 0 0 -1
    outer loop
      vertex 6 0 0
      vertex 30.2743 9.60765 0
      vertex 30.5123 9.54804 0
    endloop
  endfacet
  facet normal 0 0 -1
    outer loop
      vertex 28.512 11.755 0
      vertex 20.488 11.755 0
      vertex 20.5 12 0
    endloop
  endfacet
  facet normal 0 0 -1
    outer loop
      vertex 28.548 11.5123 0
      vertex 20.452 11.5123 0
      vertex 20.488 11.755 0
    endloop
  endfacet
  facet normal 0 0 -1
    outer loop
      vertex 28.6076 11.2743 0
      vertex 20.3923 11.2743 0
      vertex 20.452 11.5123 0
    endloop
  endfacet
  facet normal -0 0 -1
    outer loop
      vertex 30.755 9.51204 0
      vertex 6 0 0
      vertex 30.5123 9.54804 0
    endloop
  endfacet
  facet normal 0 0 -1
    outer loop
      vertex 28.6903 11.0433 0
      vertex 20.3097 11.0433 0
      vertex 20.3923 11.2743 0
    endloop
  endfacet
  facet normal 0 0 -1
    outer loop
      vertex 28.7952 10.8215 0
      vertex 20.2048 10.8215 0
      vertex 20.3097 11.0433 0
    endloop
  endfacet
  facet normal 0 0 -1
    outer loop
      vertex 28.9213 10.6111 0
      vertex 20.0787 10.6111 0
      vertex 20.2048 10.8215 0
    endloop
  endfacet
  facet normal 0 0 -1
    outer loop
      vertex 29.0675 10.414 0
      vertex 19.9325 10.414 0
      vertex 20.0787 10.6111 0
    endloop
  endfacet
  facet normal 0 0 -1
    outer loop
      vertex 29.2322 10.2322 0
      vertex 19.7678 10.2322 0
      vertex 19.9325 10.414 0
    endloop
  endfacet
  facet normal 0 0 -1
    outer loop
      vertex 29.414 10.0675 0
      vertex 19.586 10.0675 0
      vertex 19.7678 10.2322 0
    endloop
  endfacet
  facet normal 0 0 -1
    outer loop
      vertex 29.6111 9.92133 0
      vertex 19.3889 9.92133 0
      vertex 19.586 10.0675 0
    endloop
  endfacet
  facet normal 0 0 -1
    outer loop
      vertex 29.8215 9.7952 0
      vertex 19.1785 9.7952 0
      vertex 19.3889 9.92133 0
    endloop
  endfacet
  facet normal -0 0 -1
    outer loop
      vertex 30.2743 9.60765 0
      vertex 6 0 0
      vertex 18.7257 9.60765 0
    endloop
  endfacet
  facet normal 0 0 -1
    outer loop
      vertex 30.0433 9.6903 0
      vertex 18.9567 9.6903 0
      vertex 19.1785 9.7952 0
    endloop
  endfacet
  facet normal 0 0 -1
    outer loop
      vertex 30.2743 9.60765 0
      vertex 18.7257 9.60765 0
      vertex 18.9567 9.6903 0
    endloop
  endfacet
  facet normal 0 0 -1
    outer loop
      vertex 18.7257 9.60765 0
      vertex 6 0 0
      vertex 18.4877 9.54804 0
    endloop
  endfacet
  facet normal 0 0 -1
    outer loop
      vertex 18.4877 9.54804 0
      vertex 6 0 0
      vertex 18.245 9.51204 0
    endloop
  endfacet
  facet normal 0 0 -1
    outer loop
      vertex 18.245 9.51204 0
      vertex 6 0 0
      vertex 18 9.5 0
    endloop
  endfacet
  facet normal -0 0 -1
    outer loop
      vertex 15.512 11.755 0
      vertex 0 6 0
      vertex 15.5 12 0
    endloop
  endfacet
  facet normal -0 0 -1
    outer loop
      vertex 15.548 11.5123 0
      vertex 0 6 0
      vertex 15.512 11.755 0
    endloop
  endfacet
  facet normal -0 0 -1
    outer loop
      vertex 15.6076 11.2743 0
      vertex 0 6 0
      vertex 15.548 11.5123 0
    endloop
  endfacet
  facet normal -0 0 -1
    outer loop
      vertex 15.6903 11.0433 0
      vertex 0 6 0
      vertex 15.6076 11.2743 0
    endloop
  endfacet
  facet normal 0 0 -1
    outer loop
      vertex 0 6 0
      vertex 15.6903 11.0433 0
      vertex 6 0 0
    endloop
  endfacet
  facet normal -0 0 -1
    outer loop
      vertex 15.7952 10.8215 0
      vertex 6 0 0
      vertex 15.6903 11.0433 0
    endloop
  endfacet
  facet normal -0 0 -1
    outer loop
      vertex 15.9213 10.6111 0
      vertex 6 0 0
      vertex 15.7952 10.8215 0
    endloop
  endfacet
  facet normal -0 0 -1
    outer loop
      vertex 16.0675 10.414 0
      vertex 6 0 0
      vertex 15.9213 10.6111 0
    endloop
  endfacet
  facet normal -0 0 -1
    outer loop
      vertex 16.2322 10.2322 0
      vertex 6 0 0
      vertex 16.0675 10.414 0
    endloop
  endfacet
  facet normal -0 0 -1
    outer loop
      vertex 16.414 10.0675 0
      vertex 6 0 0
      vertex 16.2322 10.2322 0
    endloop
  endfacet
  facet normal -0 0 -1
    outer loop
      vertex 16.6111 9.92133 0
      vertex 6 0 0
      vertex 16.414 10.0675 0
    endloop
  endfacet
  facet normal -0 0 -1
    outer loop
      vertex 16.8215 9.7952 0
      vertex 6 0 0
      vertex 16.6111 9.92133 0
    endloop
  endfacet
  facet normal -0 0 -1
    outer loop
      vertex 17.0433 9.6903 0
      vertex 6 0 0
      vertex 16.8215 9.7952 0
    endloop
  endfacet
  facet normal -0 0 -1
    outer loop
      vertex 17.2743 9.60765 0
      vertex 6 0 0
      vertex 17.0433 9.6903 0
    endloop
  endfacet
  facet normal -0 0 -1
    outer loop
      vertex 17.5123 9.54804 0
      vertex 6 0 0
      vertex 17.2743 9.60765 0
    endloop
  endfacet
  facet normal -0 0 -1
    outer loop
      vertex 17.755 9.51204 0
      vertex 6 0 0
      vertex 17.5123 9.54804 0
    endloop
  endfacet
  facet normal -0 0 -1
    outer loop
      vertex 18 9.5 0
      vertex 6 0 0
      vertex 17.755 9.51204 0
    endloop
  endfacet
  facet normal 0 0 -1
    outer loop
      vertex 89.5433 66.2961 0
      vertex 84 70 0
      vertex 89.2915 66.8284 0
    endloop
  endfacet
  facet normal 0 0 -1
    outer loop
      vertex 29.25 65.5 0
      vertex 84 70 0
      vertex 60.75 65.5 0
    endloop
  endfacet
  facet normal 0 0 -1
    outer loop
      vertex 19.9325 26.586 0
      vertex 29.25 34 0
      vertex 29.0675 26.586 0
    endloop
  endfacet
  facet normal 0 0 -1
    outer loop
      vertex 19.9325 26.586 0
      vertex 29.0675 26.586 0
      vertex 28.9213 26.3889 0
    endloop
  endfacet
  facet normal 0 0 -1
    outer loop
      vertex 20.0787 26.3889 0
      vertex 28.9213 26.3889 0
      vertex 28.7952 26.1785 0
    endloop
  endfacet
  facet normal 0 0 -1
    outer loop
      vertex 20.2048 26.1785 0
      vertex 28.7952 26.1785 0
      vertex 28.6903 25.9567 0
    endloop
  endfacet
  facet normal 0 0 -1
    outer loop
      vertex 20.3097 25.9567 0
      vertex 28.6903 25.9567 0
      vertex 28.6076 25.7257 0
    endloop
  endfacet
  facet normal 0 0 -1
    outer loop
      vertex 20.3923 25.7257 0
      vertex 28.6076 25.7257 0
      vertex 28.548 25.4877 0
    endloop
  endfacet
  facet normal 0 0 -1
    outer loop
      vertex 20.452 25.4877 0
      vertex 28.548 25.4877 0
      vertex 28.512 25.245 0
    endloop
  endfacet
  facet normal 0 0 -1
    outer loop
      vertex 20.488 25.245 0
      vertex 28.512 25.245 0
      vertex 28.5 25 0
    endloop
  endfacet
  facet normal 0 0 -1
    outer loop
      vertex 28.512 24.755 0
      vertex 20.5 25 0
      vertex 28.5 25 0
    endloop
  endfacet
  facet normal 0 0 -1
    outer loop
      vertex 20.488 25.245 0
      vertex 28.5 25 0
      vertex 20.5 25 0
    endloop
  endfacet
  facet normal 0 0 -1
    outer loop
      vertex 28.512 25.245 0
      vertex 20.488 25.245 0
      vertex 20.452 25.4877 0
    endloop
  endfacet
  facet normal 0 0 -1
    outer loop
      vertex 28.548 25.4877 0
      vertex 20.452 25.4877 0
      vertex 20.3923 25.7257 0
    endloop
  endfacet
  facet normal 0 0 -1
    outer loop
      vertex 28.6076 25.7257 0
      vertex 20.3923 25.7257 0
      vertex 20.3097 25.9567 0
    endloop
  endfacet
  facet normal 0 0 -1
    outer loop
      vertex 28.6903 25.9567 0
      vertex 20.3097 25.9567 0
      vertex 20.2048 26.1785 0
    endloop
  endfacet
  facet normal 0 0 -1
    outer loop
      vertex 28.7952 26.1785 0
      vertex 20.2048 26.1785 0
      vertex 20.0787 26.3889 0
    endloop
  endfacet
  facet normal 0 0 -1
    outer loop
      vertex 28.9213 26.3889 0
      vertex 20.0787 26.3889 0
      vertex 19.9325 26.586 0
    endloop
  endfacet
  facet normal 0 0 -1
    outer loop
      vertex 29.25 34 0
      vertex 19.9325 26.586 0
      vertex 19.7678 26.7678 0
    endloop
  endfacet
  facet normal 0 0 -1
    outer loop
      vertex 29.25 34 0
      vertex 19.7678 26.7678 0
      vertex 19.586 26.9325 0
    endloop
  endfacet
  facet normal 0 0 -1
    outer loop
      vertex 29.25 34 0
      vertex 19.586 26.9325 0
      vertex 19.3889 27.0787 0
    endloop
  endfacet
  facet normal 0 0 -1
    outer loop
      vertex 29.25 34 0
      vertex 19.3889 27.0787 0
      vertex 19.1785 27.2048 0
    endloop
  endfacet
  facet normal 0 0 -1
    outer loop
      vertex 29.25 34 0
      vertex 19.1785 27.2048 0
      vertex 18.9567 27.3097 0
    endloop
  endfacet
  facet normal 0 0 -1
    outer loop
      vertex 18.7257 27.3923 0
      vertex 29.25 34 0
      vertex 18.9567 27.3097 0
    endloop
  endfacet
  facet normal 0 0 -1
    outer loop
      vertex 18.4877 27.452 0
      vertex 29.25 34 0
      vertex 18.7257 27.3923 0
    endloop
  endfacet
  facet normal 0 0 -1
    outer loop
      vertex 18.245 27.488 0
      vertex 29.25 34 0
      vertex 18.4877 27.452 0
    endloop
  endfacet
  facet normal 0 0 -1
    outer loop
      vertex 18 27.5 0
      vertex 29.25 34 0
      vertex 18.245 27.488 0
    endloop
  endfacet
  facet normal 0 0 -1
    outer loop
      vertex 17.755 27.488 0
      vertex 29.25 34 0
      vertex 18 27.5 0
    endloop
  endfacet
  facet normal 0 0 -1
    outer loop
      vertex 17.5123 27.452 0
      vertex 29.25 34 0
      vertex 17.755 27.488 0
    endloop
  endfacet
  facet normal -0 0 -1
    outer loop
      vertex 29.25 34 0
      vertex 17.5123 27.452 0
      vertex 0 64 0
    endloop
  endfacet
  facet normal 0 0 -1
    outer loop
      vertex 0 64 0
      vertex 17.5123 27.452 0
      vertex 17.2743 27.3923 0
    endloop
  endfacet
  facet normal 0 0 -1
    outer loop
      vertex 0 64 0
      vertex 17.2743 27.3923 0
      vertex 17.0433 27.3097 0
    endloop
  endfacet
  facet normal 0 0 -1
    outer loop
      vertex 0 64 0
      vertex 17.0433 27.3097 0
      vertex 16.8215 27.2048 0
    endloop
  endfacet
  facet normal 0 0 -1
    outer loop
      vertex 0 64 0
      vertex 16.8215 27.2048 0
      vertex 16.6111 27.0787 0
    endloop
  endfacet
  facet normal 0 0 -1
    outer loop
      vertex 0 64 0
      vertex 16.6111 27.0787 0
      vertex 16.414 26.9325 0
    endloop
  endfacet
  facet normal 0 0 -1
    outer loop
      vertex 0 64 0
      vertex 16.414 26.9325 0
      vertex 16.2322 26.7678 0
    endloop
  endfacet
  facet normal 0 0 -1
    outer loop
      vertex 0 64 0
      vertex 16.2322 26.7678 0
      vertex 16.0675 26.586 0
    endloop
  endfacet
  facet normal 0 0 -1
    outer loop
      vertex 0 64 0
      vertex 16.0675 26.586 0
      vertex 15.9213 26.3889 0
    endloop
  endfacet
  facet normal 0 0 -1
    outer loop
      vertex 0 64 0
      vertex 15.9213 26.3889 0
      vertex 15.7952 26.1785 0
    endloop
  endfacet
  facet normal 0 0 -1
    outer loop
      vertex 0 64 0
      vertex 15.7952 26.1785 0
      vertex 15.6903 25.9567 0
    endloop
  endfacet
  facet normal 0 0 -1
    outer loop
      vertex 0 64 0
      vertex 15.6903 25.9567 0
      vertex 15.6076 25.7257 0
    endloop
  endfacet
  facet normal -0 0 -1
    outer loop
      vertex 15.512 24.755 0
      vertex 0 6 0
      vertex 15.5 25 0
    endloop
  endfacet
  facet normal -0 0 -1
    outer loop
      vertex 15.5 25 0
      vertex 0 6 0
      vertex 15.512 25.245 0
    endloop
  endfacet
  facet normal -0 0 -1
    outer loop
      vertex 15.512 25.245 0
      vertex 0 6 0
      vertex 15.548 25.4877 0
    endloop
  endfacet
  facet normal -0 0 -1
    outer loop
      vertex 15.548 25.4877 0
      vertex 0 6 0
      vertex 15.6076 25.7257 0
    endloop
  endfacet
  facet normal 0 0 -1
    outer loop
      vertex 29.25 65.5 0
      vertex 6 70 0
      vertex 84 70 0
    endloop
  endfacet
  facet normal 0 0 -1
    outer loop
      vertex 0 64 0
      vertex 15.6076 25.7257 0
      vertex 0 6 0
    endloop
  endfacet
  facet normal 0 0 -1
    outer loop
      vertex 0 6 0
      vertex 6 0 0
      vertex 5.4119 0.0288916 0
    endloop
  endfacet
  facet normal 0 0 -1
    outer loop
      vertex 29.25 34 0
      vertex 0 64 0
      vertex 29.25 65.5 0
    endloop
  endfacet
  facet normal 0 0 -1
    outer loop
      vertex 0 6 0
      vertex 5.4119 0.0288916 0
      vertex 4.82946 0.115288 0
    endloop
  endfacet
  facet normal -0 0 -1
    outer loop
      vertex 29.25 65.5 0
      vertex 0 64 0
      vertex 6 70 0
    endloop
  endfacet
  facet normal 0 0 -1
    outer loop
      vertex 0 6 0
      vertex 4.82946 0.115288 0
      vertex 4.25829 0.258357 0
    endloop
  endfacet
  facet normal 0 0 -1
    outer loop
      vertex 6 70 0
      vertex 0 64 0
      vertex 5.4119 69.9711 0
    endloop
  endfacet
  facet normal 0 0 -1
    outer loop
      vertex 0 6 0
      vertex 4.25829 0.258357 0
      vertex 3.7039 0.456722 0
    endloop
  endfacet
  facet normal 0 0 -1
    outer loop
      vertex 5.4119 69.9711 0
      vertex 0 64 0
      vertex 4.82946 69.8847 0
    endloop
  endfacet
  facet normal 0 0 -1
    outer loop
      vertex 0 6 0
      vertex 3.7039 0.456722 0
      vertex 3.17162 0.708472 0
    endloop
  endfacet
  facet normal 0 0 -1
    outer loop
      vertex 4.82946 69.8847 0
      vertex 0 64 0
      vertex 4.25829 69.7416 0
    endloop
  endfacet
  facet normal 0 0 -1
    outer loop
      vertex 0 6 0
      vertex 3.17162 0.708472 0
      vertex 2.66658 1.01118 0
    endloop
  endfacet
  facet normal 0 0 -1
    outer loop
      vertex 4.25829 69.7416 0
      vertex 0 64 0
      vertex 3.7039 69.5433 0
    endloop
  endfacet
  facet normal 0 0 -1
    outer loop
      vertex 0 6 0
      vertex 2.66658 1.01118 0
      vertex 2.19364 1.36194 0
    endloop
  endfacet
  facet normal 0 0 -1
    outer loop
      vertex 3.7039 69.5433 0
      vertex 0 64 0
      vertex 3.17162 69.2915 0
    endloop
  endfacet
  facet normal 0 0 -1
    outer loop
      vertex 0 6 0
      vertex 2.19364 1.36194 0
      vertex 1.75736 1.75736 0
    endloop
  endfacet
  facet normal 0 0 -1
    outer loop
      vertex 3.17162 69.2915 0
      vertex 0 64 0
      vertex 2.66658 68.9888 0
    endloop
  endfacet
  facet normal 0 0 -1
    outer loop
      vertex 0 6 0
      vertex 1.75736 1.75736 0
      vertex 1.36194 2.19364 0
    endloop
  endfacet
  facet normal 0 0 -1
    outer loop
      vertex 2.66658 68.9888 0
      vertex 0 64 0
      vertex 2.19364 68.6381 0
    endloop
  endfacet
  facet normal 0 0 -1
    outer loop
      vertex 0 6 0
      vertex 1.36194 2.19364 0
      vertex 1.01118 2.66658 0
    endloop
  endfacet
  facet normal 0 0 -1
    outer loop
      vertex 2.19364 68.6381 0
      vertex 0 64 0
      vertex 1.75736 68.2426 0
    endloop
  endfacet
  facet normal 0 0 -1
    outer loop
      vertex 0 6 0
      vertex 1.01118 2.66658 0
      vertex 0.708472 3.17162 0
    endloop
  endfacet
  facet normal 0 0 -1
    outer loop
      vertex 1.75736 68.2426 0
      vertex 0 64 0
      vertex 1.36194 67.8064 0
    endloop
  endfacet
  facet normal 0 0 -1
    outer loop
      vertex 0 6 0
      vertex 0.708472 3.17162 0
      vertex 0.456722 3.7039 0
    endloop
  endfacet
  facet normal 0 0 -1
    outer loop
      vertex 1.36194 67.8064 0
      vertex 0 64 0
      vertex 1.01118 67.3334 0
    endloop
  endfacet
  facet normal 0 0 -1
    outer loop
      vertex 0 6 0
      vertex 0.456722 3.7039 0
      vertex 0.258357 4.25829 0
    endloop
  endfacet
  facet normal 0 0 -1
    outer loop
      vertex 1.01118 67.3334 0
      vertex 0 64 0
      vertex 0.708472 66.8284 0
    endloop
  endfacet
  facet normal 0 0 -1
    outer loop
      vertex 0 6 0
      vertex 0.258357 4.25829 0
      vertex 0.115288 4.82946 0
    endloop
  endfacet
  facet normal 0 0 -1
    outer loop
      vertex 0.708472 66.8284 0
      vertex 0 64 0
      vertex 0.456722 66.2961 0
    endloop
  endfacet
  facet normal 0 0 -1
    outer loop
      vertex 0 6 0
      vertex 0.115288 4.82946 0
      vertex 0.0288916 5.4119 0
    endloop
  endfacet
  facet normal 0 0 -1
    outer loop
      vertex 0.456722 66.2961 0
      vertex 0 64 0
      vertex 0.258357 65.7417 0
    endloop
  endfacet
  facet normal 0 0 -1
    outer loop
      vertex 0.258357 65.7417 0
      vertex 0 64 0
      vertex 0.115288 65.1705 0
    endloop
  endfacet
  facet normal 0 0 -1
    outer loop
      vertex 0.115288 65.1705 0
      vertex 0 64 0
      vertex 0.0288916 64.5881 0
    endloop
  endfacet
  facet normal 0 0 -1
    outer loop
      vertex 33.488 12.245 0
      vertex 60.75 34 0
      vertex 33.5 12 0
    endloop
  endfacet
  facet normal 0 0 -1
    outer loop
      vertex 33.488 25.245 0
      vertex 60.75 34 0
      vertex 33.5 25 0
    endloop
  endfacet
  facet normal 0 0 -1
    outer loop
      vertex 33.452 25.4877 0
      vertex 60.75 34 0
      vertex 33.488 25.245 0
    endloop
  endfacet
  facet normal 0 0 -1
    outer loop
      vertex 33.3923 25.7257 0
      vertex 60.75 34 0
      vertex 33.452 25.4877 0
    endloop
  endfacet
  facet normal 0 0 -1
    outer loop
      vertex 33.3097 25.9567 0
      vertex 60.75 34 0
      vertex 33.3923 25.7257 0
    endloop
  endfacet
  facet normal 0 0 -1
    outer loop
      vertex 33.2048 26.1785 0
      vertex 60.75 34 0
      vertex 33.3097 25.9567 0
    endloop
  endfacet
  facet normal 0 0 -1
    outer loop
      vertex 33.0787 26.3889 0
      vertex 60.75 34 0
      vertex 33.2048 26.1785 0
    endloop
  endfacet
  facet normal 0 0 -1
    outer loop
      vertex 32.9325 26.586 0
      vertex 60.75 34 0
      vertex 33.0787 26.3889 0
    endloop
  endfacet
  facet normal 0 0 -1
    outer loop
      vertex 29.25 34 0
      vertex 32.9325 26.586 0
      vertex 32.7678 26.7678 0
    endloop
  endfacet
  facet normal 0 0 -1
    outer loop
      vertex 29.25 34 0
      vertex 32.7678 26.7678 0
      vertex 32.586 26.9325 0
    endloop
  endfacet
  facet normal 0 0 -1
    outer loop
      vertex 29.25 34 0
      vertex 32.586 26.9325 0
      vertex 32.3889 27.0787 0
    endloop
  endfacet
  facet normal 0 0 -1
    outer loop
      vertex 29.25 34 0
      vertex 32.3889 27.0787 0
      vertex 32.1785 27.2048 0
    endloop
  endfacet
  facet normal 0 0 -1
    outer loop
      vertex 29.25 34 0
      vertex 32.1785 27.2048 0
      vertex 31.9567 27.3097 0
    endloop
  endfacet
  facet normal 0 0 -1
    outer loop
      vertex 29.25 34 0
      vertex 31.9567 27.3097 0
      vertex 31.7257 27.3923 0
    endloop
  endfacet
  facet normal 0 0 -1
    outer loop
      vertex 29.25 34 0
      vertex 31.7257 27.3923 0
      vertex 31.4877 27.452 0
    endloop
  endfacet
  facet normal 0 0 -1
    outer loop
      vertex 29.25 34 0
      vertex 31.4877 27.452 0
      vertex 31.245 27.488 0
    endloop
  endfacet
  facet normal 0 0 -1
    outer loop
      vertex 29.25 34 0
      vertex 31.245 27.488 0
      vertex 31 27.5 0
    endloop
  endfacet
  facet normal 0 0 -1
    outer loop
      vertex 29.25 34 0
      vertex 31 27.5 0
      vertex 30.755 27.488 0
    endloop
  endfacet
  facet normal 0 0 -1
    outer loop
      vertex 29.25 34 0
      vertex 30.755 27.488 0
      vertex 30.5123 27.452 0
    endloop
  endfacet
  facet normal 0 0 -1
    outer loop
      vertex 32.9325 26.586 0
      vertex 29.25 34 0
      vertex 60.75 34 0
    endloop
  endfacet
  facet normal 0 0 -1
    outer loop
      vertex 30.2743 27.3923 0
      vertex 29.25 34 0
      vertex 30.5123 27.452 0
    endloop
  endfacet
  facet normal 0 0 -1
    outer loop
      vertex 30.0433 27.3097 0
      vertex 29.25 34 0
      vertex 30.2743 27.3923 0
    endloop
  endfacet
  facet normal 0 0 -1
    outer loop
      vertex 29.8215 27.2048 0
      vertex 29.25 34 0
      vertex 30.0433 27.3097 0
    endloop
  endfacet
  facet normal 0 0 -1
    outer loop
      vertex 29.6111 27.0787 0
      vertex 29.25 34 0
      vertex 29.8215 27.2048 0
    endloop
  endfacet
  facet normal 0 0 -1
    outer loop
      vertex 29.414 26.9325 0
      vertex 29.25 34 0
      vertex 29.6111 27.0787 0
    endloop
  endfacet
  facet normal 0 0 -1
    outer loop
      vertex 29.0675 26.586 0
      vertex 29.25 34 0
      vertex 29.2322 26.7678 0
    endloop
  endfacet
  facet normal 0 0 -1
    outer loop
      vertex 29.2322 26.7678 0
      vertex 29.25 34 0
      vertex 29.414 26.9325 0
    endloop
  endfacet
  facet normal 0.242966 -0.970035 0
    outer loop
      vertex 85.1705 0.115288 0
      vertex 85.7417 0.258357 22
      vertex 85.1705 0.115288 22
    endloop
  endfacet
  facet normal 0.242966 -0.970035 0
    outer loop
      vertex 85.7417 0.258357 22
      vertex 85.1705 0.115288 0
      vertex 85.7417 0.258357 0
    endloop
  endfacet
  facet normal 0 1 0
    outer loop
      vertex 84 70 22
      vertex 54 70 17
      vertex 6 70 22
    endloop
  endfacet
  facet normal 0 1 0
    outer loop
      vertex 84 70 22
      vertex 54 70 8
      vertex 54 70 17
    endloop
  endfacet
  facet normal 0 1 0
    outer loop
      vertex 54 70 8
      vertex 84 70 0
      vertex 36 70 8
    endloop
  endfacet
  facet normal 0 1 -0
    outer loop
      vertex 84 70 0
      vertex 54 70 8
      vertex 84 70 22
    endloop
  endfacet
  facet normal 0 1 -0
    outer loop
      vertex 36 70 17
      vertex 6 70 22
      vertex 54 70 17
    endloop
  endfacet
  facet normal 0 1 -0
    outer loop
      vertex 36 70 8
      vertex 6 70 22
      vertex 36 70 17
    endloop
  endfacet
  facet normal 0 1 0
    outer loop
      vertex 36 70 8
      vertex 6 70 0
      vertex 6 70 22
    endloop
  endfacet
  facet normal 0 1 0
    outer loop
      vertex 6 70 0
      vertex 36 70 8
      vertex 84 70 0
    endloop
  endfacet
  facet normal 0.0490821 0.998795 -0
    outer loop
      vertex 84.5881 69.9711 0
      vertex 84 70 22
      vertex 84.5881 69.9711 22
    endloop
  endfacet
  facet normal 0.0490821 0.998795 0
    outer loop
      vertex 84 70 22
      vertex 84.5881 69.9711 0
      vertex 84 70 0
    endloop
  endfacet
  facet normal -0.514091 0.857736 0
    outer loop
      vertex 3.17162 69.2915 0
      vertex 2.66658 68.9888 22
      vertex 3.17162 69.2915 22
    endloop
  endfacet
  facet normal -0.514091 0.857736 0
    outer loop
      vertex 2.66658 68.9888 22
      vertex 3.17162 69.2915 0
      vertex 2.66658 68.9888 0
    endloop
  endfacet
  facet normal -0.998795 -0.0490678 0
    outer loop
      vertex 0.0288916 5.4119 0
      vertex 0 6 22
      vertex 0 6 0
    endloop
  endfacet
  facet normal -0.998795 -0.0490678 0
    outer loop
      vertex 0 6 22
      vertex 0.0288916 5.4119 0
      vertex 0.0288916 5.4119 22
    endloop
  endfacet
  facet normal 0.970023 0.243015 0
    outer loop
      vertex 89.8847 65.1705 22
      vertex 89.7416 65.7417 0
      vertex 89.7416 65.7417 22
    endloop
  endfacet
  facet normal 0.970023 0.243015 0
    outer loop
      vertex 89.7416 65.7417 0
      vertex 89.8847 65.1705 22
      vertex 89.8847 65.1705 0
    endloop
  endfacet
  facet normal 0.0490678 -0.998795 0
    outer loop
      vertex 84 0 0
      vertex 84.5881 0.0288916 22
      vertex 84 0 22
    endloop
  endfacet
  facet normal 0.0490678 -0.998795 0
    outer loop
      vertex 84.5881 0.0288916 22
      vertex 84 0 0
      vertex 84.5881 0.0288916 0
    endloop
  endfacet
  facet normal 0.514121 0.857718 -0
    outer loop
      vertex 87.3334 68.9888 0
      vertex 86.8284 69.2915 22
      vertex 87.3334 68.9888 22
    endloop
  endfacet
  facet normal 0.514121 0.857718 0
    outer loop
      vertex 86.8284 69.2915 22
      vertex 87.3334 68.9888 0
      vertex 86.8284 69.2915 0
    endloop
  endfacet
  facet normal 0.146746 0.989174 -0
    outer loop
      vertex 85.1705 69.8847 0
      vertex 84.5881 69.9711 22
      vertex 85.1705 69.8847 22
    endloop
  endfacet
  facet normal 0.146746 0.989174 0
    outer loop
      vertex 84.5881 69.9711 22
      vertex 85.1705 69.8847 0
      vertex 84.5881 69.9711 0
    endloop
  endfacet
  facet normal -0.242978 -0.970032 0
    outer loop
      vertex 4.25829 0.258357 0
      vertex 4.82946 0.115288 22
      vertex 4.25829 0.258357 22
    endloop
  endfacet
  facet normal -0.242978 -0.970032 -0
    outer loop
      vertex 4.82946 0.115288 22
      vertex 4.25829 0.258357 0
      vertex 4.82946 0.115288 0
    endloop
  endfacet
  facet normal -0.740891 0.671625 0
    outer loop
      vertex 1.36194 67.8064 0
      vertex 1.75736 68.2426 22
      vertex 1.75736 68.2426 0
    endloop
  endfacet
  facet normal -0.740891 0.671625 0
    outer loop
      vertex 1.75736 68.2426 22
      vertex 1.36194 67.8064 0
      vertex 1.36194 67.8064 22
    endloop
  endfacet
  facet normal -0.803241 0.595655 0
    outer loop
      vertex 1.01118 67.3334 0
      vertex 1.36194 67.8064 22
      vertex 1.36194 67.8064 0
    endloop
  endfacet
  facet normal -0.803241 0.595655 0
    outer loop
      vertex 1.36194 67.8064 22
      vertex 1.01118 67.3334 0
      vertex 1.01118 67.3334 22
    endloop
  endfacet
  facet normal -0.671632 0.740884 0
    outer loop
      vertex 2.19364 68.6381 0
      vertex 1.75736 68.2426 22
      vertex 2.19364 68.6381 22
    endloop
  endfacet
  facet normal -0.671632 0.740884 0
    outer loop
      vertex 1.75736 68.2426 22
      vertex 2.19364 68.6381 0
      vertex 1.75736 68.2426 0
    endloop
  endfacet
  facet normal 0.970019 -0.243027 0
    outer loop
      vertex 89.7416 4.25829 22
      vertex 89.8847 4.82946 0
      vertex 89.8847 4.82946 22
    endloop
  endfacet
  facet normal 0.970019 -0.243027 0
    outer loop
      vertex 89.8847 4.82946 0
      vertex 89.7416 4.25829 22
      vertex 89.7416 4.25829 0
    endloop
  endfacet
  facet normal 0.998795 0.0490821 0
    outer loop
      vertex 90 64 22
      vertex 89.9711 64.5881 0
      vertex 89.9711 64.5881 22
    endloop
  endfacet
  facet normal 0.998795 0.0490821 0
    outer loop
      vertex 89.9711 64.5881 0
      vertex 90 64 22
      vertex 90 64 0
    endloop
  endfacet
  facet normal -0.243027 0.970019 0
    outer loop
      vertex 4.82946 69.8847 0
      vertex 4.25829 69.7416 22
      vertex 4.82946 69.8847 22
    endloop
  endfacet
  facet normal -0.243027 0.970019 0
    outer loop
      vertex 4.25829 69.7416 22
      vertex 4.82946 69.8847 0
      vertex 4.25829 69.7416 0
    endloop
  endfacet
  facet normal 0.671625 -0.740891 0
    outer loop
      vertex 87.8064 1.36194 0
      vertex 88.2426 1.75736 22
      vertex 87.8064 1.36194 22
    endloop
  endfacet
  facet normal 0.671625 -0.740891 0
    outer loop
      vertex 88.2426 1.75736 22
      vertex 87.8064 1.36194 0
      vertex 88.2426 1.75736 0
    endloop
  endfacet
  facet normal -0.85773 -0.514101 0
    outer loop
      vertex 1.01118 2.66658 0
      vertex 0.708472 3.17162 22
      vertex 0.708472 3.17162 0
    endloop
  endfacet
  facet normal -0.85773 -0.514101 0
    outer loop
      vertex 0.708472 3.17162 22
      vertex 1.01118 2.66658 0
      vertex 1.01118 2.66658 22
    endloop
  endfacet
  facet normal -0.595703 -0.803204 0
    outer loop
      vertex 2.19364 1.36194 0
      vertex 2.66658 1.01118 22
      vertex 2.19364 1.36194 22
    endloop
  endfacet
  facet normal -0.595703 -0.803204 -0
    outer loop
      vertex 2.66658 1.01118 22
      vertex 2.19364 1.36194 0
      vertex 2.66658 1.01118 0
    endloop
  endfacet
  facet normal -0.0490821 0.998795 0
    outer loop
      vertex 6 70 0
      vertex 5.4119 69.9711 22
      vertex 6 70 22
    endloop
  endfacet
  facet normal -0.0490821 0.998795 0
    outer loop
      vertex 5.4119 69.9711 22
      vertex 6 70 0
      vertex 5.4119 69.9711 0
    endloop
  endfacet
  facet normal -0.427625 0.903956 0
    outer loop
      vertex 3.7039 69.5433 0
      vertex 3.17162 69.2915 22
      vertex 3.7039 69.5433 22
    endloop
  endfacet
  facet normal -0.427625 0.903956 0
    outer loop
      vertex 3.17162 69.2915 22
      vertex 3.7039 69.5433 0
      vertex 3.17162 69.2915 0
    endloop
  endfacet
  facet normal 0.989174 0.146746 0
    outer loop
      vertex 89.9711 64.5881 22
      vertex 89.8847 65.1705 0
      vertex 89.8847 65.1705 22
    endloop
  endfacet
  facet normal 0.989174 0.146746 0
    outer loop
      vertex 89.8847 65.1705 0
      vertex 89.9711 64.5881 22
      vertex 89.9711 64.5881 0
    endloop
  endfacet
  facet normal 0.740884 -0.671632 0
    outer loop
      vertex 88.2426 1.75736 22
      vertex 88.6381 2.19364 0
      vertex 88.6381 2.19364 22
    endloop
  endfacet
  facet normal 0.740884 -0.671632 0
    outer loop
      vertex 88.6381 2.19364 0
      vertex 88.2426 1.75736 22
      vertex 88.2426 1.75736 0
    endloop
  endfacet
  facet normal -0.514101 -0.85773 0
    outer loop
      vertex 2.66658 1.01118 0
      vertex 3.17162 0.708472 22
      vertex 2.66658 1.01118 22
    endloop
  endfacet
  facet normal -0.514101 -0.85773 -0
    outer loop
      vertex 3.17162 0.708472 22
      vertex 2.66658 1.01118 0
      vertex 3.17162 0.708472 0
    endloop
  endfacet
  facet normal 0.427612 0.903962 -0
    outer loop
      vertex 86.8284 69.2915 0
      vertex 86.2961 69.5433 22
      vertex 86.8284 69.2915 22
    endloop
  endfacet
  facet normal 0.427612 0.903962 0
    outer loop
      vertex 86.2961 69.5433 22
      vertex 86.8284 69.2915 0
      vertex 86.2961 69.5433 0
    endloop
  endfacet
  facet normal -0.803204 -0.595703 0
    outer loop
      vertex 1.36194 2.19364 0
      vertex 1.01118 2.66658 22
      vertex 1.01118 2.66658 0
    endloop
  endfacet
  facet normal -0.803204 -0.595703 0
    outer loop
      vertex 1.01118 2.66658 22
      vertex 1.36194 2.19364 0
      vertex 1.36194 2.19364 22
    endloop
  endfacet
  facet normal 0.6717 0.740823 -0
    outer loop
      vertex 88.2426 68.2426 0
      vertex 87.8064 68.6381 22
      vertex 88.2426 68.2426 22
    endloop
  endfacet
  facet normal 0.6717 0.740823 0
    outer loop
      vertex 87.8064 68.6381 22
      vertex 88.2426 68.2426 0
      vertex 87.8064 68.6381 0
    endloop
  endfacet
  facet normal 0.857736 -0.514091 0
    outer loop
      vertex 88.9888 2.66658 22
      vertex 89.2915 3.17162 0
      vertex 89.2915 3.17162 22
    endloop
  endfacet
  facet normal 0.857736 -0.514091 0
    outer loop
      vertex 89.2915 3.17162 0
      vertex 88.9888 2.66658 22
      vertex 88.9888 2.66658 0
    endloop
  endfacet
  facet normal 0.903956 -0.427625 0
    outer loop
      vertex 89.2915 3.17162 22
      vertex 89.5433 3.7039 0
      vertex 89.5433 3.7039 22
    endloop
  endfacet
  facet normal 0.903956 -0.427625 0
    outer loop
      vertex 89.5433 3.7039 0
      vertex 89.2915 3.17162 22
      vertex 89.2915 3.17162 0
    endloop
  endfacet
  facet normal 0.94158 0.336788 0
    outer loop
      vertex 89.7416 65.7417 22
      vertex 89.5433 66.2961 0
      vertex 89.5433 66.2961 22
    endloop
  endfacet
  facet normal 0.94158 0.336788 0
    outer loop
      vertex 89.5433 66.2961 0
      vertex 89.7416 65.7417 22
      vertex 89.7416 65.7417 0
    endloop
  endfacet
  facet normal 0.336886 -0.941545 0
    outer loop
      vertex 85.7417 0.258357 0
      vertex 86.2961 0.456722 22
      vertex 85.7417 0.258357 22
    endloop
  endfacet
  facet normal 0.336886 -0.941545 0
    outer loop
      vertex 86.2961 0.456722 22
      vertex 85.7417 0.258357 0
      vertex 86.2961 0.456722 0
    endloop
  endfacet
  facet normal 0.989176 -0.146736 0
    outer loop
      vertex 89.8847 4.82946 22
      vertex 89.9711 5.4119 0
      vertex 89.9711 5.4119 22
    endloop
  endfacet
  facet normal 0.989176 -0.146736 0
    outer loop
      vertex 89.9711 5.4119 0
      vertex 89.8847 4.82946 22
      vertex 89.8847 4.82946 0
    endloop
  endfacet
  facet normal -0.336891 -0.941543 0
    outer loop
      vertex 3.7039 0.456722 0
      vertex 4.25829 0.258357 22
      vertex 3.7039 0.456722 22
    endloop
  endfacet
  facet normal -0.336891 -0.941543 -0
    outer loop
      vertex 4.25829 0.258357 22
      vertex 3.7039 0.456722 0
      vertex 4.25829 0.258357 0
    endloop
  endfacet
  facet normal 0.740823 0.6717 0
    outer loop
      vertex 88.6381 67.8064 22
      vertex 88.2426 68.2426 0
      vertex 88.2426 68.2426 22
    endloop
  endfacet
  facet normal 0.740823 0.6717 0
    outer loop
      vertex 88.2426 68.2426 0
      vertex 88.6381 67.8064 22
      vertex 88.6381 67.8064 0
    endloop
  endfacet
  facet normal 0.427542 -0.903995 0
    outer loop
      vertex 86.2961 0.456722 0
      vertex 86.8284 0.708472 22
      vertex 86.2961 0.456722 22
    endloop
  endfacet
  facet normal 0.427542 -0.903995 0
    outer loop
      vertex 86.8284 0.708472 22
      vertex 86.2961 0.456722 0
      vertex 86.8284 0.708472 0
    endloop
  endfacet
  facet normal -0.14673 -0.989177 0
    outer loop
      vertex 4.82946 0.115288 0
      vertex 5.4119 0.0288916 22
      vertex 4.82946 0.115288 22
    endloop
  endfacet
  facet normal -0.14673 -0.989177 -0
    outer loop
      vertex 5.4119 0.0288916 22
      vertex 4.82946 0.115288 0
      vertex 5.4119 0.0288916 0
    endloop
  endfacet
  facet normal -0.903989 -0.427556 0
    outer loop
      vertex 0.708472 3.17162 0
      vertex 0.456722 3.7039 22
      vertex 0.456722 3.7039 0
    endloop
  endfacet
  facet normal -0.903989 -0.427556 0
    outer loop
      vertex 0.456722 3.7039 22
      vertex 0.708472 3.17162 0
      vertex 0.708472 3.17162 22
    endloop
  endfacet
  facet normal 0.514131 -0.857712 0
    outer loop
      vertex 86.8284 0.708472 0
      vertex 87.3334 1.01118 22
      vertex 86.8284 0.708472 22
    endloop
  endfacet
  facet normal 0.514131 -0.857712 0
    outer loop
      vertex 87.3334 1.01118 22
      vertex 86.8284 0.708472 0
      vertex 87.3334 1.01118 0
    endloop
  endfacet
  facet normal 0 0 1
    outer loop
      vertex 87.8 64 22
      vertex 90 64 22
      vertex 89.9711 64.5881 22
    endloop
  endfacet
  facet normal 0 0 1
    outer loop
      vertex 90 64 22
      vertex 87.8 64 22
      vertex 90 6 22
    endloop
  endfacet
  facet normal 0 0 1
    outer loop
      vertex 87.7817 64.3725 22
      vertex 89.9711 64.5881 22
      vertex 89.8847 65.1705 22
    endloop
  endfacet
  facet normal 0 0 1
    outer loop
      vertex 87.8 6 22
      vertex 90 6 22
      vertex 87.8 64 22
    endloop
  endfacet
  facet normal 0 0 1
    outer loop
      vertex 87.727 64.7413 22
      vertex 89.8847 65.1705 22
      vertex 89.7416 65.7417 22
    endloop
  endfacet
  facet normal 0 0 1
    outer loop
      vertex 90 6 22
      vertex 87.8 6 22
      vertex 89.9711 5.4119 22
    endloop
  endfacet
  facet normal 0 0 1
    outer loop
      vertex 87.6364 65.1031 22
      vertex 89.7416 65.7417 22
      vertex 89.5433 66.2961 22
    endloop
  endfacet
  facet normal -0 0 1
    outer loop
      vertex 87.7817 5.62753 22
      vertex 89.9711 5.4119 22
      vertex 87.8 6 22
    endloop
  endfacet
  facet normal 0 0 1
    outer loop
      vertex 87.5107 65.4542 22
      vertex 89.5433 66.2961 22
      vertex 89.2915 66.8284 22
    endloop
  endfacet
  facet normal 0 0 1
    outer loop
      vertex 89.9711 5.4119 22
      vertex 87.7817 5.62753 22
      vertex 89.8847 4.82946 22
    endloop
  endfacet
  facet normal 0 0 1
    outer loop
      vertex 87.3513 65.7913 22
      vertex 89.2915 66.8284 22
      vertex 88.9888 67.3334 22
    endloop
  endfacet
  facet normal -0 0 1
    outer loop
      vertex 87.727 5.25866 22
      vertex 89.8847 4.82946 22
      vertex 87.7817 5.62753 22
    endloop
  endfacet
  facet normal 0 0 1
    outer loop
      vertex 87.1596 66.1112 22
      vertex 88.9888 67.3334 22
      vertex 88.6381 67.8064 22
    endloop
  endfacet
  facet normal 0 0 1
    outer loop
      vertex 89.8847 4.82946 22
      vertex 87.727 5.25866 22
      vertex 89.7416 4.25829 22
    endloop
  endfacet
  facet normal 0 0 1
    outer loop
      vertex 86.9374 66.4107 22
      vertex 88.6381 67.8064 22
      vertex 88.2426 68.2426 22
    endloop
  endfacet
  facet normal -0 0 1
    outer loop
      vertex 87.6364 4.89692 22
      vertex 89.7416 4.25829 22
      vertex 87.727 5.25866 22
    endloop
  endfacet
  facet normal 0 0 1
    outer loop
      vertex 86.687 66.687 22
      vertex 88.2426 68.2426 22
      vertex 87.8064 68.6381 22
    endloop
  endfacet
  facet normal 0 0 1
    outer loop
      vertex 89.7416 4.25829 22
      vertex 87.6364 4.89692 22
      vertex 89.5433 3.7039 22
    endloop
  endfacet
  facet normal -0 0 1
    outer loop
      vertex 87.5107 4.5458 22
      vertex 89.5433 3.7039 22
      vertex 87.6364 4.89692 22
    endloop
  endfacet
  facet normal 0 0 1
    outer loop
      vertex 89.9711 64.5881 22
      vertex 87.7817 64.3725 22
      vertex 87.8 64 22
    endloop
  endfacet
  facet normal 0 0 1
    outer loop
      vertex 89.8847 65.1705 22
      vertex 87.727 64.7413 22
      vertex 87.7817 64.3725 22
    endloop
  endfacet
  facet normal 0 0 1
    outer loop
      vertex 89.7416 65.7417 22
      vertex 87.6364 65.1031 22
      vertex 87.727 64.7413 22
    endloop
  endfacet
  facet normal 0 0 1
    outer loop
      vertex 89.5433 66.2961 22
      vertex 87.5107 65.4542 22
      vertex 87.6364 65.1031 22
    endloop
  endfacet
  facet normal 0 0 1
    outer loop
      vertex 89.2915 66.8284 22
      vertex 87.3513 65.7913 22
      vertex 87.5107 65.4542 22
    endloop
  endfacet
  facet normal 0 0 1
    outer loop
      vertex 86.4107 66.9374 22
      vertex 87.8064 68.6381 22
      vertex 87.3334 68.9888 22
    endloop
  endfacet
  facet normal 0 0 1
    outer loop
      vertex 88.9888 67.3334 22
      vertex 87.1596 66.1112 22
      vertex 87.3513 65.7913 22
    endloop
  endfacet
  facet normal 0 0 1
    outer loop
      vertex 88.6381 67.8064 22
      vertex 86.9374 66.4107 22
      vertex 87.1596 66.1112 22
    endloop
  endfacet
  facet normal 0 0 1
    outer loop
      vertex 86.1112 67.1596 22
      vertex 87.3334 68.9888 22
      vertex 86.8284 69.2915 22
    endloop
  endfacet
  facet normal 0 0 1
    outer loop
      vertex 88.2426 68.2426 22
      vertex 86.687 66.687 22
      vertex 86.9374 66.4107 22
    endloop
  endfacet
  facet normal 0 0 1
    outer loop
      vertex 87.8064 68.6381 22
      vertex 86.4107 66.9374 22
      vertex 86.687 66.687 22
    endloop
  endfacet
  facet normal 0 0 1
    outer loop
      vertex 85.7913 67.3513 22
      vertex 86.8284 69.2915 22
      vertex 86.2961 69.5433 22
    endloop
  endfacet
  facet normal 0 0 1
    outer loop
      vertex 87.3334 68.9888 22
      vertex 86.1112 67.1596 22
      vertex 86.4107 66.9374 22
    endloop
  endfacet
  facet normal 0 0 1
    outer loop
      vertex 86.8284 69.2915 22
      vertex 85.7913 67.3513 22
      vertex 86.1112 67.1596 22
    endloop
  endfacet
  facet normal 0 0 1
    outer loop
      vertex 85.4542 67.5107 22
      vertex 86.2961 69.5433 22
      vertex 85.7417 69.7416 22
    endloop
  endfacet
  facet normal 0 0 1
    outer loop
      vertex 86.2961 69.5433 22
      vertex 85.4542 67.5107 22
      vertex 85.7913 67.3513 22
    endloop
  endfacet
  facet normal 0 0 1
    outer loop
      vertex 85.1031 67.6364 22
      vertex 85.7417 69.7416 22
      vertex 85.1705 69.8847 22
    endloop
  endfacet
  facet normal 0 0 1
    outer loop
      vertex 85.7417 69.7416 22
      vertex 85.1031 67.6364 22
      vertex 85.4542 67.5107 22
    endloop
  endfacet
  facet normal 0 0 1
    outer loop
      vertex 85.1705 69.8847 22
      vertex 84.7413 67.727 22
      vertex 85.1031 67.6364 22
    endloop
  endfacet
  facet normal 0 0 1
    outer loop
      vertex 84.5881 69.9711 22
      vertex 84.7413 67.727 22
      vertex 85.1705 69.8847 22
    endloop
  endfacet
  facet normal 0 0 1
    outer loop
      vertex 84.5881 69.9711 22
      vertex 84.3725 67.7817 22
      vertex 84.7413 67.727 22
    endloop
  endfacet
  facet normal 0 0 1
    outer loop
      vertex 84 70 22
      vertex 84.3725 67.7817 22
      vertex 84.5881 69.9711 22
    endloop
  endfacet
  facet normal 0 0 1
    outer loop
      vertex 84 70 22
      vertex 84 67.8 22
      vertex 84.3725 67.7817 22
    endloop
  endfacet
  facet normal -0 0 1
    outer loop
      vertex 6 70 22
      vertex 84 67.8 22
      vertex 84 70 22
    endloop
  endfacet
  facet normal 0 0 1
    outer loop
      vertex 6 70 22
      vertex 6 67.8 22
      vertex 84 67.8 22
    endloop
  endfacet
  facet normal 0 0 1
    outer loop
      vertex 6 70 22
      vertex 5.62753 67.7817 22
      vertex 6 67.8 22
    endloop
  endfacet
  facet normal -0 0 1
    outer loop
      vertex 5.4119 69.9711 22
      vertex 5.62753 67.7817 22
      vertex 6 70 22
    endloop
  endfacet
  facet normal 0 0 1
    outer loop
      vertex 5.4119 69.9711 22
      vertex 5.25866 67.727 22
      vertex 5.62753 67.7817 22
    endloop
  endfacet
  facet normal -0 0 1
    outer loop
      vertex 4.82946 69.8847 22
      vertex 5.25866 67.727 22
      vertex 5.4119 69.9711 22
    endloop
  endfacet
  facet normal 0 0 1
    outer loop
      vertex 5.25866 67.727 22
      vertex 4.82946 69.8847 22
      vertex 4.89692 67.6364 22
    endloop
  endfacet
  facet normal -0 0 1
    outer loop
      vertex 4.25829 69.7416 22
      vertex 4.89692 67.6364 22
      vertex 4.82946 69.8847 22
    endloop
  endfacet
  facet normal 0 0 1
    outer loop
      vertex 4.89692 67.6364 22
      vertex 4.25829 69.7416 22
      vertex 4.5458 67.5107 22
    endloop
  endfacet
  facet normal -0 0 1
    outer loop
      vertex 3.7039 69.5433 22
      vertex 4.5458 67.5107 22
      vertex 4.25829 69.7416 22
    endloop
  endfacet
  facet normal 0 0 1
    outer loop
      vertex 4.5458 67.5107 22
      vertex 3.7039 69.5433 22
      vertex 4.20869 67.3513 22
    endloop
  endfacet
  facet normal -0 0 1
    outer loop
      vertex 3.17162 69.2915 22
      vertex 4.20869 67.3513 22
      vertex 3.7039 69.5433 22
    endloop
  endfacet
  facet normal 0 0 1
    outer loop
      vertex 4.20869 67.3513 22
      vertex 3.17162 69.2915 22
      vertex 3.88883 67.1596 22
    endloop
  endfacet
  facet normal -0 0 1
    outer loop
      vertex 2.66658 68.9888 22
      vertex 3.88883 67.1596 22
      vertex 3.17162 69.2915 22
    endloop
  endfacet
  facet normal 0 0 1
    outer loop
      vertex 3.88883 67.1596 22
      vertex 2.66658 68.9888 22
      vertex 3.5893 66.9374 22
    endloop
  endfacet
  facet normal -0 0 1
    outer loop
      vertex 2.19364 68.6381 22
      vertex 3.5893 66.9374 22
      vertex 2.66658 68.9888 22
    endloop
  endfacet
  facet normal 0 0 1
    outer loop
      vertex 3.5893 66.9374 22
      vertex 2.19364 68.6381 22
      vertex 3.31299 66.687 22
    endloop
  endfacet
  facet normal -0 0 1
    outer loop
      vertex 1.75736 68.2426 22
      vertex 3.31299 66.687 22
      vertex 2.19364 68.6381 22
    endloop
  endfacet
  facet normal 0 0 1
    outer loop
      vertex 3.31299 66.687 22
      vertex 1.75736 68.2426 22
      vertex 3.06256 66.4107 22
    endloop
  endfacet
  facet normal -0 0 1
    outer loop
      vertex 1.36194 67.8064 22
      vertex 3.06256 66.4107 22
      vertex 1.75736 68.2426 22
    endloop
  endfacet
  facet normal 0 0 1
    outer loop
      vertex 3.06256 66.4107 22
      vertex 1.36194 67.8064 22
      vertex 2.84042 66.1112 22
    endloop
  endfacet
  facet normal -0 0 1
    outer loop
      vertex 1.01118 67.3334 22
      vertex 2.84042 66.1112 22
      vertex 1.36194 67.8064 22
    endloop
  endfacet
  facet normal 0 0 1
    outer loop
      vertex 2.84042 66.1112 22
      vertex 1.01118 67.3334 22
      vertex 2.6487 65.7913 22
    endloop
  endfacet
  facet normal -0 0 1
    outer loop
      vertex 0.456722 66.2961 22
      vertex 2.48926 65.4542 22
      vertex 0.708472 66.8284 22
    endloop
  endfacet
  facet normal 0 0 1
    outer loop
      vertex 2.6487 65.7913 22
      vertex 0.708472 66.8284 22
      vertex 2.48926 65.4542 22
    endloop
  endfacet
  facet normal -0 0 1
    outer loop
      vertex 0.708472 66.8284 22
      vertex 2.6487 65.7913 22
      vertex 1.01118 67.3334 22
    endloop
  endfacet
  facet normal 0 0 1
    outer loop
      vertex 89.5433 3.7039 22
      vertex 87.5107 4.5458 22
      vertex 89.2915 3.17162 22
    endloop
  endfacet
  facet normal -0 0 1
    outer loop
      vertex 87.3513 4.20869 22
      vertex 89.2915 3.17162 22
      vertex 87.5107 4.5458 22
    endloop
  endfacet
  facet normal 0 0 1
    outer loop
      vertex 89.2915 3.17162 22
      vertex 87.3513 4.20869 22
      vertex 88.9888 2.66658 22
    endloop
  endfacet
  facet normal -0 0 1
    outer loop
      vertex 87.1596 3.88883 22
      vertex 88.9888 2.66658 22
      vertex 87.3513 4.20869 22
    endloop
  endfacet
  facet normal 0 0 1
    outer loop
      vertex 88.9888 2.66658 22
      vertex 87.1596 3.88883 22
      vertex 88.6381 2.19364 22
    endloop
  endfacet
  facet normal -0 0 1
    outer loop
      vertex 86.9374 3.5893 22
      vertex 88.6381 2.19364 22
      vertex 87.1596 3.88883 22
    endloop
  endfacet
  facet normal 0 0 1
    outer loop
      vertex 88.6381 2.19364 22
      vertex 86.9374 3.5893 22
      vertex 88.2426 1.75736 22
    endloop
  endfacet
  facet normal -0 0 1
    outer loop
      vertex 86.687 3.31299 22
      vertex 88.2426 1.75736 22
      vertex 86.9374 3.5893 22
    endloop
  endfacet
  facet normal 0 0 1
    outer loop
      vertex 88.2426 1.75736 22
      vertex 86.687 3.31299 22
      vertex 87.8064 1.36194 22
    endloop
  endfacet
  facet normal -0 0 1
    outer loop
      vertex 86.4107 3.06256 22
      vertex 87.8064 1.36194 22
      vertex 86.687 3.31299 22
    endloop
  endfacet
  facet normal 0 0 1
    outer loop
      vertex 87.8064 1.36194 22
      vertex 86.4107 3.06256 22
      vertex 87.3334 1.01118 22
    endloop
  endfacet
  facet normal -0 0 1
    outer loop
      vertex 86.1112 2.84042 22
      vertex 87.3334 1.01118 22
      vertex 86.4107 3.06256 22
    endloop
  endfacet
  facet normal 0 0 1
    outer loop
      vertex 87.3334 1.01118 22
      vertex 86.1112 2.84042 22
      vertex 86.8284 0.708472 22
    endloop
  endfacet
  facet normal -0 0 1
    outer loop
      vertex 85.7913 2.6487 22
      vertex 86.8284 0.708472 22
      vertex 86.1112 2.84042 22
    endloop
  endfacet
  facet normal 0 0 1
    outer loop
      vertex 86.8284 0.708472 22
      vertex 85.7913 2.6487 22
      vertex 86.2961 0.456722 22
    endloop
  endfacet
  facet normal -0 0 1
    outer loop
      vertex 85.4542 2.48926 22
      vertex 86.2961 0.456722 22
      vertex 85.7913 2.6487 22
    endloop
  endfacet
  facet normal 0 0 1
    outer loop
      vertex 86.2961 0.456722 22
      vertex 85.4542 2.48926 22
      vertex 85.7417 0.258357 22
    endloop
  endfacet
  facet normal -0 0 1
    outer loop
      vertex 85.1031 2.36363 22
      vertex 85.7417 0.258357 22
      vertex 85.4542 2.48926 22
    endloop
  endfacet
  facet normal 0 0 1
    outer loop
      vertex 85.7417 0.258357 22
      vertex 85.1031 2.36363 22
      vertex 85.1705 0.115288 22
    endloop
  endfacet
  facet normal -0 0 1
    outer loop
      vertex 84.7413 2.27302 22
      vertex 85.1705 0.115288 22
      vertex 85.1031 2.36363 22
    endloop
  endfacet
  facet normal 0 0 1
    outer loop
      vertex 84.7413 2.27302 22
      vertex 84.5881 0.0288916 22
      vertex 85.1705 0.115288 22
    endloop
  endfacet
  facet normal -0 0 1
    outer loop
      vertex 84.3725 2.2183 22
      vertex 84.5881 0.0288916 22
      vertex 84.7413 2.27302 22
    endloop
  endfacet
  facet normal -0 0 1
    outer loop
      vertex 84 2.2 22
      vertex 84.5881 0.0288916 22
      vertex 84.3725 2.2183 22
    endloop
  endfacet
  facet normal 0 0 1
    outer loop
      vertex 84 2.2 22
      vertex 84 0 22
      vertex 84.5881 0.0288916 22
    endloop
  endfacet
  facet normal -0 0 1
    outer loop
      vertex 6 2.2 22
      vertex 84 0 22
      vertex 84 2.2 22
    endloop
  endfacet
  facet normal 0 0 1
    outer loop
      vertex 6 2.2 22
      vertex 6 0 22
      vertex 84 0 22
    endloop
  endfacet
  facet normal 0 0 1
    outer loop
      vertex 5.62753 2.2183 22
      vertex 6 0 22
      vertex 6 2.2 22
    endloop
  endfacet
  facet normal 0 0 1
    outer loop
      vertex 5.62753 2.2183 22
      vertex 5.4119 0.0288916 22
      vertex 6 0 22
    endloop
  endfacet
  facet normal 0 0 1
    outer loop
      vertex 5.25866 2.27302 22
      vertex 5.4119 0.0288916 22
      vertex 5.62753 2.2183 22
    endloop
  endfacet
  facet normal 0 0 1
    outer loop
      vertex 4.82946 0.115288 22
      vertex 5.25866 2.27302 22
      vertex 4.89692 2.36363 22
    endloop
  endfacet
  facet normal 0 0 1
    outer loop
      vertex 5.25866 2.27302 22
      vertex 4.82946 0.115288 22
      vertex 5.4119 0.0288916 22
    endloop
  endfacet
  facet normal 0 0 1
    outer loop
      vertex 4.25829 0.258357 22
      vertex 4.89692 2.36363 22
      vertex 4.5458 2.48926 22
    endloop
  endfacet
  facet normal 0 0 1
    outer loop
      vertex 4.89692 2.36363 22
      vertex 4.25829 0.258357 22
      vertex 4.82946 0.115288 22
    endloop
  endfacet
  facet normal 0 0 1
    outer loop
      vertex 3.7039 0.456722 22
      vertex 4.5458 2.48926 22
      vertex 4.20869 2.6487 22
    endloop
  endfacet
  facet normal 0 0 1
    outer loop
      vertex 3.17162 0.708472 22
      vertex 4.20869 2.6487 22
      vertex 3.88883 2.84042 22
    endloop
  endfacet
  facet normal 0 0 1
    outer loop
      vertex 4.5458 2.48926 22
      vertex 3.7039 0.456722 22
      vertex 4.25829 0.258357 22
    endloop
  endfacet
  facet normal 0 0 1
    outer loop
      vertex 2.66658 1.01118 22
      vertex 3.88883 2.84042 22
      vertex 3.5893 3.06256 22
    endloop
  endfacet
  facet normal 0 0 1
    outer loop
      vertex 2.19364 1.36194 22
      vertex 3.5893 3.06256 22
      vertex 3.31299 3.31299 22
    endloop
  endfacet
  facet normal 0 0 1
    outer loop
      vertex 4.20869 2.6487 22
      vertex 3.17162 0.708472 22
      vertex 3.7039 0.456722 22
    endloop
  endfacet
  facet normal 0 0 1
    outer loop
      vertex 1.75736 1.75736 22
      vertex 3.31299 3.31299 22
      vertex 3.06256 3.5893 22
    endloop
  endfacet
  facet normal 0 0 1
    outer loop
      vertex 1.36194 2.19364 22
      vertex 3.06256 3.5893 22
      vertex 2.84042 3.88883 22
    endloop
  endfacet
  facet normal 0 0 1
    outer loop
      vertex 3.88883 2.84042 22
      vertex 2.66658 1.01118 22
      vertex 3.17162 0.708472 22
    endloop
  endfacet
  facet normal 0 0 1
    outer loop
      vertex 1.01118 2.66658 22
      vertex 2.84042 3.88883 22
      vertex 2.6487 4.20869 22
    endloop
  endfacet
  facet normal 0 0 1
    outer loop
      vertex 0.708472 3.17162 22
      vertex 2.6487 4.20869 22
      vertex 2.48926 4.5458 22
    endloop
  endfacet
  facet normal 0 0 1
    outer loop
      vertex 0.456722 3.7039 22
      vertex 2.48926 4.5458 22
      vertex 2.36363 4.89692 22
    endloop
  endfacet
  facet normal 0 0 1
    outer loop
      vertex 0.258357 4.25829 22
      vertex 2.36363 4.89692 22
      vertex 2.27302 5.25866 22
    endloop
  endfacet
  facet normal 0 0 1
    outer loop
      vertex 0.115288 4.82946 22
      vertex 2.27302 5.25866 22
      vertex 2.2183 5.62753 22
    endloop
  endfacet
  facet normal 0 0 1
    outer loop
      vertex 3.5893 3.06256 22
      vertex 2.19364 1.36194 22
      vertex 2.66658 1.01118 22
    endloop
  endfacet
  facet normal 0 0 1
    outer loop
      vertex 0.0288916 5.4119 22
      vertex 2.2183 5.62753 22
      vertex 2.2 6 22
    endloop
  endfacet
  facet normal 0 0 1
    outer loop
      vertex 2.2 64 22
      vertex 0 64 22
      vertex 2.2 6 22
    endloop
  endfacet
  facet normal 0 0 1
    outer loop
      vertex 2.48926 65.4542 22
      vertex 0.456722 66.2961 22
      vertex 2.36363 65.1031 22
    endloop
  endfacet
  facet normal 0 0 1
    outer loop
      vertex 0 6 22
      vertex 2.2 6 22
      vertex 0 64 22
    endloop
  endfacet
  facet normal -0 0 1
    outer loop
      vertex 0.258357 65.7417 22
      vertex 2.36363 65.1031 22
      vertex 0.456722 66.2961 22
    endloop
  endfacet
  facet normal 0 -0 1
    outer loop
      vertex 0.0288916 5.4119 22
      vertex 2.2 6 22
      vertex 0 6 22
    endloop
  endfacet
  facet normal 0 0 1
    outer loop
      vertex 2.36363 65.1031 22
      vertex 0.258357 65.7417 22
      vertex 2.27302 64.7413 22
    endloop
  endfacet
  facet normal 0 0 1
    outer loop
      vertex 3.31299 3.31299 22
      vertex 1.75736 1.75736 22
      vertex 2.19364 1.36194 22
    endloop
  endfacet
  facet normal -0 0 1
    outer loop
      vertex 0.115288 65.1705 22
      vertex 2.27302 64.7413 22
      vertex 0.258357 65.7417 22
    endloop
  endfacet
  facet normal 0 0 1
    outer loop
      vertex 3.06256 3.5893 22
      vertex 1.36194 2.19364 22
      vertex 1.75736 1.75736 22
    endloop
  endfacet
  facet normal 0 0 1
    outer loop
      vertex 2.27302 64.7413 22
      vertex 0.115288 65.1705 22
      vertex 2.2183 64.3725 22
    endloop
  endfacet
  facet normal 0 0 1
    outer loop
      vertex 2.84042 3.88883 22
      vertex 1.01118 2.66658 22
      vertex 1.36194 2.19364 22
    endloop
  endfacet
  facet normal -0 0 1
    outer loop
      vertex 0.0288916 64.5881 22
      vertex 2.2183 64.3725 22
      vertex 0.115288 65.1705 22
    endloop
  endfacet
  facet normal 0 0 1
    outer loop
      vertex 2.6487 4.20869 22
      vertex 0.708472 3.17162 22
      vertex 1.01118 2.66658 22
    endloop
  endfacet
  facet normal 0 0 1
    outer loop
      vertex 2.2183 64.3725 22
      vertex 0.0288916 64.5881 22
      vertex 2.2 64 22
    endloop
  endfacet
  facet normal 0 0 1
    outer loop
      vertex 2.48926 4.5458 22
      vertex 0.456722 3.7039 22
      vertex 0.708472 3.17162 22
    endloop
  endfacet
  facet normal 0 0 1
    outer loop
      vertex 2.2 64 22
      vertex 0.0288916 64.5881 22
      vertex 0 64 22
    endloop
  endfacet
  facet normal 0 0 1
    outer loop
      vertex 2.36363 4.89692 22
      vertex 0.258357 4.25829 22
      vertex 0.456722 3.7039 22
    endloop
  endfacet
  facet normal 0 0 1
    outer loop
      vertex 2.27302 5.25866 22
      vertex 0.115288 4.82946 22
      vertex 0.258357 4.25829 22
    endloop
  endfacet
  facet normal 0 0 1
    outer loop
      vertex 2.2183 5.62753 22
      vertex 0.0288916 5.4119 22
      vertex 0.115288 4.82946 22
    endloop
  endfacet
  facet normal 0.595589 0.803289 -0
    outer loop
      vertex 87.8064 68.6381 0
      vertex 87.3334 68.9888 22
      vertex 87.8064 68.6381 22
    endloop
  endfacet
  facet normal 0.595589 0.803289 0
    outer loop
      vertex 87.3334 68.9888 22
      vertex 87.8064 68.6381 0
      vertex 87.3334 68.9888 0
    endloop
  endfacet
  facet normal 0.336883 0.941546 -0
    outer loop
      vertex 4.89692 2.36363 2.2
      vertex 4.5458 2.48926 22
      vertex 4.89692 2.36363 22
    endloop
  endfacet
  facet normal 0.336883 0.941546 0
    outer loop
      vertex 4.5458 2.48926 22
      vertex 4.89692 2.36363 2.2
      vertex 4.5458 2.48926 2.2
    endloop
  endfacet
  facet normal -0.740983 -0.671524 0
    outer loop
      vertex 86.9374 66.4107 2.2
      vertex 86.687 66.687 22
      vertex 86.687 66.687 2.2
    endloop
  endfacet
  facet normal -0.740983 -0.671524 0
    outer loop
      vertex 86.687 66.687 22
      vertex 86.9374 66.4107 2.2
      vertex 86.9374 66.4107 22
    endloop
  endfacet
  facet normal -0.337067 -0.941481 0
    outer loop
      vertex 85.1031 67.6364 2.2
      vertex 85.4542 67.5107 22
      vertex 85.1031 67.6364 22
    endloop
  endfacet
  facet normal -0.337067 -0.941481 -0
    outer loop
      vertex 85.4542 67.5107 22
      vertex 85.1031 67.6364 2.2
      vertex 85.4542 67.5107 2.2
    endloop
  endfacet
  facet normal 0.427553 0.90399 -0
    outer loop
      vertex 4.5458 2.48926 2.2
      vertex 4.20869 2.6487 22
      vertex 4.5458 2.48926 22
    endloop
  endfacet
  facet normal 0.427553 0.90399 0
    outer loop
      vertex 4.20869 2.6487 22
      vertex 4.5458 2.48926 2.2
      vertex 4.20869 2.6487 2.2
    endloop
  endfacet
  facet normal 0.33705 -0.941487 0
    outer loop
      vertex 4.5458 67.5107 2.2
      vertex 4.89692 67.6364 22
      vertex 4.5458 67.5107 22
    endloop
  endfacet
  facet normal 0.33705 -0.941487 0
    outer loop
      vertex 4.89692 67.6364 22
      vertex 4.5458 67.5107 2.2
      vertex 4.89692 67.6364 2.2
    endloop
  endfacet
  facet normal 1 -0 0
    outer loop
      vertex 2.2 6 22
      vertex 2.2 64 2.2
      vertex 2.2 64 22
    endloop
  endfacet
  facet normal 1 0 0
    outer loop
      vertex 2.2 64 2.2
      vertex 2.2 6 22
      vertex 2.2 6 2.2
    endloop
  endfacet
  facet normal -0.941481 -0.337067 0
    outer loop
      vertex 87.6364 65.1031 2.2
      vertex 87.5107 65.4542 22
      vertex 87.5107 65.4542 2.2
    endloop
  endfacet
  facet normal -0.941481 -0.337067 0
    outer loop
      vertex 87.5107 65.4542 22
      vertex 87.6364 65.1031 2.2
      vertex 87.6364 65.1031 22
    endloop
  endfacet
  facet normal -0.904027 -0.427475 0
    outer loop
      vertex 87.5107 65.4542 2.2
      vertex 87.3513 65.7913 22
      vertex 87.3513 65.7913 2.2
    endloop
  endfacet
  facet normal -0.904027 -0.427475 0
    outer loop
      vertex 87.3513 65.7913 22
      vertex 87.5107 65.4542 2.2
      vertex 87.5107 65.4542 22
    endloop
  endfacet
  facet normal 0.803187 -0.595726 0
    outer loop
      vertex 2.84042 66.1112 22
      vertex 3.06256 66.4107 2.2
      vertex 3.06256 66.4107 22
    endloop
  endfacet
  facet normal 0.803187 -0.595726 0
    outer loop
      vertex 3.06256 66.4107 2.2
      vertex 2.84042 66.1112 22
      vertex 2.84042 66.1112 2.2
    endloop
  endfacet
  facet normal -1 0 0
    outer loop
      vertex 87.8 6 2.2
      vertex 87.8 64 22
      vertex 87.8 64 2.2
    endloop
  endfacet
  facet normal -1 -0 0
    outer loop
      vertex 87.8 64 22
      vertex 87.8 6 2.2
      vertex 87.8 6 22
    endloop
  endfacet
  facet normal 0 1 -0
    outer loop
      vertex 84 2.2 2.2
      vertex 6 2.2 22
      vertex 84 2.2 22
    endloop
  endfacet
  facet normal 0 1 0
    outer loop
      vertex 6 2.2 22
      vertex 84 2.2 2.2
      vertex 6 2.2 2.2
    endloop
  endfacet
  facet normal 0.989175 0.146739 0
    outer loop
      vertex 2.27302 5.25866 22
      vertex 2.2183 5.62753 2.2
      vertex 2.2183 5.62753 22
    endloop
  endfacet
  facet normal 0.989175 0.146739 0
    outer loop
      vertex 2.2183 5.62753 2.2
      vertex 2.27302 5.25866 22
      vertex 2.27302 5.25866 2.2
    endloop
  endfacet
  facet normal 0.970032 0.242977 0
    outer loop
      vertex 2.36363 4.89692 22
      vertex 2.27302 5.25866 2.2
      vertex 2.27302 5.25866 22
    endloop
  endfacet
  facet normal 0.970032 0.242977 0
    outer loop
      vertex 2.27302 5.25866 2.2
      vertex 2.36363 4.89692 22
      vertex 2.36363 4.89692 2.2
    endloop
  endfacet
  facet normal 0.0490723 0.998795 -0
    outer loop
      vertex 6 2.2 2.2
      vertex 5.62753 2.2183 22
      vertex 6 2.2 22
    endloop
  endfacet
  facet normal 0.0490723 0.998795 0
    outer loop
      vertex 5.62753 2.2183 22
      vertex 6 2.2 2.2
      vertex 5.62753 2.2183 2.2
    endloop
  endfacet
  facet normal 0.671555 0.740955 -0
    outer loop
      vertex 3.5893 3.06256 2.2
      vertex 3.31299 3.31299 22
      vertex 3.5893 3.06256 22
    endloop
  endfacet
  facet normal 0.671555 0.740955 0
    outer loop
      vertex 3.31299 3.31299 22
      vertex 3.5893 3.06256 2.2
      vertex 3.31299 3.31299 2.2
    endloop
  endfacet
  facet normal -0.0490683 -0.998795 0
    outer loop
      vertex 84 67.8 2.2
      vertex 84.3725 67.7817 22
      vertex 84 67.8 22
    endloop
  endfacet
  facet normal -0.0490683 -0.998795 -0
    outer loop
      vertex 84.3725 67.7817 22
      vertex 84 67.8 2.2
      vertex 84.3725 67.7817 2.2
    endloop
  endfacet
  facet normal -0.595726 0.803187 0
    outer loop
      vertex 86.4107 3.06256 2.2
      vertex 86.1112 2.84042 22
      vertex 86.4107 3.06256 22
    endloop
  endfacet
  facet normal -0.595726 0.803187 0
    outer loop
      vertex 86.1112 2.84042 22
      vertex 86.4107 3.06256 2.2
      vertex 86.1112 2.84042 2.2
    endloop
  endfacet
  facet normal -0.857777 -0.514022 0
    outer loop
      vertex 87.3513 65.7913 2.2
      vertex 87.1596 66.1112 22
      vertex 87.1596 66.1112 2.2
    endloop
  endfacet
  facet normal -0.857777 -0.514022 0
    outer loop
      vertex 87.1596 66.1112 22
      vertex 87.3513 65.7913 2.2
      vertex 87.3513 65.7913 22
    endloop
  endfacet
  facet normal -0.857748 0.51407 0
    outer loop
      vertex 87.1596 3.88883 2.2
      vertex 87.3513 4.20869 22
      vertex 87.3513 4.20869 2.2
    endloop
  endfacet
  facet normal -0.857748 0.51407 0
    outer loop
      vertex 87.3513 4.20869 22
      vertex 87.1596 3.88883 2.2
      vertex 87.1596 3.88883 22
    endloop
  endfacet
  facet normal 0.514109 0.857725 -0
    outer loop
      vertex 4.20869 2.6487 2.2
      vertex 3.88883 2.84042 22
      vertex 4.20869 2.6487 22
    endloop
  endfacet
  facet normal 0.514109 0.857725 0
    outer loop
      vertex 3.88883 2.84042 22
      vertex 4.20869 2.6487 2.2
      vertex 3.88883 2.84042 2.2
    endloop
  endfacet
  facet normal -0.671524 -0.740983 0
    outer loop
      vertex 86.4107 66.9374 2.2
      vertex 86.687 66.687 22
      vertex 86.4107 66.9374 22
    endloop
  endfacet
  facet normal -0.671524 -0.740983 -0
    outer loop
      vertex 86.687 66.687 22
      vertex 86.4107 66.9374 2.2
      vertex 86.687 66.687 2.2
    endloop
  endfacet
  facet normal 0.740943 -0.671568 0
    outer loop
      vertex 3.06256 66.4107 22
      vertex 3.31299 66.687 2.2
      vertex 3.31299 66.687 22
    endloop
  endfacet
  facet normal 0.740943 -0.671568 0
    outer loop
      vertex 3.31299 66.687 2.2
      vertex 3.06256 66.4107 22
      vertex 3.06256 66.4107 2.2
    endloop
  endfacet
  facet normal -0.427475 -0.904027 0
    outer loop
      vertex 85.4542 67.5107 2.2
      vertex 85.7913 67.3513 22
      vertex 85.4542 67.5107 22
    endloop
  endfacet
  facet normal -0.427475 -0.904027 -0
    outer loop
      vertex 85.7913 67.3513 22
      vertex 85.4542 67.5107 2.2
      vertex 85.7913 67.3513 2.2
    endloop
  endfacet
  facet normal -0.671568 0.740943 0
    outer loop
      vertex 86.687 3.31299 2.2
      vertex 86.4107 3.06256 22
      vertex 86.687 3.31299 22
    endloop
  endfacet
  facet normal -0.671568 0.740943 0
    outer loop
      vertex 86.4107 3.06256 22
      vertex 86.687 3.31299 2.2
      vertex 86.4107 3.06256 2.2
    endloop
  endfacet
  facet normal -0.740995 0.671511 0
    outer loop
      vertex 86.687 3.31299 2.2
      vertex 86.9374 3.5893 22
      vertex 86.9374 3.5893 2.2
    endloop
  endfacet
  facet normal -0.740995 0.671511 0
    outer loop
      vertex 86.9374 3.5893 22
      vertex 86.687 3.31299 2.2
      vertex 86.687 3.31299 22
    endloop
  endfacet
  facet normal 0.803216 0.595688 0
    outer loop
      vertex 3.06256 3.5893 22
      vertex 2.84042 3.88883 2.2
      vertex 2.84042 3.88883 22
    endloop
  endfacet
  facet normal 0.803216 0.595688 0
    outer loop
      vertex 2.84042 3.88883 2.2
      vertex 3.06256 3.5893 22
      vertex 3.06256 3.5893 2.2
    endloop
  endfacet
  facet normal 0.146687 -0.989183 0
    outer loop
      vertex 5.25866 67.727 2.2
      vertex 5.62753 67.7817 22
      vertex 5.25866 67.727 22
    endloop
  endfacet
  facet normal 0.146687 -0.989183 0
    outer loop
      vertex 5.62753 67.7817 22
      vertex 5.25866 67.727 2.2
      vertex 5.62753 67.7817 2.2
    endloop
  endfacet
  facet normal -0.242939 0.970041 0
    outer loop
      vertex 85.1031 2.36363 2.2
      vertex 84.7413 2.27302 22
      vertex 85.1031 2.36363 22
    endloop
  endfacet
  facet normal -0.242939 0.970041 0
    outer loop
      vertex 84.7413 2.27302 22
      vertex 85.1031 2.36363 2.2
      vertex 84.7413 2.27302 2.2
    endloop
  endfacet
  facet normal 0 -1 0
    outer loop
      vertex 6 67.8 2.2
      vertex 84 67.8 22
      vertex 6 67.8 22
    endloop
  endfacet
  facet normal 0 -1 -0
    outer loop
      vertex 84 67.8 22
      vertex 6 67.8 2.2
      vertex 84 67.8 2.2
    endloop
  endfacet
  facet normal 0.857725 0.514109 0
    outer loop
      vertex 2.84042 3.88883 22
      vertex 2.6487 4.20869 2.2
      vertex 2.6487 4.20869 22
    endloop
  endfacet
  facet normal 0.857725 0.514109 0
    outer loop
      vertex 2.6487 4.20869 2.2
      vertex 2.84042 3.88883 22
      vertex 2.84042 3.88883 2.2
    endloop
  endfacet
  facet normal 0.94154 -0.3369 0
    outer loop
      vertex 2.36363 65.1031 22
      vertex 2.48926 65.4542 2.2
      vertex 2.48926 65.4542 22
    endloop
  endfacet
  facet normal 0.94154 -0.3369 0
    outer loop
      vertex 2.48926 65.4542 2.2
      vertex 2.36363 65.1031 22
      vertex 2.36363 65.1031 2.2
    endloop
  endfacet
  facet normal -0.146766 0.989171 0
    outer loop
      vertex 84.7413 2.27302 2.2
      vertex 84.3725 2.2183 22
      vertex 84.7413 2.27302 22
    endloop
  endfacet
  facet normal -0.146766 0.989171 0
    outer loop
      vertex 84.3725 2.2183 22
      vertex 84.7413 2.27302 2.2
      vertex 84.3725 2.2183 2.2
    endloop
  endfacet
  facet normal -0.970048 -0.242914 0
    outer loop
      vertex 87.727 64.7413 2.2
      vertex 87.6364 65.1031 22
      vertex 87.6364 65.1031 2.2
    endloop
  endfacet
  facet normal -0.970048 -0.242914 0
    outer loop
      vertex 87.6364 65.1031 22
      vertex 87.727 64.7413 2.2
      vertex 87.727 64.7413 22
    endloop
  endfacet
  facet normal -0.998795 0.0490723 0
    outer loop
      vertex 87.7817 5.62753 2.2
      vertex 87.8 6 22
      vertex 87.8 6 2.2
    endloop
  endfacet
  facet normal -0.998795 0.0490723 0
    outer loop
      vertex 87.8 6 22
      vertex 87.7817 5.62753 2.2
      vertex 87.7817 5.62753 22
    endloop
  endfacet
  facet normal 0.0490723 -0.998795 0
    outer loop
      vertex 5.62753 67.7817 2.2
      vertex 6 67.8 22
      vertex 5.62753 67.7817 22
    endloop
  endfacet
  facet normal 0.0490723 -0.998795 0
    outer loop
      vertex 6 67.8 22
      vertex 5.62753 67.7817 2.2
      vertex 6 67.8 2.2
    endloop
  endfacet
  facet normal 0.903986 -0.427563 0
    outer loop
      vertex 2.48926 65.4542 22
      vertex 2.6487 65.7913 2.2
      vertex 2.6487 65.7913 22
    endloop
  endfacet
  facet normal 0.903986 -0.427563 0
    outer loop
      vertex 2.6487 65.7913 2.2
      vertex 2.48926 65.4542 22
      vertex 2.48926 65.4542 2.2
    endloop
  endfacet
  facet normal -0.514022 -0.857777 0
    outer loop
      vertex 85.7913 67.3513 2.2
      vertex 86.1112 67.1596 22
      vertex 85.7913 67.3513 22
    endloop
  endfacet
  facet normal -0.514022 -0.857777 -0
    outer loop
      vertex 86.1112 67.1596 22
      vertex 85.7913 67.3513 2.2
      vertex 86.1112 67.1596 2.2
    endloop
  endfacet
  facet normal 0.51407 -0.857748 0
    outer loop
      vertex 3.88883 67.1596 2.2
      vertex 4.20869 67.3513 22
      vertex 3.88883 67.1596 22
    endloop
  endfacet
  facet normal 0.51407 -0.857748 0
    outer loop
      vertex 4.20869 67.3513 22
      vertex 3.88883 67.1596 2.2
      vertex 4.20869 67.3513 2.2
    endloop
  endfacet
  facet normal 0.427465 -0.904032 0
    outer loop
      vertex 4.20869 67.3513 2.2
      vertex 4.5458 67.5107 22
      vertex 4.20869 67.3513 22
    endloop
  endfacet
  facet normal 0.427465 -0.904032 0
    outer loop
      vertex 4.5458 67.5107 22
      vertex 4.20869 67.3513 2.2
      vertex 4.5458 67.5107 2.2
    endloop
  endfacet
  facet normal -0.146714 -0.989179 0
    outer loop
      vertex 84.3725 67.7817 2.2
      vertex 84.7413 67.727 22
      vertex 84.3725 67.7817 22
    endloop
  endfacet
  facet normal -0.146714 -0.989179 -0
    outer loop
      vertex 84.7413 67.727 22
      vertex 84.3725 67.7817 2.2
      vertex 84.7413 67.727 2.2
    endloop
  endfacet
  facet normal -0.3369 0.94154 0
    outer loop
      vertex 85.4542 2.48926 2.2
      vertex 85.1031 2.36363 22
      vertex 85.4542 2.48926 22
    endloop
  endfacet
  facet normal -0.3369 0.94154 0
    outer loop
      vertex 85.1031 2.36363 22
      vertex 85.4542 2.48926 2.2
      vertex 85.1031 2.36363 2.2
    endloop
  endfacet
  facet normal 0.998795 0.0490723 0
    outer loop
      vertex 2.2183 5.62753 22
      vertex 2.2 6 2.2
      vertex 2.2 6 22
    endloop
  endfacet
  facet normal 0.998795 0.0490723 0
    outer loop
      vertex 2.2 6 2.2
      vertex 2.2183 5.62753 22
      vertex 2.2183 5.62753 2.2
    endloop
  endfacet
  facet normal 0.242952 -0.970038 0
    outer loop
      vertex 4.89692 67.6364 2.2
      vertex 5.25866 67.727 22
      vertex 4.89692 67.6364 22
    endloop
  endfacet
  facet normal 0.242952 -0.970038 0
    outer loop
      vertex 5.25866 67.727 22
      vertex 4.89692 67.6364 2.2
      vertex 5.25866 67.727 2.2
    endloop
  endfacet
  facet normal 0.671511 -0.740995 0
    outer loop
      vertex 3.31299 66.687 2.2
      vertex 3.5893 66.9374 22
      vertex 3.31299 66.687 22
    endloop
  endfacet
  facet normal 0.671511 -0.740995 0
    outer loop
      vertex 3.5893 66.9374 22
      vertex 3.31299 66.687 2.2
      vertex 3.5893 66.9374 2.2
    endloop
  endfacet
  facet normal -0.427563 0.903986 0
    outer loop
      vertex 85.7913 2.6487 2.2
      vertex 85.4542 2.48926 22
      vertex 85.7913 2.6487 22
    endloop
  endfacet
  facet normal -0.427563 0.903986 0
    outer loop
      vertex 85.4542 2.48926 22
      vertex 85.7913 2.6487 2.2
      vertex 85.4542 2.48926 2.2
    endloop
  endfacet
  facet normal -0.514062 0.857753 0
    outer loop
      vertex 86.1112 2.84042 2.2
      vertex 85.7913 2.6487 22
      vertex 86.1112 2.84042 22
    endloop
  endfacet
  facet normal -0.514062 0.857753 0
    outer loop
      vertex 85.7913 2.6487 22
      vertex 86.1112 2.84042 2.2
      vertex 85.7913 2.6487 2.2
    endloop
  endfacet
  facet normal 0.146739 0.989175 -0
    outer loop
      vertex 5.62753 2.2183 2.2
      vertex 5.25866 2.27302 22
      vertex 5.62753 2.2183 22
    endloop
  endfacet
  facet normal 0.146739 0.989175 0
    outer loop
      vertex 5.25866 2.27302 22
      vertex 5.62753 2.2183 2.2
      vertex 5.25866 2.27302 2.2
    endloop
  endfacet
  facet normal 0.740955 0.671555 0
    outer loop
      vertex 3.31299 3.31299 22
      vertex 3.06256 3.5893 2.2
      vertex 3.06256 3.5893 22
    endloop
  endfacet
  facet normal 0.740955 0.671555 0
    outer loop
      vertex 3.06256 3.5893 2.2
      vertex 3.31299 3.31299 22
      vertex 3.31299 3.31299 2.2
    endloop
  endfacet
  facet normal -0.970038 0.242952 0
    outer loop
      vertex 87.6364 4.89692 2.2
      vertex 87.727 5.25866 22
      vertex 87.727 5.25866 2.2
    endloop
  endfacet
  facet normal -0.970038 0.242952 0
    outer loop
      vertex 87.727 5.25866 22
      vertex 87.6364 4.89692 2.2
      vertex 87.6364 4.89692 22
    endloop
  endfacet
  facet normal -0.998795 -0.0490683 0
    outer loop
      vertex 87.8 64 2.2
      vertex 87.7817 64.3725 22
      vertex 87.7817 64.3725 2.2
    endloop
  endfacet
  facet normal -0.998795 -0.0490683 0
    outer loop
      vertex 87.7817 64.3725 22
      vertex 87.8 64 2.2
      vertex 87.8 64 22
    endloop
  endfacet
  facet normal -0.0490683 0.998795 0
    outer loop
      vertex 84.3725 2.2183 2.2
      vertex 84 2.2 22
      vertex 84.3725 2.2183 22
    endloop
  endfacet
  facet normal -0.0490683 0.998795 0
    outer loop
      vertex 84 2.2 22
      vertex 84.3725 2.2183 2.2
      vertex 84 2.2 2.2
    endloop
  endfacet
  facet normal -0.904032 0.427465 0
    outer loop
      vertex 87.3513 4.20869 2.2
      vertex 87.5107 4.5458 22
      vertex 87.5107 4.5458 2.2
    endloop
  endfacet
  facet normal -0.904032 0.427465 0
    outer loop
      vertex 87.5107 4.5458 22
      vertex 87.3513 4.20869 2.2
      vertex 87.3513 4.20869 22
    endloop
  endfacet
  facet normal 0.90399 0.427553 0
    outer loop
      vertex 2.6487 4.20869 22
      vertex 2.48926 4.5458 2.2
      vertex 2.48926 4.5458 22
    endloop
  endfacet
  facet normal 0.90399 0.427553 0
    outer loop
      vertex 2.48926 4.5458 2.2
      vertex 2.6487 4.20869 22
      vertex 2.6487 4.20869 2.2
    endloop
  endfacet
  facet normal -0.989183 0.146687 0
    outer loop
      vertex 87.727 5.25866 2.2
      vertex 87.7817 5.62753 22
      vertex 87.7817 5.62753 2.2
    endloop
  endfacet
  facet normal -0.989183 0.146687 0
    outer loop
      vertex 87.7817 5.62753 22
      vertex 87.727 5.25866 2.2
      vertex 87.727 5.25866 22
    endloop
  endfacet
  facet normal -0.989179 -0.146714 0
    outer loop
      vertex 87.7817 64.3725 2.2
      vertex 87.727 64.7413 22
      vertex 87.727 64.7413 2.2
    endloop
  endfacet
  facet normal -0.989179 -0.146714 0
    outer loop
      vertex 87.727 64.7413 22
      vertex 87.7817 64.3725 2.2
      vertex 87.7817 64.3725 22
    endloop
  endfacet
  facet normal 0.998795 -0.0490683 0
    outer loop
      vertex 2.2 64 22
      vertex 2.2183 64.3725 2.2
      vertex 2.2183 64.3725 22
    endloop
  endfacet
  facet normal 0.998795 -0.0490683 0
    outer loop
      vertex 2.2183 64.3725 2.2
      vertex 2.2 64 22
      vertex 2.2 64 2.2
    endloop
  endfacet
  facet normal -0.59583 -0.80311 0
    outer loop
      vertex 86.1112 67.1596 2.2
      vertex 86.4107 66.9374 22
      vertex 86.1112 67.1596 22
    endloop
  endfacet
  facet normal -0.59583 -0.80311 -0
    outer loop
      vertex 86.4107 66.9374 22
      vertex 86.1112 67.1596 2.2
      vertex 86.4107 66.9374 2.2
    endloop
  endfacet
  facet normal 0.941546 0.336883 0
    outer loop
      vertex 2.48926 4.5458 22
      vertex 2.36363 4.89692 2.2
      vertex 2.36363 4.89692 22
    endloop
  endfacet
  facet normal 0.941546 0.336883 0
    outer loop
      vertex 2.36363 4.89692 2.2
      vertex 2.48926 4.5458 22
      vertex 2.48926 4.5458 2.2
    endloop
  endfacet
  facet normal 0.970041 -0.242939 0
    outer loop
      vertex 2.27302 64.7413 22
      vertex 2.36363 65.1031 2.2
      vertex 2.36363 65.1031 22
    endloop
  endfacet
  facet normal 0.970041 -0.242939 0
    outer loop
      vertex 2.36363 65.1031 2.2
      vertex 2.27302 64.7413 22
      vertex 2.27302 64.7413 2.2
    endloop
  endfacet
  facet normal -0.242914 -0.970048 0
    outer loop
      vertex 84.7413 67.727 2.2
      vertex 85.1031 67.6364 22
      vertex 84.7413 67.727 22
    endloop
  endfacet
  facet normal -0.242914 -0.970048 -0
    outer loop
      vertex 85.1031 67.6364 22
      vertex 84.7413 67.727 2.2
      vertex 85.1031 67.6364 2.2
    endloop
  endfacet
  facet normal 0.595688 0.803216 -0
    outer loop
      vertex 3.88883 2.84042 2.2
      vertex 3.5893 3.06256 22
      vertex 3.88883 2.84042 22
    endloop
  endfacet
  facet normal 0.595688 0.803216 0
    outer loop
      vertex 3.5893 3.06256 22
      vertex 3.88883 2.84042 2.2
      vertex 3.5893 3.06256 2.2
    endloop
  endfacet
  facet normal 0.595792 -0.803139 0
    outer loop
      vertex 3.5893 66.9374 2.2
      vertex 3.88883 67.1596 22
      vertex 3.5893 66.9374 22
    endloop
  endfacet
  facet normal 0.595792 -0.803139 0
    outer loop
      vertex 3.88883 67.1596 22
      vertex 3.5893 66.9374 2.2
      vertex 3.88883 67.1596 2.2
    endloop
  endfacet
  facet normal -0.80311 -0.59583 0
    outer loop
      vertex 87.1596 66.1112 2.2
      vertex 86.9374 66.4107 22
      vertex 86.9374 66.4107 2.2
    endloop
  endfacet
  facet normal -0.80311 -0.59583 0
    outer loop
      vertex 86.9374 66.4107 22
      vertex 87.1596 66.1112 2.2
      vertex 87.1596 66.1112 22
    endloop
  endfacet
  facet normal 0.242977 0.970032 -0
    outer loop
      vertex 5.25866 2.27302 2.2
      vertex 4.89692 2.36363 22
      vertex 5.25866 2.27302 22
    endloop
  endfacet
  facet normal 0.242977 0.970032 0
    outer loop
      vertex 4.89692 2.36363 22
      vertex 5.25866 2.27302 2.2
      vertex 4.89692 2.36363 2.2
    endloop
  endfacet
  facet normal 0 0 1
    outer loop
      vertex 22.5 9.83414 2.2
      vertex 22.4096 9.64302 2.2
      vertex 22.5 5 2.2
    endloop
  endfacet
  facet normal 0 0 1
    outer loop
      vertex 62.75 32 2.2
      vertex 35.9759 25.4901 2.2
      vertex 36 25 2.2
    endloop
  endfacet
  facet normal 0 0 1
    outer loop
      vertex 62.75 32 2.2
      vertex 35.9039 25.9755 2.2
      vertex 35.9759 25.4901 2.2
    endloop
  endfacet
  facet normal 0 0 1
    outer loop
      vertex 62.75 32 2.2
      vertex 35.7847 26.4514 2.2
      vertex 35.9039 25.9755 2.2
    endloop
  endfacet
  facet normal 0 0 1
    outer loop
      vertex 62.75 32 2.2
      vertex 35.6194 26.9134 2.2
      vertex 35.7847 26.4514 2.2
    endloop
  endfacet
  facet normal 0 0 1
    outer loop
      vertex 62.75 32 2.2
      vertex 35.4096 27.357 2.2
      vertex 35.6194 26.9134 2.2
    endloop
  endfacet
  facet normal 0 0 1
    outer loop
      vertex 62.75 32 2.2
      vertex 35.1573 27.7779 2.2
      vertex 35.4096 27.357 2.2
    endloop
  endfacet
  facet normal 0 0 1
    outer loop
      vertex 62.75 32 2.2
      vertex 34.8651 28.172 2.2
      vertex 35.1573 27.7779 2.2
    endloop
  endfacet
  facet normal 0 0 1
    outer loop
      vertex 62.75 32 2.2
      vertex 34.5355 28.5355 2.2
      vertex 34.8651 28.172 2.2
    endloop
  endfacet
  facet normal 0 0 1
    outer loop
      vertex 62.75 32 2.2
      vertex 34.172 28.8651 2.2
      vertex 34.5355 28.5355 2.2
    endloop
  endfacet
  facet normal 0 0 1
    outer loop
      vertex 62.75 32 2.2
      vertex 33.7779 29.1573 2.2
      vertex 34.172 28.8651 2.2
    endloop
  endfacet
  facet normal 0 0 1
    outer loop
      vertex 62.75 32 2.2
      vertex 33.357 29.4096 2.2
      vertex 33.7779 29.1573 2.2
    endloop
  endfacet
  facet normal 0 0 1
    outer loop
      vertex 62.75 32 2.2
      vertex 32.9134 29.6194 2.2
      vertex 33.357 29.4096 2.2
    endloop
  endfacet
  facet normal 0 0 1
    outer loop
      vertex 62.75 32 2.2
      vertex 32.4514 29.7847 2.2
      vertex 32.9134 29.6194 2.2
    endloop
  endfacet
  facet normal -0 0 1
    outer loop
      vertex 27.25 32 2.2
      vertex 32.4514 29.7847 2.2
      vertex 62.75 32 2.2
    endloop
  endfacet
  facet normal 0 0 1
    outer loop
      vertex 32.4514 29.7847 2.2
      vertex 27.25 32 2.2
      vertex 31.9755 29.9039 2.2
    endloop
  endfacet
  facet normal 0 0 1
    outer loop
      vertex 31.9755 29.9039 2.2
      vertex 27.25 32 2.2
      vertex 31.4901 29.9759 2.2
    endloop
  endfacet
  facet normal 0 0 1
    outer loop
      vertex 31.4901 29.9759 2.2
      vertex 27.25 32 2.2
      vertex 31 30 2.2
    endloop
  endfacet
  facet normal 0 0 1
    outer loop
      vertex 31 30 2.2
      vertex 27.25 32 2.2
      vertex 30.5099 29.9759 2.2
    endloop
  endfacet
  facet normal 0 0 1
    outer loop
      vertex 27.25 32 2.2
      vertex 30.0245 29.9039 2.2
      vertex 30.5099 29.9759 2.2
    endloop
  endfacet
  facet normal 0 0 1
    outer loop
      vertex 27.25 32 2.2
      vertex 29.5486 29.7847 2.2
      vertex 30.0245 29.9039 2.2
    endloop
  endfacet
  facet normal 0 0 1
    outer loop
      vertex 27.25 32 2.2
      vertex 29.0866 29.6194 2.2
      vertex 29.5486 29.7847 2.2
    endloop
  endfacet
  facet normal 0 0 1
    outer loop
      vertex 27.25 32 2.2
      vertex 28.643 29.4096 2.2
      vertex 29.0866 29.6194 2.2
    endloop
  endfacet
  facet normal 0 0 1
    outer loop
      vertex 27.25 32 2.2
      vertex 28.2221 29.1573 2.2
      vertex 28.643 29.4096 2.2
    endloop
  endfacet
  facet normal 0 0 1
    outer loop
      vertex 27.25 32 2.2
      vertex 27.828 28.8651 2.2
      vertex 28.2221 29.1573 2.2
    endloop
  endfacet
  facet normal 0 0 1
    outer loop
      vertex 27.25 32 2.2
      vertex 27.4645 28.5355 2.2
      vertex 27.828 28.8651 2.2
    endloop
  endfacet
  facet normal 0 0 1
    outer loop
      vertex 27.4645 28.5355 2.2
      vertex 27.25 32 2.2
      vertex 27.1349 28.172 2.2
    endloop
  endfacet
  facet normal 0 0 1
    outer loop
      vertex 84 67.8 2.2
      vertex 87.8 64 2.2
      vertex 87.7817 64.3725 2.2
    endloop
  endfacet
  facet normal 0 0 1
    outer loop
      vertex 87.8 64 2.2
      vertex 68.3 23.8 2.2
      vertex 87.8 6 2.2
    endloop
  endfacet
  facet normal 0 0 1
    outer loop
      vertex 84 67.8 2.2
      vertex 87.7817 64.3725 2.2
      vertex 87.727 64.7413 2.2
    endloop
  endfacet
  facet normal 0 0 1
    outer loop
      vertex 68.3 5 2.2
      vertex 87.8 6 2.2
      vertex 68.3 23.8 2.2
    endloop
  endfacet
  facet normal 0 0 1
    outer loop
      vertex 84 67.8 2.2
      vertex 87.727 64.7413 2.2
      vertex 87.6364 65.1031 2.2
    endloop
  endfacet
  facet normal 0 -0 1
    outer loop
      vertex 84 2.2 2.2
      vertex 87.8 6 2.2
      vertex 68.3 5 2.2
    endloop
  endfacet
  facet normal 0 0 1
    outer loop
      vertex 84 67.8 2.2
      vertex 87.6364 65.1031 2.2
      vertex 87.5107 65.4542 2.2
    endloop
  endfacet
  facet normal 0 0 1
    outer loop
      vertex 87.8 6 2.2
      vertex 84 2.2 2.2
      vertex 87.7817 5.62753 2.2
    endloop
  endfacet
  facet normal 0 0 1
    outer loop
      vertex 84 67.8 2.2
      vertex 87.5107 65.4542 2.2
      vertex 87.3513 65.7913 2.2
    endloop
  endfacet
  facet normal 0 0 1
    outer loop
      vertex 87.7817 5.62753 2.2
      vertex 84 2.2 2.2
      vertex 87.727 5.25866 2.2
    endloop
  endfacet
  facet normal 0 0 1
    outer loop
      vertex 84 67.8 2.2
      vertex 87.3513 65.7913 2.2
      vertex 87.1596 66.1112 2.2
    endloop
  endfacet
  facet normal 0 0 1
    outer loop
      vertex 87.6364 4.89692 2.2
      vertex 84 2.2 2.2
      vertex 87.5107 4.5458 2.2
    endloop
  endfacet
  facet normal 0 0 1
    outer loop
      vertex 84 67.8 2.2
      vertex 87.1596 66.1112 2.2
      vertex 86.9374 66.4107 2.2
    endloop
  endfacet
  facet normal 0 0 1
    outer loop
      vertex 87.5107 4.5458 2.2
      vertex 84 2.2 2.2
      vertex 87.3513 4.20869 2.2
    endloop
  endfacet
  facet normal 0 0 1
    outer loop
      vertex 84 67.8 2.2
      vertex 86.9374 66.4107 2.2
      vertex 86.687 66.687 2.2
    endloop
  endfacet
  facet normal 0 0 1
    outer loop
      vertex 87.3513 4.20869 2.2
      vertex 84 2.2 2.2
      vertex 87.1596 3.88883 2.2
    endloop
  endfacet
  facet normal 0 0 1
    outer loop
      vertex 84 67.8 2.2
      vertex 86.687 66.687 2.2
      vertex 86.4107 66.9374 2.2
    endloop
  endfacet
  facet normal 0 0 1
    outer loop
      vertex 87.1596 3.88883 2.2
      vertex 84 2.2 2.2
      vertex 86.9374 3.5893 2.2
    endloop
  endfacet
  facet normal 0 0 1
    outer loop
      vertex 84 67.8 2.2
      vertex 86.4107 66.9374 2.2
      vertex 86.1112 67.1596 2.2
    endloop
  endfacet
  facet normal 0 0 1
    outer loop
      vertex 86.9374 3.5893 2.2
      vertex 84 2.2 2.2
      vertex 86.687 3.31299 2.2
    endloop
  endfacet
  facet normal 0 0 1
    outer loop
      vertex 84 67.8 2.2
      vertex 86.1112 67.1596 2.2
      vertex 85.7913 67.3513 2.2
    endloop
  endfacet
  facet normal 0 0 1
    outer loop
      vertex 86.687 3.31299 2.2
      vertex 84 2.2 2.2
      vertex 86.4107 3.06256 2.2
    endloop
  endfacet
  facet normal 0 0 1
    outer loop
      vertex 84 67.8 2.2
      vertex 85.7913 67.3513 2.2
      vertex 85.4542 67.5107 2.2
    endloop
  endfacet
  facet normal 0 0 1
    outer loop
      vertex 86.4107 3.06256 2.2
      vertex 84 2.2 2.2
      vertex 86.1112 2.84042 2.2
    endloop
  endfacet
  facet normal 0 0 1
    outer loop
      vertex 84 67.8 2.2
      vertex 85.4542 67.5107 2.2
      vertex 85.1031 67.6364 2.2
    endloop
  endfacet
  facet normal 0 0 1
    outer loop
      vertex 86.1112 2.84042 2.2
      vertex 84 2.2 2.2
      vertex 85.7913 2.6487 2.2
    endloop
  endfacet
  facet normal 0 0 1
    outer loop
      vertex 84 67.8 2.2
      vertex 85.1031 67.6364 2.2
      vertex 84.7413 67.727 2.2
    endloop
  endfacet
  facet normal 0 0 1
    outer loop
      vertex 85.7913 2.6487 2.2
      vertex 84 2.2 2.2
      vertex 85.4542 2.48926 2.2
    endloop
  endfacet
  facet normal 0 0 1
    outer loop
      vertex 84 67.8 2.2
      vertex 84.7413 67.727 2.2
      vertex 84.3725 67.7817 2.2
    endloop
  endfacet
  facet normal 0 0 1
    outer loop
      vertex 85.4542 2.48926 2.2
      vertex 84 2.2 2.2
      vertex 85.1031 2.36363 2.2
    endloop
  endfacet
  facet normal 0 0 1
    outer loop
      vertex 87.8 64 2.2
      vertex 84 67.8 2.2
      vertex 62.75 67.5 2.2
    endloop
  endfacet
  facet normal 0 0 1
    outer loop
      vertex 85.1031 2.36363 2.2
      vertex 84 2.2 2.2
      vertex 84.7413 2.27302 2.2
    endloop
  endfacet
  facet normal 0 0 1
    outer loop
      vertex 84.7413 2.27302 2.2
      vertex 84 2.2 2.2
      vertex 84.3725 2.2183 2.2
    endloop
  endfacet
  facet normal 0 0 1
    outer loop
      vertex 87.8 64 2.2
      vertex 62.75 67.5 2.2
      vertex 62.75 32 2.2
    endloop
  endfacet
  facet normal 0 0 1
    outer loop
      vertex 84 67.8 2.2
      vertex 27.25 67.5 2.2
      vertex 62.75 67.5 2.2
    endloop
  endfacet
  facet normal 0 0 1
    outer loop
      vertex 18 30 2.2
      vertex 27.25 32 2.2
      vertex 27.25 67.5 2.2
    endloop
  endfacet
  facet normal 0 -0 1
    outer loop
      vertex 20.357 29.4096 2.2
      vertex 27.25 32 2.2
      vertex 19.9134 29.6194 2.2
    endloop
  endfacet
  facet normal 0 -0 1
    outer loop
      vertex 20.7779 29.1573 2.2
      vertex 27.25 32 2.2
      vertex 20.357 29.4096 2.2
    endloop
  endfacet
  facet normal 0 -0 1
    outer loop
      vertex 21.5355 28.5355 2.2
      vertex 27.25 32 2.2
      vertex 21.172 28.8651 2.2
    endloop
  endfacet
  facet normal 0 0 1
    outer loop
      vertex 27.25 32 2.2
      vertex 21.8651 28.172 2.2
      vertex 27.1349 28.172 2.2
    endloop
  endfacet
  facet normal 0 0 1
    outer loop
      vertex 27.1349 28.172 2.2
      vertex 21.8651 28.172 2.2
      vertex 26.8427 27.7779 2.2
    endloop
  endfacet
  facet normal 0 0 1
    outer loop
      vertex 26.8427 27.7779 2.2
      vertex 22.1573 27.7779 2.2
      vertex 26.5904 27.357 2.2
    endloop
  endfacet
  facet normal 0 -0 1
    outer loop
      vertex 22.4096 27.357 2.2
      vertex 26.5904 27.357 2.2
      vertex 22.1573 27.7779 2.2
    endloop
  endfacet
  facet normal 0 -0 1
    outer loop
      vertex 22.6194 26.9134 2.2
      vertex 26.3806 26.9134 2.2
      vertex 22.4096 27.357 2.2
    endloop
  endfacet
  facet normal 0 0 1
    outer loop
      vertex 26 25 2.2
      vertex 22.9759 25.4901 2.2
      vertex 23 25 2.2
    endloop
  endfacet
  facet normal 0 0 1
    outer loop
      vertex 26.0241 25.4901 2.2
      vertex 22.9759 25.4901 2.2
      vertex 26 25 2.2
    endloop
  endfacet
  facet normal 0 -0 1
    outer loop
      vertex 22.9759 25.4901 2.2
      vertex 26.0241 25.4901 2.2
      vertex 22.9039 25.9755 2.2
    endloop
  endfacet
  facet normal 0 0 1
    outer loop
      vertex 26.0961 25.9755 2.2
      vertex 22.9039 25.9755 2.2
      vertex 26.0241 25.4901 2.2
    endloop
  endfacet
  facet normal 0 -0 1
    outer loop
      vertex 22.9039 25.9755 2.2
      vertex 26.0961 25.9755 2.2
      vertex 22.7847 26.4514 2.2
    endloop
  endfacet
  facet normal 0 0 1
    outer loop
      vertex 26.2153 26.4514 2.2
      vertex 22.7847 26.4514 2.2
      vertex 26.0961 25.9755 2.2
    endloop
  endfacet
  facet normal 0 -0 1
    outer loop
      vertex 22.7847 26.4514 2.2
      vertex 26.2153 26.4514 2.2
      vertex 22.6194 26.9134 2.2
    endloop
  endfacet
  facet normal 0 0 1
    outer loop
      vertex 26.3806 26.9134 2.2
      vertex 22.6194 26.9134 2.2
      vertex 26.2153 26.4514 2.2
    endloop
  endfacet
  facet normal 0 0 1
    outer loop
      vertex 26.5904 27.357 2.2
      vertex 22.4096 27.357 2.2
      vertex 26.3806 26.9134 2.2
    endloop
  endfacet
  facet normal 0 -0 1
    outer loop
      vertex 22.1573 27.7779 2.2
      vertex 26.8427 27.7779 2.2
      vertex 21.8651 28.172 2.2
    endloop
  endfacet
  facet normal 0 -0 1
    outer loop
      vertex 21.8651 28.172 2.2
      vertex 27.25 32 2.2
      vertex 21.5355 28.5355 2.2
    endloop
  endfacet
  facet normal 0 -0 1
    outer loop
      vertex 21.172 28.8651 2.2
      vertex 27.25 32 2.2
      vertex 20.7779 29.1573 2.2
    endloop
  endfacet
  facet normal 0 0 1
    outer loop
      vertex 27.25 32 2.2
      vertex 19.4514 29.7847 2.2
      vertex 19.9134 29.6194 2.2
    endloop
  endfacet
  facet normal 0 0 1
    outer loop
      vertex 27.25 32 2.2
      vertex 18.9755 29.9039 2.2
      vertex 19.4514 29.7847 2.2
    endloop
  endfacet
  facet normal 0 0 1
    outer loop
      vertex 27.25 32 2.2
      vertex 18.4901 29.9759 2.2
      vertex 18.9755 29.9039 2.2
    endloop
  endfacet
  facet normal 0 0 1
    outer loop
      vertex 27.25 32 2.2
      vertex 18 30 2.2
      vertex 18.4901 29.9759 2.2
    endloop
  endfacet
  facet normal 0 0 1
    outer loop
      vertex 27.25 67.5 2.2
      vertex 17.5099 29.9759 2.2
      vertex 18 30 2.2
    endloop
  endfacet
  facet normal -0 0 1
    outer loop
      vertex 2.2 64 2.2
      vertex 17.5099 29.9759 2.2
      vertex 27.25 67.5 2.2
    endloop
  endfacet
  facet normal 0 0 1
    outer loop
      vertex 17.5099 29.9759 2.2
      vertex 2.2 64 2.2
      vertex 17.0245 29.9039 2.2
    endloop
  endfacet
  facet normal 0 0 1
    outer loop
      vertex 17.0245 29.9039 2.2
      vertex 2.2 64 2.2
      vertex 16.5486 29.7847 2.2
    endloop
  endfacet
  facet normal 0 0 1
    outer loop
      vertex 16.5486 29.7847 2.2
      vertex 2.2 64 2.2
      vertex 16.0866 29.6194 2.2
    endloop
  endfacet
  facet normal 0 0 1
    outer loop
      vertex 16.0866 29.6194 2.2
      vertex 2.2 64 2.2
      vertex 15.643 29.4096 2.2
    endloop
  endfacet
  facet normal 0 0 1
    outer loop
      vertex 15.643 29.4096 2.2
      vertex 2.2 64 2.2
      vertex 15.2221 29.1573 2.2
    endloop
  endfacet
  facet normal 0 0 1
    outer loop
      vertex 15.2221 29.1573 2.2
      vertex 2.2 64 2.2
      vertex 14.828 28.8651 2.2
    endloop
  endfacet
  facet normal 0 0 1
    outer loop
      vertex 14.828 28.8651 2.2
      vertex 2.2 64 2.2
      vertex 14.4645 28.5355 2.2
    endloop
  endfacet
  facet normal 0 0 1
    outer loop
      vertex 14.4645 28.5355 2.2
      vertex 2.2 64 2.2
      vertex 14.1349 28.172 2.2
    endloop
  endfacet
  facet normal 0 0 1
    outer loop
      vertex 14.1349 28.172 2.2
      vertex 2.2 64 2.2
      vertex 13.8427 27.7779 2.2
    endloop
  endfacet
  facet normal 0 0 1
    outer loop
      vertex 13.8427 27.7779 2.2
      vertex 2.2 64 2.2
      vertex 13.5904 27.357 2.2
    endloop
  endfacet
  facet normal 0 0 1
    outer loop
      vertex 13.5904 27.357 2.2
      vertex 2.2 64 2.2
      vertex 13.3806 26.9134 2.2
    endloop
  endfacet
  facet normal 0 0 1
    outer loop
      vertex 13.0961 25.9755 2.2
      vertex 2.2 6 2.2
      vertex 13.0241 25.4901 2.2
    endloop
  endfacet
  facet normal 0 0 1
    outer loop
      vertex 2.2 6 2.2
      vertex 13.0961 25.9755 2.2
      vertex 2.2 64 2.2
    endloop
  endfacet
  facet normal 0 0 1
    outer loop
      vertex 13.2153 26.4514 2.2
      vertex 2.2 64 2.2
      vertex 13.0961 25.9755 2.2
    endloop
  endfacet
  facet normal 0 0 1
    outer loop
      vertex 13.3806 26.9134 2.2
      vertex 2.2 64 2.2
      vertex 13.2153 26.4514 2.2
    endloop
  endfacet
  facet normal 0 0 1
    outer loop
      vertex 2.2 64 2.2
      vertex 27.25 67.5 2.2
      vertex 6 67.8 2.2
    endloop
  endfacet
  facet normal -0 0 1
    outer loop
      vertex 6 67.8 2.2
      vertex 27.25 67.5 2.2
      vertex 84 67.8 2.2
    endloop
  endfacet
  facet normal 0 0 1
    outer loop
      vertex 87.727 5.25866 2.2
      vertex 84 2.2 2.2
      vertex 87.6364 4.89692 2.2
    endloop
  endfacet
  facet normal -0 0 1
    outer loop
      vertex 22.5 5 2.2
      vertex 84 2.2 2.2
      vertex 68.3 5 2.2
    endloop
  endfacet
  facet normal -0 0 1
    outer loop
      vertex 22.1573 9.22215 2.2
      vertex 22.5 5 2.2
      vertex 22.4096 9.64302 2.2
    endloop
  endfacet
  facet normal -0 0 1
    outer loop
      vertex 21.8651 8.82803 2.2
      vertex 22.5 5 2.2
      vertex 22.1573 9.22215 2.2
    endloop
  endfacet
  facet normal -0 0 1
    outer loop
      vertex 21.5355 8.46447 2.2
      vertex 22.5 5 2.2
      vertex 21.8651 8.82803 2.2
    endloop
  endfacet
  facet normal -0 0 1
    outer loop
      vertex 21.172 8.13495 2.2
      vertex 22.5 5 2.2
      vertex 21.5355 8.46447 2.2
    endloop
  endfacet
  facet normal -0 0 1
    outer loop
      vertex 20.7779 7.84265 2.2
      vertex 22.5 5 2.2
      vertex 21.172 8.13495 2.2
    endloop
  endfacet
  facet normal -0 0 1
    outer loop
      vertex 20.357 7.59039 2.2
      vertex 22.5 5 2.2
      vertex 20.7779 7.84265 2.2
    endloop
  endfacet
  facet normal -0 0 1
    outer loop
      vertex 19.9134 7.3806 2.2
      vertex 22.5 5 2.2
      vertex 20.357 7.59039 2.2
    endloop
  endfacet
  facet normal -0 0 1
    outer loop
      vertex 19.4514 7.2153 2.2
      vertex 22.5 5 2.2
      vertex 19.9134 7.3806 2.2
    endloop
  endfacet
  facet normal -0 0 1
    outer loop
      vertex 18.9755 7.09607 2.2
      vertex 22.5 5 2.2
      vertex 19.4514 7.2153 2.2
    endloop
  endfacet
  facet normal -0 0 1
    outer loop
      vertex 18.4901 7.02408 2.2
      vertex 22.5 5 2.2
      vertex 18.9755 7.09607 2.2
    endloop
  endfacet
  facet normal -0 0 1
    outer loop
      vertex 18 7 2.2
      vertex 22.5 5 2.2
      vertex 18.4901 7.02408 2.2
    endloop
  endfacet
  facet normal 0 0 1
    outer loop
      vertex 17.5099 7.02408 2.2
      vertex 22.5 5 2.2
      vertex 18 7 2.2
    endloop
  endfacet
  facet normal 0 0 1
    outer loop
      vertex 6 2.2 2.2
      vertex 17.5099 7.02408 2.2
      vertex 17.0245 7.09607 2.2
    endloop
  endfacet
  facet normal 0 0 1
    outer loop
      vertex 6 2.2 2.2
      vertex 17.0245 7.09607 2.2
      vertex 16.5486 7.2153 2.2
    endloop
  endfacet
  facet normal 0 0 1
    outer loop
      vertex 6 2.2 2.2
      vertex 16.5486 7.2153 2.2
      vertex 16.0866 7.3806 2.2
    endloop
  endfacet
  facet normal 0 0 1
    outer loop
      vertex 13.0241 25.4901 2.2
      vertex 2.2 6 2.2
      vertex 13 25 2.2
    endloop
  endfacet
  facet normal 0 0 1
    outer loop
      vertex 22.5 5 2.2
      vertex 6 2.2 2.2
      vertex 84 2.2 2.2
    endloop
  endfacet
  facet normal 0 0 1
    outer loop
      vertex 17.5099 7.02408 2.2
      vertex 6 2.2 2.2
      vertex 22.5 5 2.2
    endloop
  endfacet
  facet normal 0 0 1
    outer loop
      vertex 15.643 7.59039 2.2
      vertex 6 2.2 2.2
      vertex 16.0866 7.3806 2.2
    endloop
  endfacet
  facet normal 0 0 1
    outer loop
      vertex 15.2221 7.84265 2.2
      vertex 6 2.2 2.2
      vertex 15.643 7.59039 2.2
    endloop
  endfacet
  facet normal 0 0 1
    outer loop
      vertex 14.828 8.13495 2.2
      vertex 6 2.2 2.2
      vertex 15.2221 7.84265 2.2
    endloop
  endfacet
  facet normal 0 0 1
    outer loop
      vertex 14.4645 8.46447 2.2
      vertex 6 2.2 2.2
      vertex 14.828 8.13495 2.2
    endloop
  endfacet
  facet normal 0 0 1
    outer loop
      vertex 14.1349 8.82803 2.2
      vertex 6 2.2 2.2
      vertex 14.4645 8.46447 2.2
    endloop
  endfacet
  facet normal 0 0 1
    outer loop
      vertex 13.8427 9.22215 2.2
      vertex 6 2.2 2.2
      vertex 14.1349 8.82803 2.2
    endloop
  endfacet
  facet normal 0 0 1
    outer loop
      vertex 13.5904 9.64302 2.2
      vertex 6 2.2 2.2
      vertex 13.8427 9.22215 2.2
    endloop
  endfacet
  facet normal 0 0 1
    outer loop
      vertex 13.3806 10.0866 2.2
      vertex 6 2.2 2.2
      vertex 13.5904 9.64302 2.2
    endloop
  endfacet
  facet normal 0 0 1
    outer loop
      vertex 2.2 6 2.2
      vertex 13.3806 10.0866 2.2
      vertex 13.2153 10.5486 2.2
    endloop
  endfacet
  facet normal 0 0 1
    outer loop
      vertex 2.2 6 2.2
      vertex 13.2153 10.5486 2.2
      vertex 13.0961 11.0245 2.2
    endloop
  endfacet
  facet normal 0 0 1
    outer loop
      vertex 2.2 6 2.2
      vertex 13.0961 11.0245 2.2
      vertex 13.0241 11.5099 2.2
    endloop
  endfacet
  facet normal 0 0 1
    outer loop
      vertex 13 25 2.2
      vertex 2.2 6 2.2
      vertex 13 12 2.2
    endloop
  endfacet
  facet normal 0 0 1
    outer loop
      vertex 2.2 64 2.2
      vertex 6 67.8 2.2
      vertex 5.62753 67.7817 2.2
    endloop
  endfacet
  facet normal 0 0 1
    outer loop
      vertex 13 12 2.2
      vertex 2.2 6 2.2
      vertex 13.0241 11.5099 2.2
    endloop
  endfacet
  facet normal 0 0 1
    outer loop
      vertex 2.2 64 2.2
      vertex 5.62753 67.7817 2.2
      vertex 5.25866 67.727 2.2
    endloop
  endfacet
  facet normal 0 0 1
    outer loop
      vertex 13.3806 10.0866 2.2
      vertex 2.2 6 2.2
      vertex 6 2.2 2.2
    endloop
  endfacet
  facet normal 0 0 1
    outer loop
      vertex 2.2 64 2.2
      vertex 5.25866 67.727 2.2
      vertex 4.89692 67.6364 2.2
    endloop
  endfacet
  facet normal 0 0 1
    outer loop
      vertex 6 2.2 2.2
      vertex 2.2 6 2.2
      vertex 5.62753 2.2183 2.2
    endloop
  endfacet
  facet normal 0 0 1
    outer loop
      vertex 2.2 64 2.2
      vertex 4.89692 67.6364 2.2
      vertex 4.5458 67.5107 2.2
    endloop
  endfacet
  facet normal 0 0 1
    outer loop
      vertex 5.62753 2.2183 2.2
      vertex 2.2 6 2.2
      vertex 5.25866 2.27302 2.2
    endloop
  endfacet
  facet normal 0 0 1
    outer loop
      vertex 2.2 64 2.2
      vertex 4.5458 67.5107 2.2
      vertex 4.20869 67.3513 2.2
    endloop
  endfacet
  facet normal 0 0 1
    outer loop
      vertex 5.25866 2.27302 2.2
      vertex 2.2 6 2.2
      vertex 4.89692 2.36363 2.2
    endloop
  endfacet
  facet normal 0 0 1
    outer loop
      vertex 2.2 64 2.2
      vertex 4.20869 67.3513 2.2
      vertex 3.88883 67.1596 2.2
    endloop
  endfacet
  facet normal 0 0 1
    outer loop
      vertex 4.89692 2.36363 2.2
      vertex 2.2 6 2.2
      vertex 4.5458 2.48926 2.2
    endloop
  endfacet
  facet normal 0 0 1
    outer loop
      vertex 2.2 64 2.2
      vertex 3.88883 67.1596 2.2
      vertex 3.5893 66.9374 2.2
    endloop
  endfacet
  facet normal 0 0 1
    outer loop
      vertex 4.5458 2.48926 2.2
      vertex 2.2 6 2.2
      vertex 4.20869 2.6487 2.2
    endloop
  endfacet
  facet normal 0 0 1
    outer loop
      vertex 2.2 64 2.2
      vertex 3.5893 66.9374 2.2
      vertex 3.31299 66.687 2.2
    endloop
  endfacet
  facet normal 0 0 1
    outer loop
      vertex 4.20869 2.6487 2.2
      vertex 2.2 6 2.2
      vertex 3.88883 2.84042 2.2
    endloop
  endfacet
  facet normal 0 0 1
    outer loop
      vertex 2.2 64 2.2
      vertex 3.31299 66.687 2.2
      vertex 3.06256 66.4107 2.2
    endloop
  endfacet
  facet normal 0 0 1
    outer loop
      vertex 3.88883 2.84042 2.2
      vertex 2.2 6 2.2
      vertex 3.5893 3.06256 2.2
    endloop
  endfacet
  facet normal 0 0 1
    outer loop
      vertex 2.2 64 2.2
      vertex 3.06256 66.4107 2.2
      vertex 2.84042 66.1112 2.2
    endloop
  endfacet
  facet normal 0 0 1
    outer loop
      vertex 3.5893 3.06256 2.2
      vertex 2.2 6 2.2
      vertex 3.31299 3.31299 2.2
    endloop
  endfacet
  facet normal 0 0 1
    outer loop
      vertex 2.2 64 2.2
      vertex 2.84042 66.1112 2.2
      vertex 2.6487 65.7913 2.2
    endloop
  endfacet
  facet normal 0 0 1
    outer loop
      vertex 3.31299 3.31299 2.2
      vertex 2.2 6 2.2
      vertex 3.06256 3.5893 2.2
    endloop
  endfacet
  facet normal 0 0 1
    outer loop
      vertex 2.2 64 2.2
      vertex 2.6487 65.7913 2.2
      vertex 2.48926 65.4542 2.2
    endloop
  endfacet
  facet normal 0 0 1
    outer loop
      vertex 3.06256 3.5893 2.2
      vertex 2.2 6 2.2
      vertex 2.84042 3.88883 2.2
    endloop
  endfacet
  facet normal 0 0 1
    outer loop
      vertex 2.2 64 2.2
      vertex 2.48926 65.4542 2.2
      vertex 2.36363 65.1031 2.2
    endloop
  endfacet
  facet normal 0 0 1
    outer loop
      vertex 2.84042 3.88883 2.2
      vertex 2.2 6 2.2
      vertex 2.6487 4.20869 2.2
    endloop
  endfacet
  facet normal 0 0 1
    outer loop
      vertex 2.2 64 2.2
      vertex 2.36363 65.1031 2.2
      vertex 2.27302 64.7413 2.2
    endloop
  endfacet
  facet normal 0 0 1
    outer loop
      vertex 2.6487 4.20869 2.2
      vertex 2.2 6 2.2
      vertex 2.48926 4.5458 2.2
    endloop
  endfacet
  facet normal 0 0 1
    outer loop
      vertex 2.2 64 2.2
      vertex 2.27302 64.7413 2.2
      vertex 2.2183 64.3725 2.2
    endloop
  endfacet
  facet normal 0 0 1
    outer loop
      vertex 2.48926 4.5458 2.2
      vertex 2.2 6 2.2
      vertex 2.36363 4.89692 2.2
    endloop
  endfacet
  facet normal 0 0 1
    outer loop
      vertex 2.36363 4.89692 2.2
      vertex 2.2 6 2.2
      vertex 2.27302 5.25866 2.2
    endloop
  endfacet
  facet normal 0 0 1
    outer loop
      vertex 2.27302 5.25866 2.2
      vertex 2.2 6 2.2
      vertex 2.2183 5.62753 2.2
    endloop
  endfacet
  facet normal 0 0 1
    outer loop
      vertex 87.8 64 2.2
      vertex 62.75 32 2.2
      vertex 68.3 23.8 2.2
    endloop
  endfacet
  facet normal 0 0 1
    outer loop
      vertex 35.9759 24.5099 2.2
      vertex 62.75 32 2.2
      vertex 36 25 2.2
    endloop
  endfacet
  facet normal 0 0 1
    outer loop
      vertex 35.9039 24.0245 2.2
      vertex 62.75 32 2.2
      vertex 35.9759 24.5099 2.2
    endloop
  endfacet
  facet normal 0 0 1
    outer loop
      vertex 35.8477 23.8 2.2
      vertex 62.75 32 2.2
      vertex 35.9039 24.0245 2.2
    endloop
  endfacet
  facet normal 0 0 1
    outer loop
      vertex 62.75 32 2.2
      vertex 35.8477 23.8 2.2
      vertex 68.3 23.8 2.2
    endloop
  endfacet
  facet normal -0 0 1
    outer loop
      vertex 23 25 2.2
      vertex 26.0241 24.5099 2.2
      vertex 26 25 2.2
    endloop
  endfacet
  facet normal 0 0 1
    outer loop
      vertex 22.9759 24.5099 2.2
      vertex 26.0241 24.5099 2.2
      vertex 23 25 2.2
    endloop
  endfacet
  facet normal 0 0 1
    outer loop
      vertex 26.0241 24.5099 2.2
      vertex 22.9759 24.5099 2.2
      vertex 26.0961 24.0245 2.2
    endloop
  endfacet
  facet normal 0 0 1
    outer loop
      vertex 22.9039 24.0245 2.2
      vertex 26.0961 24.0245 2.2
      vertex 22.9759 24.5099 2.2
    endloop
  endfacet
  facet normal 0 0 1
    outer loop
      vertex 26.0961 24.0245 2.2
      vertex 22.9039 24.0245 2.2
      vertex 26.1523 23.8 2.2
    endloop
  endfacet
  facet normal 0 0 1
    outer loop
      vertex 26.1523 23.8 2.2
      vertex 22.9039 24.0245 2.2
      vertex 22.8477 23.8 2.2
    endloop
  endfacet
  facet normal -0 0 1
    outer loop
      vertex 22.4096 22.643 2.2
      vertex 22.5 14.1659 2.2
      vertex 22.5 22.8341 2.2
    endloop
  endfacet
  facet normal 0 0 1
    outer loop
      vertex 22.4096 22.643 2.2
      vertex 22.4096 14.357 2.2
      vertex 22.5 14.1659 2.2
    endloop
  endfacet
  facet normal -0 0 1
    outer loop
      vertex 22.1573 22.2221 2.2
      vertex 22.4096 14.357 2.2
      vertex 22.4096 22.643 2.2
    endloop
  endfacet
  facet normal 0 0 1
    outer loop
      vertex 22.1573 22.2221 2.2
      vertex 22.1573 14.7779 2.2
      vertex 22.4096 14.357 2.2
    endloop
  endfacet
  facet normal -0 0 1
    outer loop
      vertex 21.8651 21.828 2.2
      vertex 22.1573 14.7779 2.2
      vertex 22.1573 22.2221 2.2
    endloop
  endfacet
  facet normal 0 0 1
    outer loop
      vertex 21.8651 21.828 2.2
      vertex 21.8651 15.172 2.2
      vertex 22.1573 14.7779 2.2
    endloop
  endfacet
  facet normal -0 0 1
    outer loop
      vertex 21.5355 21.4645 2.2
      vertex 21.8651 15.172 2.2
      vertex 21.8651 21.828 2.2
    endloop
  endfacet
  facet normal 0 0 1
    outer loop
      vertex 21.5355 21.4645 2.2
      vertex 21.5355 15.5355 2.2
      vertex 21.8651 15.172 2.2
    endloop
  endfacet
  facet normal -0 0 1
    outer loop
      vertex 21.172 21.1349 2.2
      vertex 21.5355 15.5355 2.2
      vertex 21.5355 21.4645 2.2
    endloop
  endfacet
  facet normal 0 0 1
    outer loop
      vertex 21.172 21.1349 2.2
      vertex 21.172 15.8651 2.2
      vertex 21.5355 15.5355 2.2
    endloop
  endfacet
  facet normal -0 0 1
    outer loop
      vertex 20.7779 20.8427 2.2
      vertex 21.172 15.8651 2.2
      vertex 21.172 21.1349 2.2
    endloop
  endfacet
  facet normal 0 0 1
    outer loop
      vertex 20.7779 20.8427 2.2
      vertex 20.7779 16.1573 2.2
      vertex 21.172 15.8651 2.2
    endloop
  endfacet
  facet normal -0 0 1
    outer loop
      vertex 20.357 20.5904 2.2
      vertex 20.7779 16.1573 2.2
      vertex 20.7779 20.8427 2.2
    endloop
  endfacet
  facet normal 0 0 1
    outer loop
      vertex 20.357 20.5904 2.2
      vertex 20.357 16.4096 2.2
      vertex 20.7779 16.1573 2.2
    endloop
  endfacet
  facet normal -0 0 1
    outer loop
      vertex 19.9134 20.3806 2.2
      vertex 20.357 16.4096 2.2
      vertex 20.357 20.5904 2.2
    endloop
  endfacet
  facet normal 0 0 1
    outer loop
      vertex 19.9134 20.3806 2.2
      vertex 19.9134 16.6194 2.2
      vertex 20.357 16.4096 2.2
    endloop
  endfacet
  facet normal -0 0 1
    outer loop
      vertex 19.4514 20.2153 2.2
      vertex 19.9134 16.6194 2.2
      vertex 19.9134 20.3806 2.2
    endloop
  endfacet
  facet normal 0 0 1
    outer loop
      vertex 19.4514 20.2153 2.2
      vertex 19.4514 16.7847 2.2
      vertex 19.9134 16.6194 2.2
    endloop
  endfacet
  facet normal -0 0 1
    outer loop
      vertex 18.9755 20.0961 2.2
      vertex 19.4514 16.7847 2.2
      vertex 19.4514 20.2153 2.2
    endloop
  endfacet
  facet normal 0 0 1
    outer loop
      vertex 18.9755 20.0961 2.2
      vertex 18.9755 16.9039 2.2
      vertex 19.4514 16.7847 2.2
    endloop
  endfacet
  facet normal -0 0 1
    outer loop
      vertex 18.4901 20.0241 2.2
      vertex 18.9755 16.9039 2.2
      vertex 18.9755 20.0961 2.2
    endloop
  endfacet
  facet normal 0 0 1
    outer loop
      vertex 18.4901 20.0241 2.2
      vertex 18.4901 16.9759 2.2
      vertex 18.9755 16.9039 2.2
    endloop
  endfacet
  facet normal -0 0 1
    outer loop
      vertex 18 20 2.2
      vertex 18.4901 16.9759 2.2
      vertex 18.4901 20.0241 2.2
    endloop
  endfacet
  facet normal 0 0 1
    outer loop
      vertex 18 20 2.2
      vertex 18 17 2.2
      vertex 18.4901 16.9759 2.2
    endloop
  endfacet
  facet normal 0 0 1
    outer loop
      vertex 17.5099 20.0241 2.2
      vertex 18 17 2.2
      vertex 18 20 2.2
    endloop
  endfacet
  facet normal 0 0 1
    outer loop
      vertex 17.5099 20.0241 2.2
      vertex 17.5099 16.9759 2.2
      vertex 18 17 2.2
    endloop
  endfacet
  facet normal 0 0 1
    outer loop
      vertex 17.0245 20.0961 2.2
      vertex 17.5099 16.9759 2.2
      vertex 17.5099 20.0241 2.2
    endloop
  endfacet
  facet normal 0 0 1
    outer loop
      vertex 17.0245 20.0961 2.2
      vertex 17.0245 16.9039 2.2
      vertex 17.5099 16.9759 2.2
    endloop
  endfacet
  facet normal 0 0 1
    outer loop
      vertex 16.5486 20.2153 2.2
      vertex 17.0245 16.9039 2.2
      vertex 17.0245 20.0961 2.2
    endloop
  endfacet
  facet normal 0 0 1
    outer loop
      vertex 16.5486 20.2153 2.2
      vertex 16.5486 16.7847 2.2
      vertex 17.0245 16.9039 2.2
    endloop
  endfacet
  facet normal 0 0 1
    outer loop
      vertex 16.0866 20.3806 2.2
      vertex 16.5486 16.7847 2.2
      vertex 16.5486 20.2153 2.2
    endloop
  endfacet
  facet normal 0 0 1
    outer loop
      vertex 16.0866 20.3806 2.2
      vertex 16.0866 16.6194 2.2
      vertex 16.5486 16.7847 2.2
    endloop
  endfacet
  facet normal 0 0 1
    outer loop
      vertex 15.643 20.5904 2.2
      vertex 16.0866 16.6194 2.2
      vertex 16.0866 20.3806 2.2
    endloop
  endfacet
  facet normal 0 0 1
    outer loop
      vertex 15.643 20.5904 2.2
      vertex 15.643 16.4096 2.2
      vertex 16.0866 16.6194 2.2
    endloop
  endfacet
  facet normal 0 0 1
    outer loop
      vertex 15.2221 20.8427 2.2
      vertex 15.643 16.4096 2.2
      vertex 15.643 20.5904 2.2
    endloop
  endfacet
  facet normal 0 0 1
    outer loop
      vertex 15.2221 20.8427 2.2
      vertex 15.2221 16.1573 2.2
      vertex 15.643 16.4096 2.2
    endloop
  endfacet
  facet normal 0 0 1
    outer loop
      vertex 14.828 21.1349 2.2
      vertex 15.2221 16.1573 2.2
      vertex 15.2221 20.8427 2.2
    endloop
  endfacet
  facet normal 0 0 1
    outer loop
      vertex 14.828 21.1349 2.2
      vertex 14.828 15.8651 2.2
      vertex 15.2221 16.1573 2.2
    endloop
  endfacet
  facet normal 0 0 1
    outer loop
      vertex 14.4645 21.4645 2.2
      vertex 14.828 15.8651 2.2
      vertex 14.828 21.1349 2.2
    endloop
  endfacet
  facet normal 0 0 1
    outer loop
      vertex 14.4645 21.4645 2.2
      vertex 14.4645 15.5355 2.2
      vertex 14.828 15.8651 2.2
    endloop
  endfacet
  facet normal 0 0 1
    outer loop
      vertex 14.1349 21.828 2.2
      vertex 14.4645 15.5355 2.2
      vertex 14.4645 21.4645 2.2
    endloop
  endfacet
  facet normal 0 0 1
    outer loop
      vertex 14.1349 21.828 2.2
      vertex 14.1349 15.172 2.2
      vertex 14.4645 15.5355 2.2
    endloop
  endfacet
  facet normal 0 0 1
    outer loop
      vertex 13.8427 22.2221 2.2
      vertex 14.1349 15.172 2.2
      vertex 14.1349 21.828 2.2
    endloop
  endfacet
  facet normal 0 0 1
    outer loop
      vertex 13.8427 22.2221 2.2
      vertex 13.8427 14.7779 2.2
      vertex 14.1349 15.172 2.2
    endloop
  endfacet
  facet normal 0 0 1
    outer loop
      vertex 13.5904 22.643 2.2
      vertex 13.8427 14.7779 2.2
      vertex 13.8427 22.2221 2.2
    endloop
  endfacet
  facet normal 0 0 1
    outer loop
      vertex 13.5904 22.643 2.2
      vertex 13.5904 14.357 2.2
      vertex 13.8427 14.7779 2.2
    endloop
  endfacet
  facet normal 0 0 1
    outer loop
      vertex 13.3806 23.0866 2.2
      vertex 13.5904 14.357 2.2
      vertex 13.5904 22.643 2.2
    endloop
  endfacet
  facet normal 0 0 1
    outer loop
      vertex 13.3806 23.0866 2.2
      vertex 13.3806 13.9134 2.2
      vertex 13.5904 14.357 2.2
    endloop
  endfacet
  facet normal 0 0 1
    outer loop
      vertex 13.2153 23.5486 2.2
      vertex 13.3806 13.9134 2.2
      vertex 13.3806 23.0866 2.2
    endloop
  endfacet
  facet normal 0 0 1
    outer loop
      vertex 13.2153 23.5486 2.2
      vertex 13.2153 13.4514 2.2
      vertex 13.3806 13.9134 2.2
    endloop
  endfacet
  facet normal 0 0 1
    outer loop
      vertex 13.0961 24.0245 2.2
      vertex 13.2153 13.4514 2.2
      vertex 13.2153 23.5486 2.2
    endloop
  endfacet
  facet normal 0 0 1
    outer loop
      vertex 13.0961 24.0245 2.2
      vertex 13.0961 12.9755 2.2
      vertex 13.2153 13.4514 2.2
    endloop
  endfacet
  facet normal 0 0 1
    outer loop
      vertex 13.0241 24.5099 2.2
      vertex 13.0961 12.9755 2.2
      vertex 13.0961 24.0245 2.2
    endloop
  endfacet
  facet normal 0 0 1
    outer loop
      vertex 13.0241 24.5099 2.2
      vertex 13.0241 12.4901 2.2
      vertex 13.0961 12.9755 2.2
    endloop
  endfacet
  facet normal 0 0 1
    outer loop
      vertex 13 25 2.2
      vertex 13.0241 12.4901 2.2
      vertex 13.0241 24.5099 2.2
    endloop
  endfacet
  facet normal 0 0 1
    outer loop
      vertex 13.0241 12.4901 2.2
      vertex 13 25 2.2
      vertex 13 12 2.2
    endloop
  endfacet
  facet normal 0.989171 -0.146766 0
    outer loop
      vertex 2.2183 64.3725 22
      vertex 2.27302 64.7413 2.2
      vertex 2.27302 64.7413 22
    endloop
  endfacet
  facet normal 0.989171 -0.146766 0
    outer loop
      vertex 2.27302 64.7413 2.2
      vertex 2.2183 64.3725 22
      vertex 2.2183 64.3725 2.2
    endloop
  endfacet
  facet normal 0.857753 -0.514062 0
    outer loop
      vertex 2.6487 65.7913 22
      vertex 2.84042 66.1112 2.2
      vertex 2.84042 66.1112 22
    endloop
  endfacet
  facet normal 0.857753 -0.514062 0
    outer loop
      vertex 2.84042 66.1112 2.2
      vertex 2.6487 65.7913 22
      vertex 2.6487 65.7913 2.2
    endloop
  endfacet
  facet normal -0.941487 0.33705 0
    outer loop
      vertex 87.5107 4.5458 2.2
      vertex 87.6364 4.89692 22
      vertex 87.6364 4.89692 2.2
    endloop
  endfacet
  facet normal -0.941487 0.33705 0
    outer loop
      vertex 87.6364 4.89692 22
      vertex 87.5107 4.5458 2.2
      vertex 87.5107 4.5458 22
    endloop
  endfacet
  facet normal -0.803139 0.595792 0
    outer loop
      vertex 86.9374 3.5893 2.2
      vertex 87.1596 3.88883 22
      vertex 87.1596 3.88883 2.2
    endloop
  endfacet
  facet normal -0.803139 0.595792 0
    outer loop
      vertex 87.1596 3.88883 22
      vertex 86.9374 3.5893 2.2
      vertex 86.9374 3.5893 22
    endloop
  endfacet
  facet normal -1 0 0
    outer loop
      vertex 60.75 34 2
      vertex 60.75 65.5 5
      vertex 60.75 65.5 2
    endloop
  endfacet
  facet normal -1 -0 0
    outer loop
      vertex 60.75 65.5 5
      vertex 60.75 34 2
      vertex 60.75 34 5
    endloop
  endfacet
  facet normal -1 0 0
    outer loop
      vertex 60.75 34 0
      vertex 60.75 65.5 2
      vertex 60.75 65.5 0
    endloop
  endfacet
  facet normal -1 -0 0
    outer loop
      vertex 60.75 65.5 2
      vertex 60.75 34 0
      vertex 60.75 34 2
    endloop
  endfacet
  facet normal 1 -0 0
    outer loop
      vertex 29.25 34 5
      vertex 29.25 65.5 2
      vertex 29.25 65.5 5
    endloop
  endfacet
  facet normal 1 0 0
    outer loop
      vertex 29.25 65.5 2
      vertex 29.25 34 5
      vertex 29.25 34 2
    endloop
  endfacet
  facet normal 1 -0 0
    outer loop
      vertex 29.25 34 2
      vertex 29.25 65.5 0
      vertex 29.25 65.5 2
    endloop
  endfacet
  facet normal 1 0 0
    outer loop
      vertex 29.25 65.5 0
      vertex 29.25 34 2
      vertex 29.25 34 0
    endloop
  endfacet
  facet normal 0 -1 0
    outer loop
      vertex 29.25 65.5 2
      vertex 60.75 65.5 5
      vertex 29.25 65.5 5
    endloop
  endfacet
  facet normal 0 -1 -0
    outer loop
      vertex 60.75 65.5 5
      vertex 29.25 65.5 2
      vertex 60.75 65.5 2
    endloop
  endfacet
  facet normal 0 -1 0
    outer loop
      vertex 29.25 65.5 0
      vertex 60.75 65.5 2
      vertex 29.25 65.5 2
    endloop
  endfacet
  facet normal 0 -1 -0
    outer loop
      vertex 60.75 65.5 2
      vertex 29.25 65.5 0
      vertex 60.75 65.5 0
    endloop
  endfacet
  facet normal 0 1 -0
    outer loop
      vertex 60.75 34 2
      vertex 29.25 34 5
      vertex 60.75 34 5
    endloop
  endfacet
  facet normal 0 1 0
    outer loop
      vertex 29.25 34 5
      vertex 60.75 34 2
      vertex 29.25 34 2
    endloop
  endfacet
  facet normal 0 1 -0
    outer loop
      vertex 60.75 34 0
      vertex 29.25 34 2
      vertex 60.75 34 2
    endloop
  endfacet
  facet normal 0 1 0
    outer loop
      vertex 29.25 34 2
      vertex 60.75 34 0
      vertex 29.25 34 0
    endloop
  endfacet
  facet normal -1 0 0
    outer loop
      vertex 54 69.5 8
      vertex 54 70 17
      vertex 54 70 8
    endloop
  endfacet
  facet normal -1 -0 0
    outer loop
      vertex 54 70 17
      vertex 54 69.5 8
      vertex 54 69.5 17
    endloop
  endfacet
  facet normal 0 0 -1
    outer loop
      vertex 36 69.5 17
      vertex 54 70 17
      vertex 54 69.5 17
    endloop
  endfacet
  facet normal -0 0 -1
    outer loop
      vertex 54 70 17
      vertex 36 69.5 17
      vertex 36 70 17
    endloop
  endfacet
  facet normal -0 0 1
    outer loop
      vertex 36 70 8
      vertex 54 69.5 8
      vertex 54 70 8
    endloop
  endfacet
  facet normal 0 0 1
    outer loop
      vertex 54 69.5 8
      vertex 36 70 8
      vertex 36 69.5 8
    endloop
  endfacet
  facet normal 1 -0 0
    outer loop
      vertex 36 69.5 17
      vertex 36 70 8
      vertex 36 70 17
    endloop
  endfacet
  facet normal 1 0 0
    outer loop
      vertex 36 70 8
      vertex 36 69.5 17
      vertex 36 69.5 8
    endloop
  endfacet
  facet normal 0 1 -0
    outer loop
      vertex 54 69.5 8
      vertex 36 69.5 17
      vertex 54 69.5 17
    endloop
  endfacet
  facet normal 0 1 0
    outer loop
      vertex 36 69.5 17
      vertex 54 69.5 8
      vertex 36 69.5 8
    endloop
  endfacet
  facet normal 0 0 -1
    outer loop
      vertex 89.5 43 15
      vertex 90 59 15
      vertex 90 43 15
    endloop
  endfacet
  facet normal -0 0 -1
    outer loop
      vertex 90 59 15
      vertex 89.5 43 15
      vertex 89.5 59 15
    endloop
  endfacet
  facet normal -0 0 1
    outer loop
      vertex 89.5 59 7
      vertex 90 43 7
      vertex 90 59 7
    endloop
  endfacet
  facet normal 0 0 1
    outer loop
      vertex 90 43 7
      vertex 89.5 59 7
      vertex 89.5 43 7
    endloop
  endfacet
  facet normal 1 -0 0
    outer loop
      vertex 89.5 43 15
      vertex 89.5 59 7
      vertex 89.5 59 15
    endloop
  endfacet
  facet normal 1 0 0
    outer loop
      vertex 89.5 59 7
      vertex 89.5 43 15
      vertex 89.5 43 7
    endloop
  endfacet
  facet normal 0 -1 0
    outer loop
      vertex 89.5 59 7
      vertex 90 59 15
      vertex 89.5 59 15
    endloop
  endfacet
  facet normal 0 -1 -0
    outer loop
      vertex 90 59 15
      vertex 89.5 59 7
      vertex 90 59 7
    endloop
  endfacet
  facet normal 0 1 -0
    outer loop
      vertex 90 43 7
      vertex 89.5 43 15
      vertex 90 43 15
    endloop
  endfacet
  facet normal 0 1 0
    outer loop
      vertex 89.5 43 15
      vertex 90 43 7
      vertex 89.5 43 7
    endloop
  endfacet
  facet normal -0.0490736 -0.998795 0
    outer loop
      vertex 17.5099 7.02408 2.2
      vertex 18 7 5
      vertex 17.5099 7.02408 5
    endloop
  endfacet
  facet normal -0.0490736 -0.998795 -0
    outer loop
      vertex 18 7 5
      vertex 17.5099 7.02408 2.2
      vertex 18 7 2.2
    endloop
  endfacet
  facet normal 0.740806 0.671719 0
    outer loop
      vertex 21.8651 15.172 5
      vertex 21.5355 15.5355 2.2
      vertex 21.5355 15.5355 5
    endloop
  endfacet
  facet normal 0.740806 0.671719 0
    outer loop
      vertex 21.5355 15.5355 2.2
      vertex 21.8651 15.172 5
      vertex 21.8651 15.172 2.2
    endloop
  endfacet
  facet normal 0.243025 -0.97002 0
    outer loop
      vertex 18.9755 7.09607 2.2
      vertex 19.4514 7.2153 5
      vertex 18.9755 7.09607 5
    endloop
  endfacet
  facet normal 0.243025 -0.97002 0
    outer loop
      vertex 19.4514 7.2153 5
      vertex 18.9755 7.09607 2.2
      vertex 19.4514 7.2153 2.2
    endloop
  endfacet
  facet normal 0.803304 -0.595569 0
    outer loop
      vertex 21.8651 8.82803 5
      vertex 22.1573 9.22215 2.2
      vertex 22.1573 9.22215 5
    endloop
  endfacet
  facet normal 0.803304 -0.595569 0
    outer loop
      vertex 22.1573 9.22215 2.2
      vertex 21.8651 8.82803 5
      vertex 21.8651 8.82803 2.2
    endloop
  endfacet
  facet normal 0.59572 -0.803192 0
    outer loop
      vertex 20.7779 7.84265 2.2
      vertex 21.172 8.13495 5
      vertex 20.7779 7.84265 5
    endloop
  endfacet
  facet normal 0.59572 -0.803192 0
    outer loop
      vertex 21.172 8.13495 5
      vertex 20.7779 7.84265 2.2
      vertex 21.172 8.13495 2.2
    endloop
  endfacet
  facet normal -0.80329 0.595588 0
    outer loop
      vertex 13.8427 14.7779 2.2
      vertex 14.1349 15.172 5
      vertex 14.1349 15.172 2.2
    endloop
  endfacet
  facet normal -0.80329 0.595588 0
    outer loop
      vertex 14.1349 15.172 5
      vertex 13.8427 14.7779 2.2
      vertex 13.8427 14.7779 5
    endloop
  endfacet
  facet normal -0.941548 -0.336879 0
    outer loop
      vertex 13.3806 10.0866 2.2
      vertex 13.2153 10.5486 5
      vertex 13.2153 10.5486 2.2
    endloop
  endfacet
  facet normal -0.941548 -0.336879 0
    outer loop
      vertex 13.2153 10.5486 5
      vertex 13.3806 10.0866 2.2
      vertex 13.3806 10.0866 5
    endloop
  endfacet
  facet normal 0.336879 0.941548 -0
    outer loop
      vertex 19.9134 16.6194 2.2
      vertex 19.4514 16.7847 5
      vertex 19.9134 16.6194 5
    endloop
  endfacet
  facet normal 0.336879 0.941548 0
    outer loop
      vertex 19.4514 16.7847 5
      vertex 19.9134 16.6194 2.2
      vertex 19.4514 16.7847 2.2
    endloop
  endfacet
  facet normal 0.671629 -0.740887 0
    outer loop
      vertex 21.172 8.13495 2.2
      vertex 21.5355 8.46447 5
      vertex 21.172 8.13495 5
    endloop
  endfacet
  facet normal 0.671629 -0.740887 0
    outer loop
      vertex 21.5355 8.46447 5
      vertex 21.172 8.13495 2.2
      vertex 21.5355 8.46447 2.2
    endloop
  endfacet
  facet normal -0.740861 -0.671658 0
    outer loop
      vertex 14.4645 8.46447 2.2
      vertex 14.1349 8.82803 5
      vertex 14.1349 8.82803 2.2
    endloop
  endfacet
  facet normal -0.740861 -0.671658 0
    outer loop
      vertex 14.1349 8.82803 5
      vertex 14.4645 8.46447 2.2
      vertex 14.4645 8.46447 5
    endloop
  endfacet
  facet normal 0.903977 -0.427582 0
    outer loop
      vertex 22.4096 9.64302 5
      vertex 22.5 9.83414 2.2
      vertex 22.5 9.83414 5
    endloop
  endfacet
  facet normal 0.903977 -0.427582 0
    outer loop
      vertex 22.5 9.83414 2.2
      vertex 22.4096 9.64302 5
      vertex 22.4096 9.64302 2.2
    endloop
  endfacet
  facet normal -0.0491143 0.998793 0
    outer loop
      vertex 18 17 2.2
      vertex 17.5099 16.9759 5
      vertex 18 17 5
    endloop
  endfacet
  facet normal -0.0491143 0.998793 0
    outer loop
      vertex 17.5099 16.9759 5
      vertex 18 17 2.2
      vertex 17.5099 16.9759 2.2
    endloop
  endfacet
  facet normal -0.857692 -0.514163 0
    outer loop
      vertex 13.8427 9.22215 2.2
      vertex 13.5904 9.64302 5
      vertex 13.5904 9.64302 2.2
    endloop
  endfacet
  facet normal -0.857692 -0.514163 0
    outer loop
      vertex 13.5904 9.64302 5
      vertex 13.8427 9.22215 2.2
      vertex 13.8427 9.22215 5
    endloop
  endfacet
  facet normal -0.146726 0.989177 0
    outer loop
      vertex 17.5099 16.9759 2.2
      vertex 17.0245 16.9039 5
      vertex 17.5099 16.9759 5
    endloop
  endfacet
  facet normal -0.146726 0.989177 0
    outer loop
      vertex 17.0245 16.9039 5
      vertex 17.5099 16.9759 2.2
      vertex 17.0245 16.9039 2.2
    endloop
  endfacet
  facet normal -0.242967 0.970034 0
    outer loop
      vertex 17.0245 16.9039 2.2
      vertex 16.5486 16.7847 5
      vertex 17.0245 16.9039 5
    endloop
  endfacet
  facet normal -0.242967 0.970034 0
    outer loop
      vertex 16.5486 16.7847 5
      vertex 17.0245 16.9039 2.2
      vertex 16.5486 16.7847 2.2
    endloop
  endfacet
  facet normal 0.0490736 -0.998795 0
    outer loop
      vertex 18 7 2.2
      vertex 18.4901 7.02408 5
      vertex 18 7 5
    endloop
  endfacet
  facet normal 0.0490736 -0.998795 0
    outer loop
      vertex 18.4901 7.02408 5
      vertex 18 7 2.2
      vertex 18.4901 7.02408 2.2
    endloop
  endfacet
  facet normal -0.336879 -0.941548 0
    outer loop
      vertex 16.0866 7.3806 2.2
      vertex 16.5486 7.2153 5
      vertex 16.0866 7.3806 5
    endloop
  endfacet
  facet normal -0.336879 -0.941548 -0
    outer loop
      vertex 16.5486 7.2153 5
      vertex 16.0866 7.3806 2.2
      vertex 16.5486 7.2153 2.2
    endloop
  endfacet
  facet normal 0.671719 0.740806 -0
    outer loop
      vertex 21.5355 15.5355 2.2
      vertex 21.172 15.8651 5
      vertex 21.5355 15.5355 5
    endloop
  endfacet
  facet normal 0.671719 0.740806 0
    outer loop
      vertex 21.172 15.8651 5
      vertex 21.5355 15.5355 2.2
      vertex 21.172 15.8651 2.2
    endloop
  endfacet
  facet normal 0.514136 0.857709 -0
    outer loop
      vertex 20.7779 16.1573 2.2
      vertex 20.357 16.4096 5
      vertex 20.7779 16.1573 5
    endloop
  endfacet
  facet normal 0.514136 0.857709 0
    outer loop
      vertex 20.357 16.4096 5
      vertex 20.7779 16.1573 2.2
      vertex 20.357 16.4096 2.2
    endloop
  endfacet
  facet normal 0.903959 0.427619 0
    outer loop
      vertex 22.5 14.1659 5
      vertex 22.4096 14.357 2.2
      vertex 22.4096 14.357 5
    endloop
  endfacet
  facet normal 0.903959 0.427619 0
    outer loop
      vertex 22.4096 14.357 2.2
      vertex 22.5 14.1659 5
      vertex 22.5 14.1659 2.2
    endloop
  endfacet
  facet normal -0.336879 0.941548 0
    outer loop
      vertex 16.5486 16.7847 2.2
      vertex 16.0866 16.6194 5
      vertex 16.5486 16.7847 5
    endloop
  endfacet
  facet normal -0.336879 0.941548 0
    outer loop
      vertex 16.0866 16.6194 5
      vertex 16.5486 16.7847 2.2
      vertex 16.0866 16.6194 2.2
    endloop
  endfacet
  facet normal -0.671629 -0.740887 0
    outer loop
      vertex 14.4645 8.46447 2.2
      vertex 14.828 8.13495 5
      vertex 14.4645 8.46447 5
    endloop
  endfacet
  facet normal -0.671629 -0.740887 -0
    outer loop
      vertex 14.828 8.13495 5
      vertex 14.4645 8.46447 2.2
      vertex 14.828 8.13495 2.2
    endloop
  endfacet
  facet normal -0.998793 0.0491143 0
    outer loop
      vertex 13 12 2.2
      vertex 13.0241 12.4901 5
      vertex 13.0241 12.4901 2.2
    endloop
  endfacet
  facet normal -0.998793 0.0491143 0
    outer loop
      vertex 13.0241 12.4901 5
      vertex 13 12 2.2
      vertex 13 12 5
    endloop
  endfacet
  facet normal -0.740806 0.671719 0
    outer loop
      vertex 14.1349 15.172 2.2
      vertex 14.4645 15.5355 5
      vertex 14.4645 15.5355 2.2
    endloop
  endfacet
  facet normal -0.740806 0.671719 0
    outer loop
      vertex 14.4645 15.5355 5
      vertex 14.1349 15.172 2.2
      vertex 14.1349 15.172 5
    endloop
  endfacet
  facet normal 0.0491143 0.998793 -0
    outer loop
      vertex 18.4901 16.9759 2.2
      vertex 18 17 5
      vertex 18.4901 16.9759 5
    endloop
  endfacet
  facet normal 0.0491143 0.998793 0
    outer loop
      vertex 18 17 5
      vertex 18.4901 16.9759 2.2
      vertex 18 17 2.2
    endloop
  endfacet
  facet normal 0.336879 -0.941548 0
    outer loop
      vertex 19.4514 7.2153 2.2
      vertex 19.9134 7.3806 5
      vertex 19.4514 7.2153 5
    endloop
  endfacet
  facet normal 0.336879 -0.941548 0
    outer loop
      vertex 19.9134 7.3806 5
      vertex 19.4514 7.2153 2.2
      vertex 19.9134 7.3806 2.2
    endloop
  endfacet
  facet normal -0.803304 -0.595569 0
    outer loop
      vertex 14.1349 8.82803 2.2
      vertex 13.8427 9.22215 5
      vertex 13.8427 9.22215 2.2
    endloop
  endfacet
  facet normal -0.803304 -0.595569 0
    outer loop
      vertex 13.8427 9.22215 5
      vertex 14.1349 8.82803 2.2
      vertex 14.1349 8.82803 5
    endloop
  endfacet
  facet normal 0.427543 0.903995 -0
    outer loop
      vertex 20.357 16.4096 2.2
      vertex 19.9134 16.6194 5
      vertex 20.357 16.4096 5
    endloop
  endfacet
  facet normal 0.427543 0.903995 0
    outer loop
      vertex 19.9134 16.6194 5
      vertex 20.357 16.4096 2.2
      vertex 19.9134 16.6194 2.2
    endloop
  endfacet
  facet normal 0.595588 0.80329 -0
    outer loop
      vertex 21.172 15.8651 2.2
      vertex 20.7779 16.1573 5
      vertex 21.172 15.8651 5
    endloop
  endfacet
  facet normal 0.595588 0.80329 0
    outer loop
      vertex 20.7779 16.1573 5
      vertex 21.172 15.8651 2.2
      vertex 20.7779 16.1573 2.2
    endloop
  endfacet
  facet normal 0.857692 -0.514163 0
    outer loop
      vertex 22.1573 9.22215 5
      vertex 22.4096 9.64302 2.2
      vertex 22.4096 9.64302 5
    endloop
  endfacet
  facet normal 0.857692 -0.514163 0
    outer loop
      vertex 22.4096 9.64302 2.2
      vertex 22.1573 9.22215 5
      vertex 22.1573 9.22215 2.2
    endloop
  endfacet
  facet normal -0.595588 0.80329 0
    outer loop
      vertex 15.2221 16.1573 2.2
      vertex 14.828 15.8651 5
      vertex 15.2221 16.1573 5
    endloop
  endfacet
  facet normal -0.595588 0.80329 0
    outer loop
      vertex 14.828 15.8651 5
      vertex 15.2221 16.1573 2.2
      vertex 14.828 15.8651 2.2
    endloop
  endfacet
  facet normal -0.998793 -0.0491143 0
    outer loop
      vertex 13.0241 11.5099 2.2
      vertex 13 12 5
      vertex 13 12 2.2
    endloop
  endfacet
  facet normal -0.998793 -0.0491143 0
    outer loop
      vertex 13 12 5
      vertex 13.0241 11.5099 2.2
      vertex 13.0241 11.5099 5
    endloop
  endfacet
  facet normal -0.989177 -0.146726 0
    outer loop
      vertex 13.0961 11.0245 2.2
      vertex 13.0241 11.5099 5
      vertex 13.0241 11.5099 2.2
    endloop
  endfacet
  facet normal -0.989177 -0.146726 0
    outer loop
      vertex 13.0241 11.5099 5
      vertex 13.0961 11.0245 2.2
      vertex 13.0961 11.0245 5
    endloop
  endfacet
  facet normal 0.146706 -0.98918 0
    outer loop
      vertex 18.4901 7.02408 2.2
      vertex 18.9755 7.09607 5
      vertex 18.4901 7.02408 5
    endloop
  endfacet
  facet normal 0.146706 -0.98918 0
    outer loop
      vertex 18.9755 7.09607 5
      vertex 18.4901 7.02408 2.2
      vertex 18.9755 7.09607 2.2
    endloop
  endfacet
  facet normal -0.427526 -0.904003 0
    outer loop
      vertex 15.643 7.59039 2.2
      vertex 16.0866 7.3806 5
      vertex 15.643 7.59039 5
    endloop
  endfacet
  facet normal -0.427526 -0.904003 -0
    outer loop
      vertex 16.0866 7.3806 5
      vertex 15.643 7.59039 2.2
      vertex 16.0866 7.3806 2.2
    endloop
  endfacet
  facet normal 0.80329 0.595588 0
    outer loop
      vertex 22.1573 14.7779 5
      vertex 21.8651 15.172 2.2
      vertex 21.8651 15.172 5
    endloop
  endfacet
  facet normal 0.80329 0.595588 0
    outer loop
      vertex 21.8651 15.172 2.2
      vertex 22.1573 14.7779 5
      vertex 22.1573 14.7779 2.2
    endloop
  endfacet
  facet normal -0.59572 -0.803192 0
    outer loop
      vertex 14.828 8.13495 2.2
      vertex 15.2221 7.84265 5
      vertex 14.828 8.13495 5
    endloop
  endfacet
  facet normal -0.59572 -0.803192 -0
    outer loop
      vertex 15.2221 7.84265 5
      vertex 14.828 8.13495 2.2
      vertex 15.2221 7.84265 2.2
    endloop
  endfacet
  facet normal 0.857709 0.514136 0
    outer loop
      vertex 22.4096 14.357 5
      vertex 22.1573 14.7779 2.2
      vertex 22.1573 14.7779 5
    endloop
  endfacet
  facet normal 0.857709 0.514136 0
    outer loop
      vertex 22.1573 14.7779 2.2
      vertex 22.4096 14.357 5
      vertex 22.4096 14.357 2.2
    endloop
  endfacet
  facet normal -0.243025 -0.97002 0
    outer loop
      vertex 16.5486 7.2153 2.2
      vertex 17.0245 7.09607 5
      vertex 16.5486 7.2153 5
    endloop
  endfacet
  facet normal -0.243025 -0.97002 -0
    outer loop
      vertex 17.0245 7.09607 5
      vertex 16.5486 7.2153 2.2
      vertex 17.0245 7.09607 2.2
    endloop
  endfacet
  facet normal -0.671719 0.740806 0
    outer loop
      vertex 14.828 15.8651 2.2
      vertex 14.4645 15.5355 5
      vertex 14.828 15.8651 5
    endloop
  endfacet
  facet normal -0.671719 0.740806 0
    outer loop
      vertex 14.4645 15.5355 5
      vertex 14.828 15.8651 2.2
      vertex 14.4645 15.5355 2.2
    endloop
  endfacet
  facet normal -0.903987 -0.427559 0
    outer loop
      vertex 13.5904 9.64302 2.2
      vertex 13.3806 10.0866 5
      vertex 13.3806 10.0866 2.2
    endloop
  endfacet
  facet normal -0.903987 -0.427559 0
    outer loop
      vertex 13.3806 10.0866 5
      vertex 13.5904 9.64302 2.2
      vertex 13.5904 9.64302 5
    endloop
  endfacet
  facet normal 0.146726 0.989177 -0
    outer loop
      vertex 18.9755 16.9039 2.2
      vertex 18.4901 16.9759 5
      vertex 18.9755 16.9039 5
    endloop
  endfacet
  facet normal 0.146726 0.989177 0
    outer loop
      vertex 18.4901 16.9759 5
      vertex 18.9755 16.9039 2.2
      vertex 18.4901 16.9759 2.2
    endloop
  endfacet
  facet normal -0.857709 0.514136 0
    outer loop
      vertex 13.5904 14.357 2.2
      vertex 13.8427 14.7779 5
      vertex 13.8427 14.7779 2.2
    endloop
  endfacet
  facet normal -0.857709 0.514136 0
    outer loop
      vertex 13.8427 14.7779 5
      vertex 13.5904 14.357 2.2
      vertex 13.5904 14.357 5
    endloop
  endfacet
  facet normal -0.989177 0.146726 0
    outer loop
      vertex 13.0241 12.4901 2.2
      vertex 13.0961 12.9755 5
      vertex 13.0961 12.9755 2.2
    endloop
  endfacet
  facet normal -0.989177 0.146726 0
    outer loop
      vertex 13.0961 12.9755 5
      vertex 13.0241 12.4901 2.2
      vertex 13.0241 12.4901 5
    endloop
  endfacet
  facet normal -0.970034 0.242967 0
    outer loop
      vertex 13.0961 12.9755 2.2
      vertex 13.2153 13.4514 5
      vertex 13.2153 13.4514 2.2
    endloop
  endfacet
  facet normal -0.970034 0.242967 0
    outer loop
      vertex 13.2153 13.4514 5
      vertex 13.0961 12.9755 2.2
      vertex 13.0961 12.9755 5
    endloop
  endfacet
  facet normal -0.146706 -0.98918 0
    outer loop
      vertex 17.0245 7.09607 2.2
      vertex 17.5099 7.02408 5
      vertex 17.0245 7.09607 5
    endloop
  endfacet
  facet normal -0.146706 -0.98918 -0
    outer loop
      vertex 17.5099 7.02408 5
      vertex 17.0245 7.09607 2.2
      vertex 17.5099 7.02408 2.2
    endloop
  endfacet
  facet normal -0.427543 0.903995 0
    outer loop
      vertex 16.0866 16.6194 2.2
      vertex 15.643 16.4096 5
      vertex 16.0866 16.6194 5
    endloop
  endfacet
  facet normal -0.427543 0.903995 0
    outer loop
      vertex 15.643 16.4096 5
      vertex 16.0866 16.6194 2.2
      vertex 15.643 16.4096 2.2
    endloop
  endfacet
  facet normal 0.740861 -0.671658 0
    outer loop
      vertex 21.5355 8.46447 5
      vertex 21.8651 8.82803 2.2
      vertex 21.8651 8.82803 5
    endloop
  endfacet
  facet normal 0.740861 -0.671658 0
    outer loop
      vertex 21.8651 8.82803 2.2
      vertex 21.5355 8.46447 5
      vertex 21.5355 8.46447 2.2
    endloop
  endfacet
  facet normal -0.941548 0.336879 0
    outer loop
      vertex 13.2153 13.4514 2.2
      vertex 13.3806 13.9134 5
      vertex 13.3806 13.9134 2.2
    endloop
  endfacet
  facet normal -0.941548 0.336879 0
    outer loop
      vertex 13.3806 13.9134 5
      vertex 13.2153 13.4514 2.2
      vertex 13.2153 13.4514 5
    endloop
  endfacet
  facet normal -0.970034 -0.242967 0
    outer loop
      vertex 13.2153 10.5486 2.2
      vertex 13.0961 11.0245 5
      vertex 13.0961 11.0245 2.2
    endloop
  endfacet
  facet normal -0.970034 -0.242967 0
    outer loop
      vertex 13.0961 11.0245 5
      vertex 13.2153 10.5486 2.2
      vertex 13.2153 10.5486 5
    endloop
  endfacet
  facet normal 0.242967 0.970034 -0
    outer loop
      vertex 19.4514 16.7847 2.2
      vertex 18.9755 16.9039 5
      vertex 19.4514 16.7847 5
    endloop
  endfacet
  facet normal 0.242967 0.970034 0
    outer loop
      vertex 18.9755 16.9039 5
      vertex 19.4514 16.7847 2.2
      vertex 18.9755 16.9039 2.2
    endloop
  endfacet
  facet normal 0.427526 -0.904003 0
    outer loop
      vertex 19.9134 7.3806 2.2
      vertex 20.357 7.59039 5
      vertex 19.9134 7.3806 5
    endloop
  endfacet
  facet normal 0.427526 -0.904003 0
    outer loop
      vertex 20.357 7.59039 5
      vertex 19.9134 7.3806 2.2
      vertex 20.357 7.59039 2.2
    endloop
  endfacet
  facet normal 0.514076 -0.857745 0
    outer loop
      vertex 20.357 7.59039 2.2
      vertex 20.7779 7.84265 5
      vertex 20.357 7.59039 5
    endloop
  endfacet
  facet normal 0.514076 -0.857745 0
    outer loop
      vertex 20.7779 7.84265 5
      vertex 20.357 7.59039 2.2
      vertex 20.7779 7.84265 2.2
    endloop
  endfacet
  facet normal 0 0 1
    outer loop
      vertex 20.2048 13.1785 5
      vertex 22.5 14.1659 5
      vertex 22.4096 14.357 5
    endloop
  endfacet
  facet normal 0 0 1
    outer loop
      vertex 22.5 14.1659 5
      vertex 20.5 12 5
      vertex 22.5 9.83414 5
    endloop
  endfacet
  facet normal 0 0 1
    outer loop
      vertex 20.2048 13.1785 5
      vertex 22.4096 14.357 5
      vertex 22.1573 14.7779 5
    endloop
  endfacet
  facet normal -0 0 1
    outer loop
      vertex 20.488 11.755 5
      vertex 22.5 9.83414 5
      vertex 20.5 12 5
    endloop
  endfacet
  facet normal 0 0 1
    outer loop
      vertex 20.0787 13.3889 5
      vertex 22.1573 14.7779 5
      vertex 21.8651 15.172 5
    endloop
  endfacet
  facet normal -0 0 1
    outer loop
      vertex 20.452 11.5123 5
      vertex 22.5 9.83414 5
      vertex 20.488 11.755 5
    endloop
  endfacet
  facet normal 0 0 1
    outer loop
      vertex 19.9325 13.586 5
      vertex 21.8651 15.172 5
      vertex 21.5355 15.5355 5
    endloop
  endfacet
  facet normal -0 0 1
    outer loop
      vertex 20.3923 11.2743 5
      vertex 22.5 9.83414 5
      vertex 20.452 11.5123 5
    endloop
  endfacet
  facet normal 0 0 1
    outer loop
      vertex 19.7678 13.7678 5
      vertex 21.5355 15.5355 5
      vertex 21.172 15.8651 5
    endloop
  endfacet
  facet normal -0 0 1
    outer loop
      vertex 20.3097 11.0433 5
      vertex 22.5 9.83414 5
      vertex 20.3923 11.2743 5
    endloop
  endfacet
  facet normal 0 0 1
    outer loop
      vertex 19.586 13.9325 5
      vertex 21.172 15.8651 5
      vertex 20.7779 16.1573 5
    endloop
  endfacet
  facet normal -0 0 1
    outer loop
      vertex 20.2048 10.8215 5
      vertex 22.5 9.83414 5
      vertex 20.3097 11.0433 5
    endloop
  endfacet
  facet normal 0 0 1
    outer loop
      vertex 22.5 9.83414 5
      vertex 20.2048 10.8215 5
      vertex 22.4096 9.64302 5
    endloop
  endfacet
  facet normal 0 0 1
    outer loop
      vertex 22.5 14.1659 5
      vertex 20.488 12.245 5
      vertex 20.5 12 5
    endloop
  endfacet
  facet normal 0 0 1
    outer loop
      vertex 22.5 14.1659 5
      vertex 20.452 12.4877 5
      vertex 20.488 12.245 5
    endloop
  endfacet
  facet normal 0 0 1
    outer loop
      vertex 22.5 14.1659 5
      vertex 20.3923 12.7257 5
      vertex 20.452 12.4877 5
    endloop
  endfacet
  facet normal 0 0 1
    outer loop
      vertex 19.3889 14.0787 5
      vertex 20.7779 16.1573 5
      vertex 20.357 16.4096 5
    endloop
  endfacet
  facet normal 0 0 1
    outer loop
      vertex 22.5 14.1659 5
      vertex 20.3097 12.9567 5
      vertex 20.3923 12.7257 5
    endloop
  endfacet
  facet normal 0 0 1
    outer loop
      vertex 22.5 14.1659 5
      vertex 20.2048 13.1785 5
      vertex 20.3097 12.9567 5
    endloop
  endfacet
  facet normal 0 0 1
    outer loop
      vertex 22.1573 14.7779 5
      vertex 20.0787 13.3889 5
      vertex 20.2048 13.1785 5
    endloop
  endfacet
  facet normal 0 0 1
    outer loop
      vertex 21.8651 15.172 5
      vertex 19.9325 13.586 5
      vertex 20.0787 13.3889 5
    endloop
  endfacet
  facet normal 0 0 1
    outer loop
      vertex 19.1785 14.2048 5
      vertex 20.357 16.4096 5
      vertex 19.9134 16.6194 5
    endloop
  endfacet
  facet normal 0 0 1
    outer loop
      vertex 21.5355 15.5355 5
      vertex 19.7678 13.7678 5
      vertex 19.9325 13.586 5
    endloop
  endfacet
  facet normal 0 0 1
    outer loop
      vertex 21.172 15.8651 5
      vertex 19.586 13.9325 5
      vertex 19.7678 13.7678 5
    endloop
  endfacet
  facet normal 0 0 1
    outer loop
      vertex 18.9567 14.3097 5
      vertex 19.9134 16.6194 5
      vertex 19.4514 16.7847 5
    endloop
  endfacet
  facet normal 0 0 1
    outer loop
      vertex 20.7779 16.1573 5
      vertex 19.3889 14.0787 5
      vertex 19.586 13.9325 5
    endloop
  endfacet
  facet normal 0 0 1
    outer loop
      vertex 20.357 16.4096 5
      vertex 19.1785 14.2048 5
      vertex 19.3889 14.0787 5
    endloop
  endfacet
  facet normal 0 0 1
    outer loop
      vertex 18.7257 14.3924 5
      vertex 19.4514 16.7847 5
      vertex 18.9755 16.9039 5
    endloop
  endfacet
  facet normal 0 0 1
    outer loop
      vertex 19.9134 16.6194 5
      vertex 18.9567 14.3097 5
      vertex 19.1785 14.2048 5
    endloop
  endfacet
  facet normal 0 0 1
    outer loop
      vertex 19.4514 16.7847 5
      vertex 18.7257 14.3924 5
      vertex 18.9567 14.3097 5
    endloop
  endfacet
  facet normal 0 0 1
    outer loop
      vertex 18.4877 14.452 5
      vertex 18.9755 16.9039 5
      vertex 18.4901 16.9759 5
    endloop
  endfacet
  facet normal 0 0 1
    outer loop
      vertex 18.9755 16.9039 5
      vertex 18.4877 14.452 5
      vertex 18.7257 14.3924 5
    endloop
  endfacet
  facet normal 0 0 1
    outer loop
      vertex 18.4901 16.9759 5
      vertex 18.245 14.488 5
      vertex 18.4877 14.452 5
    endloop
  endfacet
  facet normal 0 0 1
    outer loop
      vertex 18 17 5
      vertex 18.245 14.488 5
      vertex 18.4901 16.9759 5
    endloop
  endfacet
  facet normal 0 0 1
    outer loop
      vertex 18 17 5
      vertex 18 14.5 5
      vertex 18.245 14.488 5
    endloop
  endfacet
  facet normal 0 0 1
    outer loop
      vertex 18 17 5
      vertex 17.755 14.488 5
      vertex 18 14.5 5
    endloop
  endfacet
  facet normal -0 0 1
    outer loop
      vertex 17.5099 16.9759 5
      vertex 17.755 14.488 5
      vertex 18 17 5
    endloop
  endfacet
  facet normal 0 0 1
    outer loop
      vertex 17.755 14.488 5
      vertex 17.5099 16.9759 5
      vertex 17.5123 14.452 5
    endloop
  endfacet
  facet normal -0 0 1
    outer loop
      vertex 17.0245 16.9039 5
      vertex 17.5123 14.452 5
      vertex 17.5099 16.9759 5
    endloop
  endfacet
  facet normal 0 0 1
    outer loop
      vertex 17.5123 14.452 5
      vertex 17.0245 16.9039 5
      vertex 17.2743 14.3924 5
    endloop
  endfacet
  facet normal -0 0 1
    outer loop
      vertex 16.5486 16.7847 5
      vertex 17.2743 14.3924 5
      vertex 17.0245 16.9039 5
    endloop
  endfacet
  facet normal 0 0 1
    outer loop
      vertex 17.2743 14.3924 5
      vertex 16.5486 16.7847 5
      vertex 17.0433 14.3097 5
    endloop
  endfacet
  facet normal -0 0 1
    outer loop
      vertex 16.0866 16.6194 5
      vertex 17.0433 14.3097 5
      vertex 16.5486 16.7847 5
    endloop
  endfacet
  facet normal 0 0 1
    outer loop
      vertex 17.0433 14.3097 5
      vertex 16.0866 16.6194 5
      vertex 16.8215 14.2048 5
    endloop
  endfacet
  facet normal -0 0 1
    outer loop
      vertex 15.643 16.4096 5
      vertex 16.8215 14.2048 5
      vertex 16.0866 16.6194 5
    endloop
  endfacet
  facet normal 0 0 1
    outer loop
      vertex 16.8215 14.2048 5
      vertex 15.643 16.4096 5
      vertex 16.6111 14.0787 5
    endloop
  endfacet
  facet normal -0 0 1
    outer loop
      vertex 15.2221 16.1573 5
      vertex 16.6111 14.0787 5
      vertex 15.643 16.4096 5
    endloop
  endfacet
  facet normal 0 0 1
    outer loop
      vertex 16.6111 14.0787 5
      vertex 15.2221 16.1573 5
      vertex 16.414 13.9325 5
    endloop
  endfacet
  facet normal -0 0 1
    outer loop
      vertex 14.828 15.8651 5
      vertex 16.414 13.9325 5
      vertex 15.2221 16.1573 5
    endloop
  endfacet
  facet normal 0 0 1
    outer loop
      vertex 16.414 13.9325 5
      vertex 14.828 15.8651 5
      vertex 16.2322 13.7678 5
    endloop
  endfacet
  facet normal -0 0 1
    outer loop
      vertex 14.4645 15.5355 5
      vertex 16.2322 13.7678 5
      vertex 14.828 15.8651 5
    endloop
  endfacet
  facet normal 0 0 1
    outer loop
      vertex 16.2322 13.7678 5
      vertex 14.4645 15.5355 5
      vertex 16.0675 13.586 5
    endloop
  endfacet
  facet normal -0 0 1
    outer loop
      vertex 14.1349 15.172 5
      vertex 16.0675 13.586 5
      vertex 14.4645 15.5355 5
    endloop
  endfacet
  facet normal 0 0 1
    outer loop
      vertex 16.0675 13.586 5
      vertex 14.1349 15.172 5
      vertex 15.9213 13.3889 5
    endloop
  endfacet
  facet normal -0 0 1
    outer loop
      vertex 13.8427 14.7779 5
      vertex 15.9213 13.3889 5
      vertex 14.1349 15.172 5
    endloop
  endfacet
  facet normal 0 0 1
    outer loop
      vertex 15.9213 13.3889 5
      vertex 13.8427 14.7779 5
      vertex 15.7952 13.1785 5
    endloop
  endfacet
  facet normal -0 0 1
    outer loop
      vertex 13.5904 14.357 5
      vertex 15.7952 13.1785 5
      vertex 13.8427 14.7779 5
    endloop
  endfacet
  facet normal 0 0 1
    outer loop
      vertex 22.4096 9.64302 5
      vertex 20.2048 10.8215 5
      vertex 22.1573 9.22215 5
    endloop
  endfacet
  facet normal -0 0 1
    outer loop
      vertex 20.0787 10.6111 5
      vertex 22.1573 9.22215 5
      vertex 20.2048 10.8215 5
    endloop
  endfacet
  facet normal 0 0 1
    outer loop
      vertex 22.1573 9.22215 5
      vertex 20.0787 10.6111 5
      vertex 21.8651 8.82803 5
    endloop
  endfacet
  facet normal -0 0 1
    outer loop
      vertex 19.9325 10.414 5
      vertex 21.8651 8.82803 5
      vertex 20.0787 10.6111 5
    endloop
  endfacet
  facet normal 0 0 1
    outer loop
      vertex 21.8651 8.82803 5
      vertex 19.9325 10.414 5
      vertex 21.5355 8.46447 5
    endloop
  endfacet
  facet normal -0 0 1
    outer loop
      vertex 19.7678 10.2322 5
      vertex 21.5355 8.46447 5
      vertex 19.9325 10.414 5
    endloop
  endfacet
  facet normal 0 0 1
    outer loop
      vertex 21.5355 8.46447 5
      vertex 19.7678 10.2322 5
      vertex 21.172 8.13495 5
    endloop
  endfacet
  facet normal -0 0 1
    outer loop
      vertex 19.586 10.0675 5
      vertex 21.172 8.13495 5
      vertex 19.7678 10.2322 5
    endloop
  endfacet
  facet normal 0 0 1
    outer loop
      vertex 21.172 8.13495 5
      vertex 19.586 10.0675 5
      vertex 20.7779 7.84265 5
    endloop
  endfacet
  facet normal -0 0 1
    outer loop
      vertex 19.3889 9.92133 5
      vertex 20.7779 7.84265 5
      vertex 19.586 10.0675 5
    endloop
  endfacet
  facet normal 0 0 1
    outer loop
      vertex 20.7779 7.84265 5
      vertex 19.3889 9.92133 5
      vertex 20.357 7.59039 5
    endloop
  endfacet
  facet normal -0 0 1
    outer loop
      vertex 19.1785 9.7952 5
      vertex 20.357 7.59039 5
      vertex 19.3889 9.92133 5
    endloop
  endfacet
  facet normal 0 0 1
    outer loop
      vertex 20.357 7.59039 5
      vertex 19.1785 9.7952 5
      vertex 19.9134 7.3806 5
    endloop
  endfacet
  facet normal -0 0 1
    outer loop
      vertex 18.9567 9.6903 5
      vertex 19.9134 7.3806 5
      vertex 19.1785 9.7952 5
    endloop
  endfacet
  facet normal 0 0 1
    outer loop
      vertex 19.9134 7.3806 5
      vertex 18.9567 9.6903 5
      vertex 19.4514 7.2153 5
    endloop
  endfacet
  facet normal -0 0 1
    outer loop
      vertex 18.7257 9.60765 5
      vertex 19.4514 7.2153 5
      vertex 18.9567 9.6903 5
    endloop
  endfacet
  facet normal 0 0 1
    outer loop
      vertex 19.4514 7.2153 5
      vertex 18.7257 9.60765 5
      vertex 18.9755 7.09607 5
    endloop
  endfacet
  facet normal -0 0 1
    outer loop
      vertex 18.4877 9.54804 5
      vertex 18.9755 7.09607 5
      vertex 18.7257 9.60765 5
    endloop
  endfacet
  facet normal 0 0 1
    outer loop
      vertex 18.9755 7.09607 5
      vertex 18.4877 9.54804 5
      vertex 18.4901 7.02408 5
    endloop
  endfacet
  facet normal -0 0 1
    outer loop
      vertex 18.245 9.51204 5
      vertex 18.4901 7.02408 5
      vertex 18.4877 9.54804 5
    endloop
  endfacet
  facet normal -0 0 1
    outer loop
      vertex 18 9.5 5
      vertex 18.4901 7.02408 5
      vertex 18.245 9.51204 5
    endloop
  endfacet
  facet normal 0 0 1
    outer loop
      vertex 18 9.5 5
      vertex 18 7 5
      vertex 18.4901 7.02408 5
    endloop
  endfacet
  facet normal 0 0 1
    outer loop
      vertex 17.755 9.51204 5
      vertex 18 7 5
      vertex 18 9.5 5
    endloop
  endfacet
  facet normal 0 0 1
    outer loop
      vertex 17.5099 7.02408 5
      vertex 17.755 9.51204 5
      vertex 17.5123 9.54804 5
    endloop
  endfacet
  facet normal 0 0 1
    outer loop
      vertex 17.755 9.51204 5
      vertex 17.5099 7.02408 5
      vertex 18 7 5
    endloop
  endfacet
  facet normal 0 0 1
    outer loop
      vertex 17.0245 7.09607 5
      vertex 17.5123 9.54804 5
      vertex 17.2743 9.60765 5
    endloop
  endfacet
  facet normal 0 0 1
    outer loop
      vertex 16.5486 7.2153 5
      vertex 17.2743 9.60765 5
      vertex 17.0433 9.6903 5
    endloop
  endfacet
  facet normal 0 0 1
    outer loop
      vertex 17.5123 9.54804 5
      vertex 17.0245 7.09607 5
      vertex 17.5099 7.02408 5
    endloop
  endfacet
  facet normal 0 0 1
    outer loop
      vertex 16.0866 7.3806 5
      vertex 17.0433 9.6903 5
      vertex 16.8215 9.7952 5
    endloop
  endfacet
  facet normal 0 0 1
    outer loop
      vertex 15.643 7.59039 5
      vertex 16.8215 9.7952 5
      vertex 16.6111 9.92133 5
    endloop
  endfacet
  facet normal 0 0 1
    outer loop
      vertex 17.2743 9.60765 5
      vertex 16.5486 7.2153 5
      vertex 17.0245 7.09607 5
    endloop
  endfacet
  facet normal 0 0 1
    outer loop
      vertex 15.2221 7.84265 5
      vertex 16.6111 9.92133 5
      vertex 16.414 10.0675 5
    endloop
  endfacet
  facet normal 0 0 1
    outer loop
      vertex 14.828 8.13495 5
      vertex 16.414 10.0675 5
      vertex 16.2322 10.2322 5
    endloop
  endfacet
  facet normal 0 0 1
    outer loop
      vertex 17.0433 9.6903 5
      vertex 16.0866 7.3806 5
      vertex 16.5486 7.2153 5
    endloop
  endfacet
  facet normal 0 0 1
    outer loop
      vertex 14.4645 8.46447 5
      vertex 16.2322 10.2322 5
      vertex 16.0675 10.414 5
    endloop
  endfacet
  facet normal 0 0 1
    outer loop
      vertex 14.1349 8.82803 5
      vertex 16.0675 10.414 5
      vertex 15.9213 10.6111 5
    endloop
  endfacet
  facet normal 0 0 1
    outer loop
      vertex 13.8427 9.22215 5
      vertex 15.9213 10.6111 5
      vertex 15.7952 10.8215 5
    endloop
  endfacet
  facet normal 0 0 1
    outer loop
      vertex 13.5904 9.64302 5
      vertex 15.7952 10.8215 5
      vertex 15.6903 11.0433 5
    endloop
  endfacet
  facet normal 0 0 1
    outer loop
      vertex 16.8215 9.7952 5
      vertex 15.643 7.59039 5
      vertex 16.0866 7.3806 5
    endloop
  endfacet
  facet normal 0 0 1
    outer loop
      vertex 13.3806 10.0866 5
      vertex 15.6903 11.0433 5
      vertex 15.6076 11.2743 5
    endloop
  endfacet
  facet normal 0 0 1
    outer loop
      vertex 13.2153 10.5486 5
      vertex 15.6076 11.2743 5
      vertex 15.548 11.5123 5
    endloop
  endfacet
  facet normal 0 0 1
    outer loop
      vertex 13.0961 11.0245 5
      vertex 15.548 11.5123 5
      vertex 15.512 11.755 5
    endloop
  endfacet
  facet normal 0 0 1
    outer loop
      vertex 13.0241 11.5099 5
      vertex 15.512 11.755 5
      vertex 15.5 12 5
    endloop
  endfacet
  facet normal 0 0 1
    outer loop
      vertex 15.7952 13.1785 5
      vertex 13.5904 14.357 5
      vertex 15.6903 12.9567 5
    endloop
  endfacet
  facet normal 0 0 1
    outer loop
      vertex 16.6111 9.92133 5
      vertex 15.2221 7.84265 5
      vertex 15.643 7.59039 5
    endloop
  endfacet
  facet normal -0 0 1
    outer loop
      vertex 13.3806 13.9134 5
      vertex 15.6903 12.9567 5
      vertex 13.5904 14.357 5
    endloop
  endfacet
  facet normal 0 0 1
    outer loop
      vertex 16.414 10.0675 5
      vertex 14.828 8.13495 5
      vertex 15.2221 7.84265 5
    endloop
  endfacet
  facet normal 0 0 1
    outer loop
      vertex 15.6903 12.9567 5
      vertex 13.3806 13.9134 5
      vertex 15.6076 12.7257 5
    endloop
  endfacet
  facet normal 0 0 1
    outer loop
      vertex 16.2322 10.2322 5
      vertex 14.4645 8.46447 5
      vertex 14.828 8.13495 5
    endloop
  endfacet
  facet normal -0 0 1
    outer loop
      vertex 13.2153 13.4514 5
      vertex 15.6076 12.7257 5
      vertex 13.3806 13.9134 5
    endloop
  endfacet
  facet normal 0 0 1
    outer loop
      vertex 16.0675 10.414 5
      vertex 14.1349 8.82803 5
      vertex 14.4645 8.46447 5
    endloop
  endfacet
  facet normal 0 0 1
    outer loop
      vertex 15.6076 12.7257 5
      vertex 13.2153 13.4514 5
      vertex 15.548 12.4877 5
    endloop
  endfacet
  facet normal 0 0 1
    outer loop
      vertex 15.9213 10.6111 5
      vertex 13.8427 9.22215 5
      vertex 14.1349 8.82803 5
    endloop
  endfacet
  facet normal -0 0 1
    outer loop
      vertex 13.0961 12.9755 5
      vertex 15.548 12.4877 5
      vertex 13.2153 13.4514 5
    endloop
  endfacet
  facet normal 0 0 1
    outer loop
      vertex 15.7952 10.8215 5
      vertex 13.5904 9.64302 5
      vertex 13.8427 9.22215 5
    endloop
  endfacet
  facet normal 0 0 1
    outer loop
      vertex 15.548 12.4877 5
      vertex 13.0961 12.9755 5
      vertex 15.512 12.245 5
    endloop
  endfacet
  facet normal 0 0 1
    outer loop
      vertex 15.6903 11.0433 5
      vertex 13.3806 10.0866 5
      vertex 13.5904 9.64302 5
    endloop
  endfacet
  facet normal -0 0 1
    outer loop
      vertex 13.0241 12.4901 5
      vertex 15.512 12.245 5
      vertex 13.0961 12.9755 5
    endloop
  endfacet
  facet normal 0 0 1
    outer loop
      vertex 15.6076 11.2743 5
      vertex 13.2153 10.5486 5
      vertex 13.3806 10.0866 5
    endloop
  endfacet
  facet normal 0 0 1
    outer loop
      vertex 15.512 12.245 5
      vertex 13.0241 12.4901 5
      vertex 15.5 12 5
    endloop
  endfacet
  facet normal 0 0 1
    outer loop
      vertex 15.548 11.5123 5
      vertex 13.0961 11.0245 5
      vertex 13.2153 10.5486 5
    endloop
  endfacet
  facet normal 0 0 1
    outer loop
      vertex 13 12 5
      vertex 15.5 12 5
      vertex 13.0241 12.4901 5
    endloop
  endfacet
  facet normal 0 0 1
    outer loop
      vertex 15.512 11.755 5
      vertex 13.0241 11.5099 5
      vertex 13.0961 11.0245 5
    endloop
  endfacet
  facet normal 0 0 1
    outer loop
      vertex 15.5 12 5
      vertex 13 12 5
      vertex 13.0241 11.5099 5
    endloop
  endfacet
  facet normal -0.514136 0.857709 0
    outer loop
      vertex 15.643 16.4096 2.2
      vertex 15.2221 16.1573 5
      vertex 15.643 16.4096 5
    endloop
  endfacet
  facet normal -0.514136 0.857709 0
    outer loop
      vertex 15.2221 16.1573 5
      vertex 15.643 16.4096 2.2
      vertex 15.2221 16.1573 2.2
    endloop
  endfacet
  facet normal -0.903995 0.427543 0
    outer loop
      vertex 13.3806 13.9134 2.2
      vertex 13.5904 14.357 5
      vertex 13.5904 14.357 2.2
    endloop
  endfacet
  facet normal -0.903995 0.427543 0
    outer loop
      vertex 13.5904 14.357 5
      vertex 13.3806 13.9134 2.2
      vertex 13.3806 13.9134 5
    endloop
  endfacet
  facet normal -0.514076 -0.857745 0
    outer loop
      vertex 15.2221 7.84265 2.2
      vertex 15.643 7.59039 5
      vertex 15.2221 7.84265 5
    endloop
  endfacet
  facet normal -0.514076 -0.857745 -0
    outer loop
      vertex 15.643 7.59039 5
      vertex 15.2221 7.84265 2.2
      vertex 15.643 7.59039 2.2
    endloop
  endfacet
  facet normal -0.336879 -0.941548 0
    outer loop
      vertex 16.0866 20.3806 2.2
      vertex 16.5486 20.2153 5
      vertex 16.0866 20.3806 5
    endloop
  endfacet
  facet normal -0.336879 -0.941548 -0
    outer loop
      vertex 16.5486 20.2153 5
      vertex 16.0866 20.3806 2.2
      vertex 16.5486 20.2153 2.2
    endloop
  endfacet
  facet normal 0.989177 0.146726 0
    outer loop
      vertex 22.9759 25.4901 5
      vertex 22.9039 25.9755 2.2
      vertex 22.9039 25.9755 5
    endloop
  endfacet
  facet normal 0.989177 0.146726 0
    outer loop
      vertex 22.9039 25.9755 2.2
      vertex 22.9759 25.4901 5
      vertex 22.9759 25.4901 2.2
    endloop
  endfacet
  facet normal 0.998793 0.0491143 0
    outer loop
      vertex 23 25 5
      vertex 22.9759 25.4901 2.2
      vertex 22.9759 25.4901 5
    endloop
  endfacet
  facet normal 0.998793 0.0491143 0
    outer loop
      vertex 22.9759 25.4901 2.2
      vertex 23 25 5
      vertex 23 25 2.2
    endloop
  endfacet
  facet normal 0.970034 0.242967 0
    outer loop
      vertex 22.9039 25.9755 5
      vertex 22.7847 26.4514 2.2
      vertex 22.7847 26.4514 5
    endloop
  endfacet
  facet normal 0.970034 0.242967 0
    outer loop
      vertex 22.7847 26.4514 2.2
      vertex 22.9039 25.9755 5
      vertex 22.9039 25.9755 2.2
    endloop
  endfacet
  facet normal -0.989177 0.146726 0
    outer loop
      vertex 13.0241 25.4901 2.2
      vertex 13.0961 25.9755 5
      vertex 13.0961 25.9755 2.2
    endloop
  endfacet
  facet normal -0.989177 0.146726 0
    outer loop
      vertex 13.0961 25.9755 5
      vertex 13.0241 25.4901 2.2
      vertex 13.0241 25.4901 5
    endloop
  endfacet
  facet normal -0.242967 -0.970034 0
    outer loop
      vertex 16.5486 20.2153 2.2
      vertex 17.0245 20.0961 5
      vertex 16.5486 20.2153 5
    endloop
  endfacet
  facet normal -0.242967 -0.970034 -0
    outer loop
      vertex 17.0245 20.0961 5
      vertex 16.5486 20.2153 2.2
      vertex 17.0245 20.0961 2.2
    endloop
  endfacet
  facet normal 0.336879 0.941548 -0
    outer loop
      vertex 19.9134 29.6194 2.2
      vertex 19.4514 29.7847 5
      vertex 19.9134 29.6194 5
    endloop
  endfacet
  facet normal 0.336879 0.941548 0
    outer loop
      vertex 19.4514 29.7847 5
      vertex 19.9134 29.6194 2.2
      vertex 19.4514 29.7847 2.2
    endloop
  endfacet
  facet normal -0.514136 0.857709 0
    outer loop
      vertex 15.643 29.4096 2.2
      vertex 15.2221 29.1573 5
      vertex 15.643 29.4096 5
    endloop
  endfacet
  facet normal -0.514136 0.857709 0
    outer loop
      vertex 15.2221 29.1573 5
      vertex 15.643 29.4096 2.2
      vertex 15.2221 29.1573 2.2
    endloop
  endfacet
  facet normal -0.903995 -0.427543 0
    outer loop
      vertex 13.5904 22.643 2.2
      vertex 13.3806 23.0866 5
      vertex 13.3806 23.0866 2.2
    endloop
  endfacet
  facet normal -0.903995 -0.427543 0
    outer loop
      vertex 13.3806 23.0866 5
      vertex 13.5904 22.643 2.2
      vertex 13.5904 22.643 5
    endloop
  endfacet
  facet normal -0.242967 0.970034 0
    outer loop
      vertex 17.0245 29.9039 2.2
      vertex 16.5486 29.7847 5
      vertex 17.0245 29.9039 5
    endloop
  endfacet
  facet normal -0.242967 0.970034 0
    outer loop
      vertex 16.5486 29.7847 5
      vertex 17.0245 29.9039 2.2
      vertex 16.5486 29.7847 2.2
    endloop
  endfacet
  facet normal -0.857709 -0.514136 0
    outer loop
      vertex 13.8427 22.2221 2.2
      vertex 13.5904 22.643 5
      vertex 13.5904 22.643 2.2
    endloop
  endfacet
  facet normal -0.857709 -0.514136 0
    outer loop
      vertex 13.5904 22.643 5
      vertex 13.8427 22.2221 2.2
      vertex 13.8427 22.2221 5
    endloop
  endfacet
  facet normal 0.242967 -0.970034 0
    outer loop
      vertex 18.9755 20.0961 2.2
      vertex 19.4514 20.2153 5
      vertex 18.9755 20.0961 5
    endloop
  endfacet
  facet normal 0.242967 -0.970034 0
    outer loop
      vertex 19.4514 20.2153 5
      vertex 18.9755 20.0961 2.2
      vertex 19.4514 20.2153 2.2
    endloop
  endfacet
  facet normal -0.595588 -0.80329 0
    outer loop
      vertex 14.828 21.1349 2.2
      vertex 15.2221 20.8427 5
      vertex 14.828 21.1349 5
    endloop
  endfacet
  facet normal -0.595588 -0.80329 -0
    outer loop
      vertex 15.2221 20.8427 5
      vertex 14.828 21.1349 2.2
      vertex 15.2221 20.8427 2.2
    endloop
  endfacet
  facet normal 0.514136 -0.857709 0
    outer loop
      vertex 20.357 20.5904 2.2
      vertex 20.7779 20.8427 5
      vertex 20.357 20.5904 5
    endloop
  endfacet
  facet normal 0.514136 -0.857709 0
    outer loop
      vertex 20.7779 20.8427 5
      vertex 20.357 20.5904 2.2
      vertex 20.7779 20.8427 2.2
    endloop
  endfacet
  facet normal 0.80329 -0.595588 0
    outer loop
      vertex 21.8651 21.828 5
      vertex 22.1573 22.2221 2.2
      vertex 22.1573 22.2221 5
    endloop
  endfacet
  facet normal 0.80329 -0.595588 0
    outer loop
      vertex 22.1573 22.2221 2.2
      vertex 21.8651 21.828 5
      vertex 21.8651 21.828 2.2
    endloop
  endfacet
  facet normal 0.146726 0.989177 -0
    outer loop
      vertex 18.9755 29.9039 2.2
      vertex 18.4901 29.9759 5
      vertex 18.9755 29.9039 5
    endloop
  endfacet
  facet normal 0.146726 0.989177 0
    outer loop
      vertex 18.4901 29.9759 5
      vertex 18.9755 29.9039 2.2
      vertex 18.4901 29.9759 2.2
    endloop
  endfacet
  facet normal -0.595588 0.80329 0
    outer loop
      vertex 15.2221 29.1573 2.2
      vertex 14.828 28.8651 5
      vertex 15.2221 29.1573 5
    endloop
  endfacet
  facet normal -0.595588 0.80329 0
    outer loop
      vertex 14.828 28.8651 5
      vertex 15.2221 29.1573 2.2
      vertex 14.828 28.8651 2.2
    endloop
  endfacet
  facet normal -0.80329 0.595588 0
    outer loop
      vertex 13.8427 27.7779 2.2
      vertex 14.1349 28.172 5
      vertex 14.1349 28.172 2.2
    endloop
  endfacet
  facet normal -0.80329 0.595588 0
    outer loop
      vertex 14.1349 28.172 5
      vertex 13.8427 27.7779 2.2
      vertex 13.8427 27.7779 5
    endloop
  endfacet
  facet normal 0.989177 -0.146726 0
    outer loop
      vertex 22.9039 24.0245 5
      vertex 22.9759 24.5099 2.2
      vertex 22.9759 24.5099 5
    endloop
  endfacet
  facet normal 0.989177 -0.146726 0
    outer loop
      vertex 22.9759 24.5099 2.2
      vertex 22.9039 24.0245 5
      vertex 22.9039 24.0245 2.2
    endloop
  endfacet
  facet normal -0.941548 0.336879 0
    outer loop
      vertex 13.2153 26.4514 2.2
      vertex 13.3806 26.9134 5
      vertex 13.3806 26.9134 2.2
    endloop
  endfacet
  facet normal -0.941548 0.336879 0
    outer loop
      vertex 13.3806 26.9134 5
      vertex 13.2153 26.4514 2.2
      vertex 13.2153 26.4514 5
    endloop
  endfacet
  facet normal 0.427543 0.903995 -0
    outer loop
      vertex 20.357 29.4096 2.2
      vertex 19.9134 29.6194 5
      vertex 20.357 29.4096 5
    endloop
  endfacet
  facet normal 0.427543 0.903995 0
    outer loop
      vertex 19.9134 29.6194 5
      vertex 20.357 29.4096 2.2
      vertex 19.9134 29.6194 2.2
    endloop
  endfacet
  facet normal -0.941548 -0.336879 0
    outer loop
      vertex 13.3806 23.0866 2.2
      vertex 13.2153 23.5486 5
      vertex 13.2153 23.5486 2.2
    endloop
  endfacet
  facet normal -0.941548 -0.336879 0
    outer loop
      vertex 13.2153 23.5486 5
      vertex 13.3806 23.0866 2.2
      vertex 13.3806 23.0866 5
    endloop
  endfacet
  facet normal 0.970066 -0.242841 0
    outer loop
      vertex 22.8477 23.8 5
      vertex 22.9039 24.0245 2.2
      vertex 22.9039 24.0245 5
    endloop
  endfacet
  facet normal 0.970066 -0.242841 0
    outer loop
      vertex 22.9039 24.0245 2.2
      vertex 22.8477 23.8 5
      vertex 22.8477 23.8 2.2
    endloop
  endfacet
  facet normal -0.0491143 0.998793 0
    outer loop
      vertex 18 30 2.2
      vertex 17.5099 29.9759 5
      vertex 18 30 5
    endloop
  endfacet
  facet normal -0.0491143 0.998793 0
    outer loop
      vertex 17.5099 29.9759 5
      vertex 18 30 2.2
      vertex 17.5099 29.9759 2.2
    endloop
  endfacet
  facet normal -0.427543 0.903995 0
    outer loop
      vertex 16.0866 29.6194 2.2
      vertex 15.643 29.4096 5
      vertex 16.0866 29.6194 5
    endloop
  endfacet
  facet normal -0.427543 0.903995 0
    outer loop
      vertex 15.643 29.4096 5
      vertex 16.0866 29.6194 2.2
      vertex 15.643 29.4096 2.2
    endloop
  endfacet
  facet normal -0.671719 0.740806 0
    outer loop
      vertex 14.828 28.8651 2.2
      vertex 14.4645 28.5355 5
      vertex 14.828 28.8651 5
    endloop
  endfacet
  facet normal -0.671719 0.740806 0
    outer loop
      vertex 14.4645 28.5355 5
      vertex 14.828 28.8651 2.2
      vertex 14.4645 28.5355 2.2
    endloop
  endfacet
  facet normal 0.336879 -0.941548 0
    outer loop
      vertex 19.4514 20.2153 2.2
      vertex 19.9134 20.3806 5
      vertex 19.4514 20.2153 5
    endloop
  endfacet
  facet normal 0.336879 -0.941548 0
    outer loop
      vertex 19.9134 20.3806 5
      vertex 19.4514 20.2153 2.2
      vertex 19.9134 20.3806 2.2
    endloop
  endfacet
  facet normal -0.336879 0.941548 0
    outer loop
      vertex 16.5486 29.7847 2.2
      vertex 16.0866 29.6194 5
      vertex 16.5486 29.7847 5
    endloop
  endfacet
  facet normal -0.336879 0.941548 0
    outer loop
      vertex 16.0866 29.6194 5
      vertex 16.5486 29.7847 2.2
      vertex 16.0866 29.6194 2.2
    endloop
  endfacet
  facet normal 0.80329 0.595588 0
    outer loop
      vertex 22.1573 27.7779 5
      vertex 21.8651 28.172 2.2
      vertex 21.8651 28.172 5
    endloop
  endfacet
  facet normal 0.80329 0.595588 0
    outer loop
      vertex 21.8651 28.172 2.2
      vertex 22.1573 27.7779 5
      vertex 22.1573 27.7779 2.2
    endloop
  endfacet
  facet normal -0.857709 0.514136 0
    outer loop
      vertex 13.5904 27.357 2.2
      vertex 13.8427 27.7779 5
      vertex 13.8427 27.7779 2.2
    endloop
  endfacet
  facet normal -0.857709 0.514136 0
    outer loop
      vertex 13.8427 27.7779 5
      vertex 13.5904 27.357 2.2
      vertex 13.5904 27.357 5
    endloop
  endfacet
  facet normal 0.998793 -0.0491143 0
    outer loop
      vertex 22.9759 24.5099 5
      vertex 23 25 2.2
      vertex 23 25 5
    endloop
  endfacet
  facet normal 0.998793 -0.0491143 0
    outer loop
      vertex 23 25 2.2
      vertex 22.9759 24.5099 5
      vertex 22.9759 24.5099 2.2
    endloop
  endfacet
  facet normal 0.903959 -0.427619 0
    outer loop
      vertex 22.4096 22.643 5
      vertex 22.5 22.8341 2.2
      vertex 22.5 22.8341 5
    endloop
  endfacet
  facet normal 0.903959 -0.427619 0
    outer loop
      vertex 22.5 22.8341 2.2
      vertex 22.4096 22.643 5
      vertex 22.4096 22.643 2.2
    endloop
  endfacet
  facet normal 0 0 1
    outer loop
      vertex 20.5 25 5
      vertex 23 25 5
      vertex 22.9759 25.4901 5
    endloop
  endfacet
  facet normal 0 0 1
    outer loop
      vertex 20.488 25.245 5
      vertex 22.9759 25.4901 5
      vertex 22.9039 25.9755 5
    endloop
  endfacet
  facet normal 0 0 1
    outer loop
      vertex 23 25 5
      vertex 20.5 25 5
      vertex 22.9759 24.5099 5
    endloop
  endfacet
  facet normal 0 0 1
    outer loop
      vertex 22.9759 24.5099 5
      vertex 22.5 23.8 5
      vertex 22.9039 24.0245 5
    endloop
  endfacet
  facet normal 0 0 1
    outer loop
      vertex 20.452 25.4877 5
      vertex 22.9039 25.9755 5
      vertex 22.7847 26.4514 5
    endloop
  endfacet
  facet normal 0 0 1
    outer loop
      vertex 20.3923 25.7257 5
      vertex 22.7847 26.4514 5
      vertex 22.6194 26.9134 5
    endloop
  endfacet
  facet normal 0 0 1
    outer loop
      vertex 22.9039 24.0245 5
      vertex 22.5 23.8 5
      vertex 22.8477 23.8 5
    endloop
  endfacet
  facet normal 0 0 1
    outer loop
      vertex 20.3097 25.9567 5
      vertex 22.6194 26.9134 5
      vertex 22.4096 27.357 5
    endloop
  endfacet
  facet normal 0 0 1
    outer loop
      vertex 22.9759 25.4901 5
      vertex 20.488 25.245 5
      vertex 20.5 25 5
    endloop
  endfacet
  facet normal -0 0 1
    outer loop
      vertex 20.488 24.755 5
      vertex 22.5 23.8 5
      vertex 20.5 25 5
    endloop
  endfacet
  facet normal 0 0 1
    outer loop
      vertex 20.2048 26.1785 5
      vertex 22.4096 27.357 5
      vertex 22.1573 27.7779 5
    endloop
  endfacet
  facet normal -0 0 1
    outer loop
      vertex 20.452 24.5123 5
      vertex 22.5 23.8 5
      vertex 20.488 24.755 5
    endloop
  endfacet
  facet normal 0 0 1
    outer loop
      vertex 20.0787 26.3889 5
      vertex 22.1573 27.7779 5
      vertex 21.8651 28.172 5
    endloop
  endfacet
  facet normal -0 0 1
    outer loop
      vertex 20.3923 24.2743 5
      vertex 22.5 23.8 5
      vertex 20.452 24.5123 5
    endloop
  endfacet
  facet normal 0 0 1
    outer loop
      vertex 19.9325 26.586 5
      vertex 21.8651 28.172 5
      vertex 21.5355 28.5355 5
    endloop
  endfacet
  facet normal -0 0 1
    outer loop
      vertex 20.3097 24.0433 5
      vertex 22.5 23.8 5
      vertex 20.3923 24.2743 5
    endloop
  endfacet
  facet normal 0 0 1
    outer loop
      vertex 19.7678 26.7678 5
      vertex 21.5355 28.5355 5
      vertex 21.172 28.8651 5
    endloop
  endfacet
  facet normal -0 0 1
    outer loop
      vertex 20.2048 23.8215 5
      vertex 22.5 23.8 5
      vertex 20.3097 24.0433 5
    endloop
  endfacet
  facet normal 0 0 1
    outer loop
      vertex 19.586 26.9325 5
      vertex 21.172 28.8651 5
      vertex 20.7779 29.1573 5
    endloop
  endfacet
  facet normal 0 0 1
    outer loop
      vertex 22.5 23.8 5
      vertex 20.2048 23.8215 5
      vertex 22.5 22.8341 5
    endloop
  endfacet
  facet normal 0 0 1
    outer loop
      vertex 22.5 22.8341 5
      vertex 20.2048 23.8215 5
      vertex 22.4096 22.643 5
    endloop
  endfacet
  facet normal 0 0 1
    outer loop
      vertex 22.9759 24.5099 5
      vertex 20.5 25 5
      vertex 22.5 23.8 5
    endloop
  endfacet
  facet normal 0 0 1
    outer loop
      vertex 22.9039 25.9755 5
      vertex 20.452 25.4877 5
      vertex 20.488 25.245 5
    endloop
  endfacet
  facet normal 0 0 1
    outer loop
      vertex 22.7847 26.4514 5
      vertex 20.3923 25.7257 5
      vertex 20.452 25.4877 5
    endloop
  endfacet
  facet normal 0 0 1
    outer loop
      vertex 19.3889 27.0787 5
      vertex 20.7779 29.1573 5
      vertex 20.357 29.4096 5
    endloop
  endfacet
  facet normal 0 0 1
    outer loop
      vertex 22.6194 26.9134 5
      vertex 20.3097 25.9567 5
      vertex 20.3923 25.7257 5
    endloop
  endfacet
  facet normal 0 0 1
    outer loop
      vertex 22.4096 27.357 5
      vertex 20.2048 26.1785 5
      vertex 20.3097 25.9567 5
    endloop
  endfacet
  facet normal 0 0 1
    outer loop
      vertex 22.1573 27.7779 5
      vertex 20.0787 26.3889 5
      vertex 20.2048 26.1785 5
    endloop
  endfacet
  facet normal 0 0 1
    outer loop
      vertex 21.8651 28.172 5
      vertex 19.9325 26.586 5
      vertex 20.0787 26.3889 5
    endloop
  endfacet
  facet normal 0 0 1
    outer loop
      vertex 19.1785 27.2048 5
      vertex 20.357 29.4096 5
      vertex 19.9134 29.6194 5
    endloop
  endfacet
  facet normal 0 0 1
    outer loop
      vertex 21.5355 28.5355 5
      vertex 19.7678 26.7678 5
      vertex 19.9325 26.586 5
    endloop
  endfacet
  facet normal 0 0 1
    outer loop
      vertex 21.172 28.8651 5
      vertex 19.586 26.9325 5
      vertex 19.7678 26.7678 5
    endloop
  endfacet
  facet normal 0 0 1
    outer loop
      vertex 18.9567 27.3097 5
      vertex 19.9134 29.6194 5
      vertex 19.4514 29.7847 5
    endloop
  endfacet
  facet normal 0 0 1
    outer loop
      vertex 20.7779 29.1573 5
      vertex 19.3889 27.0787 5
      vertex 19.586 26.9325 5
    endloop
  endfacet
  facet normal 0 0 1
    outer loop
      vertex 20.357 29.4096 5
      vertex 19.1785 27.2048 5
      vertex 19.3889 27.0787 5
    endloop
  endfacet
  facet normal 0 0 1
    outer loop
      vertex 18.7257 27.3923 5
      vertex 19.4514 29.7847 5
      vertex 18.9755 29.9039 5
    endloop
  endfacet
  facet normal 0 0 1
    outer loop
      vertex 19.9134 29.6194 5
      vertex 18.9567 27.3097 5
      vertex 19.1785 27.2048 5
    endloop
  endfacet
  facet normal 0 0 1
    outer loop
      vertex 19.4514 29.7847 5
      vertex 18.7257 27.3923 5
      vertex 18.9567 27.3097 5
    endloop
  endfacet
  facet normal 0 0 1
    outer loop
      vertex 18.4877 27.452 5
      vertex 18.9755 29.9039 5
      vertex 18.4901 29.9759 5
    endloop
  endfacet
  facet normal 0 0 1
    outer loop
      vertex 18.9755 29.9039 5
      vertex 18.4877 27.452 5
      vertex 18.7257 27.3923 5
    endloop
  endfacet
  facet normal 0 0 1
    outer loop
      vertex 18.4901 29.9759 5
      vertex 18.245 27.488 5
      vertex 18.4877 27.452 5
    endloop
  endfacet
  facet normal 0 0 1
    outer loop
      vertex 18 30 5
      vertex 18.245 27.488 5
      vertex 18.4901 29.9759 5
    endloop
  endfacet
  facet normal 0 0 1
    outer loop
      vertex 18 30 5
      vertex 18 27.5 5
      vertex 18.245 27.488 5
    endloop
  endfacet
  facet normal 0 0 1
    outer loop
      vertex 18 30 5
      vertex 17.755 27.488 5
      vertex 18 27.5 5
    endloop
  endfacet
  facet normal -0 0 1
    outer loop
      vertex 17.5099 29.9759 5
      vertex 17.755 27.488 5
      vertex 18 30 5
    endloop
  endfacet
  facet normal 0 0 1
    outer loop
      vertex 17.755 27.488 5
      vertex 17.5099 29.9759 5
      vertex 17.5123 27.452 5
    endloop
  endfacet
  facet normal -0 0 1
    outer loop
      vertex 17.0245 29.9039 5
      vertex 17.5123 27.452 5
      vertex 17.5099 29.9759 5
    endloop
  endfacet
  facet normal 0 0 1
    outer loop
      vertex 17.5123 27.452 5
      vertex 17.0245 29.9039 5
      vertex 17.2743 27.3923 5
    endloop
  endfacet
  facet normal -0 0 1
    outer loop
      vertex 16.5486 29.7847 5
      vertex 17.2743 27.3923 5
      vertex 17.0245 29.9039 5
    endloop
  endfacet
  facet normal 0 0 1
    outer loop
      vertex 17.2743 27.3923 5
      vertex 16.5486 29.7847 5
      vertex 17.0433 27.3097 5
    endloop
  endfacet
  facet normal -0 0 1
    outer loop
      vertex 16.0866 29.6194 5
      vertex 17.0433 27.3097 5
      vertex 16.5486 29.7847 5
    endloop
  endfacet
  facet normal 0 0 1
    outer loop
      vertex 17.0433 27.3097 5
      vertex 16.0866 29.6194 5
      vertex 16.8215 27.2048 5
    endloop
  endfacet
  facet normal -0 0 1
    outer loop
      vertex 15.643 29.4096 5
      vertex 16.8215 27.2048 5
      vertex 16.0866 29.6194 5
    endloop
  endfacet
  facet normal 0 0 1
    outer loop
      vertex 16.8215 27.2048 5
      vertex 15.643 29.4096 5
      vertex 16.6111 27.0787 5
    endloop
  endfacet
  facet normal -0 0 1
    outer loop
      vertex 15.2221 29.1573 5
      vertex 16.6111 27.0787 5
      vertex 15.643 29.4096 5
    endloop
  endfacet
  facet normal 0 0 1
    outer loop
      vertex 16.6111 27.0787 5
      vertex 15.2221 29.1573 5
      vertex 16.414 26.9325 5
    endloop
  endfacet
  facet normal -0 0 1
    outer loop
      vertex 14.828 28.8651 5
      vertex 16.414 26.9325 5
      vertex 15.2221 29.1573 5
    endloop
  endfacet
  facet normal 0 0 1
    outer loop
      vertex 16.414 26.9325 5
      vertex 14.828 28.8651 5
      vertex 16.2322 26.7678 5
    endloop
  endfacet
  facet normal -0 0 1
    outer loop
      vertex 14.4645 28.5355 5
      vertex 16.2322 26.7678 5
      vertex 14.828 28.8651 5
    endloop
  endfacet
  facet normal 0 0 1
    outer loop
      vertex 16.2322 26.7678 5
      vertex 14.4645 28.5355 5
      vertex 16.0675 26.586 5
    endloop
  endfacet
  facet normal -0 0 1
    outer loop
      vertex 14.1349 28.172 5
      vertex 16.0675 26.586 5
      vertex 14.4645 28.5355 5
    endloop
  endfacet
  facet normal 0 0 1
    outer loop
      vertex 16.0675 26.586 5
      vertex 14.1349 28.172 5
      vertex 15.9213 26.3889 5
    endloop
  endfacet
  facet normal -0 0 1
    outer loop
      vertex 13.8427 27.7779 5
      vertex 15.9213 26.3889 5
      vertex 14.1349 28.172 5
    endloop
  endfacet
  facet normal 0 0 1
    outer loop
      vertex 15.9213 26.3889 5
      vertex 13.8427 27.7779 5
      vertex 15.7952 26.1785 5
    endloop
  endfacet
  facet normal -0 0 1
    outer loop
      vertex 13.5904 27.357 5
      vertex 15.7952 26.1785 5
      vertex 13.8427 27.7779 5
    endloop
  endfacet
  facet normal 0 0 1
    outer loop
      vertex 22.4096 22.643 5
      vertex 20.2048 23.8215 5
      vertex 22.1573 22.2221 5
    endloop
  endfacet
  facet normal -0 0 1
    outer loop
      vertex 20.0787 23.6111 5
      vertex 22.1573 22.2221 5
      vertex 20.2048 23.8215 5
    endloop
  endfacet
  facet normal 0 0 1
    outer loop
      vertex 22.1573 22.2221 5
      vertex 20.0787 23.6111 5
      vertex 21.8651 21.828 5
    endloop
  endfacet
  facet normal -0 0 1
    outer loop
      vertex 19.9325 23.414 5
      vertex 21.8651 21.828 5
      vertex 20.0787 23.6111 5
    endloop
  endfacet
  facet normal 0 0 1
    outer loop
      vertex 21.8651 21.828 5
      vertex 19.9325 23.414 5
      vertex 21.5355 21.4645 5
    endloop
  endfacet
  facet normal -0 0 1
    outer loop
      vertex 19.7678 23.2322 5
      vertex 21.5355 21.4645 5
      vertex 19.9325 23.414 5
    endloop
  endfacet
  facet normal 0 0 1
    outer loop
      vertex 21.5355 21.4645 5
      vertex 19.7678 23.2322 5
      vertex 21.172 21.1349 5
    endloop
  endfacet
  facet normal -0 0 1
    outer loop
      vertex 19.586 23.0675 5
      vertex 21.172 21.1349 5
      vertex 19.7678 23.2322 5
    endloop
  endfacet
  facet normal 0 0 1
    outer loop
      vertex 21.172 21.1349 5
      vertex 19.586 23.0675 5
      vertex 20.7779 20.8427 5
    endloop
  endfacet
  facet normal -0 0 1
    outer loop
      vertex 19.3889 22.9213 5
      vertex 20.7779 20.8427 5
      vertex 19.586 23.0675 5
    endloop
  endfacet
  facet normal 0 0 1
    outer loop
      vertex 20.7779 20.8427 5
      vertex 19.3889 22.9213 5
      vertex 20.357 20.5904 5
    endloop
  endfacet
  facet normal -0 0 1
    outer loop
      vertex 19.1785 22.7952 5
      vertex 20.357 20.5904 5
      vertex 19.3889 22.9213 5
    endloop
  endfacet
  facet normal 0 0 1
    outer loop
      vertex 20.357 20.5904 5
      vertex 19.1785 22.7952 5
      vertex 19.9134 20.3806 5
    endloop
  endfacet
  facet normal -0 0 1
    outer loop
      vertex 18.9567 22.6903 5
      vertex 19.9134 20.3806 5
      vertex 19.1785 22.7952 5
    endloop
  endfacet
  facet normal 0 0 1
    outer loop
      vertex 19.9134 20.3806 5
      vertex 18.9567 22.6903 5
      vertex 19.4514 20.2153 5
    endloop
  endfacet
  facet normal -0 0 1
    outer loop
      vertex 18.7257 22.6076 5
      vertex 19.4514 20.2153 5
      vertex 18.9567 22.6903 5
    endloop
  endfacet
  facet normal 0 0 1
    outer loop
      vertex 19.4514 20.2153 5
      vertex 18.7257 22.6076 5
      vertex 18.9755 20.0961 5
    endloop
  endfacet
  facet normal -0 0 1
    outer loop
      vertex 18.4877 22.548 5
      vertex 18.9755 20.0961 5
      vertex 18.7257 22.6076 5
    endloop
  endfacet
  facet normal 0 0 1
    outer loop
      vertex 18.9755 20.0961 5
      vertex 18.4877 22.548 5
      vertex 18.4901 20.0241 5
    endloop
  endfacet
  facet normal -0 0 1
    outer loop
      vertex 18.245 22.512 5
      vertex 18.4901 20.0241 5
      vertex 18.4877 22.548 5
    endloop
  endfacet
  facet normal -0 0 1
    outer loop
      vertex 18 22.5 5
      vertex 18.4901 20.0241 5
      vertex 18.245 22.512 5
    endloop
  endfacet
  facet normal 0 0 1
    outer loop
      vertex 18 22.5 5
      vertex 18 20 5
      vertex 18.4901 20.0241 5
    endloop
  endfacet
  facet normal 0 0 1
    outer loop
      vertex 17.755 22.512 5
      vertex 18 20 5
      vertex 18 22.5 5
    endloop
  endfacet
  facet normal 0 0 1
    outer loop
      vertex 17.5099 20.0241 5
      vertex 17.755 22.512 5
      vertex 17.5123 22.548 5
    endloop
  endfacet
  facet normal 0 0 1
    outer loop
      vertex 17.755 22.512 5
      vertex 17.5099 20.0241 5
      vertex 18 20 5
    endloop
  endfacet
  facet normal 0 0 1
    outer loop
      vertex 17.0245 20.0961 5
      vertex 17.5123 22.548 5
      vertex 17.2743 22.6076 5
    endloop
  endfacet
  facet normal 0 0 1
    outer loop
      vertex 16.5486 20.2153 5
      vertex 17.2743 22.6076 5
      vertex 17.0433 22.6903 5
    endloop
  endfacet
  facet normal 0 0 1
    outer loop
      vertex 17.5123 22.548 5
      vertex 17.0245 20.0961 5
      vertex 17.5099 20.0241 5
    endloop
  endfacet
  facet normal 0 0 1
    outer loop
      vertex 16.0866 20.3806 5
      vertex 17.0433 22.6903 5
      vertex 16.8215 22.7952 5
    endloop
  endfacet
  facet normal 0 0 1
    outer loop
      vertex 15.643 20.5904 5
      vertex 16.8215 22.7952 5
      vertex 16.6111 22.9213 5
    endloop
  endfacet
  facet normal 0 0 1
    outer loop
      vertex 17.2743 22.6076 5
      vertex 16.5486 20.2153 5
      vertex 17.0245 20.0961 5
    endloop
  endfacet
  facet normal 0 0 1
    outer loop
      vertex 15.2221 20.8427 5
      vertex 16.6111 22.9213 5
      vertex 16.414 23.0675 5
    endloop
  endfacet
  facet normal 0 0 1
    outer loop
      vertex 14.828 21.1349 5
      vertex 16.414 23.0675 5
      vertex 16.2322 23.2322 5
    endloop
  endfacet
  facet normal 0 0 1
    outer loop
      vertex 17.0433 22.6903 5
      vertex 16.0866 20.3806 5
      vertex 16.5486 20.2153 5
    endloop
  endfacet
  facet normal 0 0 1
    outer loop
      vertex 14.4645 21.4645 5
      vertex 16.2322 23.2322 5
      vertex 16.0675 23.414 5
    endloop
  endfacet
  facet normal 0 0 1
    outer loop
      vertex 14.1349 21.828 5
      vertex 16.0675 23.414 5
      vertex 15.9213 23.6111 5
    endloop
  endfacet
  facet normal 0 0 1
    outer loop
      vertex 13.8427 22.2221 5
      vertex 15.9213 23.6111 5
      vertex 15.7952 23.8215 5
    endloop
  endfacet
  facet normal 0 0 1
    outer loop
      vertex 13.5904 22.643 5
      vertex 15.7952 23.8215 5
      vertex 15.6903 24.0433 5
    endloop
  endfacet
  facet normal 0 0 1
    outer loop
      vertex 16.8215 22.7952 5
      vertex 15.643 20.5904 5
      vertex 16.0866 20.3806 5
    endloop
  endfacet
  facet normal 0 0 1
    outer loop
      vertex 13.3806 23.0866 5
      vertex 15.6903 24.0433 5
      vertex 15.6076 24.2743 5
    endloop
  endfacet
  facet normal 0 0 1
    outer loop
      vertex 13.2153 23.5486 5
      vertex 15.6076 24.2743 5
      vertex 15.548 24.5123 5
    endloop
  endfacet
  facet normal 0 0 1
    outer loop
      vertex 13.0961 24.0245 5
      vertex 15.548 24.5123 5
      vertex 15.512 24.755 5
    endloop
  endfacet
  facet normal 0 0 1
    outer loop
      vertex 13.0241 24.5099 5
      vertex 15.512 24.755 5
      vertex 15.5 25 5
    endloop
  endfacet
  facet normal 0 0 1
    outer loop
      vertex 15.7952 26.1785 5
      vertex 13.5904 27.357 5
      vertex 15.6903 25.9567 5
    endloop
  endfacet
  facet normal 0 0 1
    outer loop
      vertex 16.6111 22.9213 5
      vertex 15.2221 20.8427 5
      vertex 15.643 20.5904 5
    endloop
  endfacet
  facet normal -0 0 1
    outer loop
      vertex 13.3806 26.9134 5
      vertex 15.6903 25.9567 5
      vertex 13.5904 27.357 5
    endloop
  endfacet
  facet normal 0 0 1
    outer loop
      vertex 16.414 23.0675 5
      vertex 14.828 21.1349 5
      vertex 15.2221 20.8427 5
    endloop
  endfacet
  facet normal 0 0 1
    outer loop
      vertex 15.6903 25.9567 5
      vertex 13.3806 26.9134 5
      vertex 15.6076 25.7257 5
    endloop
  endfacet
  facet normal 0 0 1
    outer loop
      vertex 16.2322 23.2322 5
      vertex 14.4645 21.4645 5
      vertex 14.828 21.1349 5
    endloop
  endfacet
  facet normal -0 0 1
    outer loop
      vertex 13.2153 26.4514 5
      vertex 15.6076 25.7257 5
      vertex 13.3806 26.9134 5
    endloop
  endfacet
  facet normal 0 0 1
    outer loop
      vertex 16.0675 23.414 5
      vertex 14.1349 21.828 5
      vertex 14.4645 21.4645 5
    endloop
  endfacet
  facet normal 0 0 1
    outer loop
      vertex 15.6076 25.7257 5
      vertex 13.2153 26.4514 5
      vertex 15.548 25.4877 5
    endloop
  endfacet
  facet normal 0 0 1
    outer loop
      vertex 15.9213 23.6111 5
      vertex 13.8427 22.2221 5
      vertex 14.1349 21.828 5
    endloop
  endfacet
  facet normal -0 0 1
    outer loop
      vertex 13.0961 25.9755 5
      vertex 15.548 25.4877 5
      vertex 13.2153 26.4514 5
    endloop
  endfacet
  facet normal 0 0 1
    outer loop
      vertex 15.7952 23.8215 5
      vertex 13.5904 22.643 5
      vertex 13.8427 22.2221 5
    endloop
  endfacet
  facet normal 0 0 1
    outer loop
      vertex 15.548 25.4877 5
      vertex 13.0961 25.9755 5
      vertex 15.512 25.245 5
    endloop
  endfacet
  facet normal 0 0 1
    outer loop
      vertex 15.6903 24.0433 5
      vertex 13.3806 23.0866 5
      vertex 13.5904 22.643 5
    endloop
  endfacet
  facet normal -0 0 1
    outer loop
      vertex 13.0241 25.4901 5
      vertex 15.512 25.245 5
      vertex 13.0961 25.9755 5
    endloop
  endfacet
  facet normal 0 0 1
    outer loop
      vertex 15.6076 24.2743 5
      vertex 13.2153 23.5486 5
      vertex 13.3806 23.0866 5
    endloop
  endfacet
  facet normal 0 0 1
    outer loop
      vertex 15.512 25.245 5
      vertex 13.0241 25.4901 5
      vertex 15.5 25 5
    endloop
  endfacet
  facet normal 0 0 1
    outer loop
      vertex 15.548 24.5123 5
      vertex 13.0961 24.0245 5
      vertex 13.2153 23.5486 5
    endloop
  endfacet
  facet normal 0 0 1
    outer loop
      vertex 13 25 5
      vertex 15.5 25 5
      vertex 13.0241 25.4901 5
    endloop
  endfacet
  facet normal 0 0 1
    outer loop
      vertex 15.512 24.755 5
      vertex 13.0241 24.5099 5
      vertex 13.0961 24.0245 5
    endloop
  endfacet
  facet normal 0 0 1
    outer loop
      vertex 15.5 25 5
      vertex 13 25 5
      vertex 13.0241 24.5099 5
    endloop
  endfacet
  facet normal -0.671719 -0.740806 0
    outer loop
      vertex 14.4645 21.4645 2.2
      vertex 14.828 21.1349 5
      vertex 14.4645 21.4645 5
    endloop
  endfacet
  facet normal -0.671719 -0.740806 -0
    outer loop
      vertex 14.828 21.1349 5
      vertex 14.4645 21.4645 2.2
      vertex 14.828 21.1349 2.2
    endloop
  endfacet
  facet normal 0.595588 0.80329 -0
    outer loop
      vertex 21.172 28.8651 2.2
      vertex 20.7779 29.1573 5
      vertex 21.172 28.8651 5
    endloop
  endfacet
  facet normal 0.595588 0.80329 0
    outer loop
      vertex 20.7779 29.1573 5
      vertex 21.172 28.8651 2.2
      vertex 20.7779 29.1573 2.2
    endloop
  endfacet
  facet normal -0.514136 -0.857709 0
    outer loop
      vertex 15.2221 20.8427 2.2
      vertex 15.643 20.5904 5
      vertex 15.2221 20.8427 5
    endloop
  endfacet
  facet normal -0.514136 -0.857709 -0
    outer loop
      vertex 15.643 20.5904 5
      vertex 15.2221 20.8427 2.2
      vertex 15.643 20.5904 2.2
    endloop
  endfacet
  facet normal 0.514136 0.857709 -0
    outer loop
      vertex 20.7779 29.1573 2.2
      vertex 20.357 29.4096 5
      vertex 20.7779 29.1573 5
    endloop
  endfacet
  facet normal 0.514136 0.857709 0
    outer loop
      vertex 20.357 29.4096 5
      vertex 20.7779 29.1573 2.2
      vertex 20.357 29.4096 2.2
    endloop
  endfacet
  facet normal 0.146726 -0.989177 0
    outer loop
      vertex 18.4901 20.0241 2.2
      vertex 18.9755 20.0961 5
      vertex 18.4901 20.0241 5
    endloop
  endfacet
  facet normal 0.146726 -0.989177 0
    outer loop
      vertex 18.9755 20.0961 5
      vertex 18.4901 20.0241 2.2
      vertex 18.9755 20.0961 2.2
    endloop
  endfacet
  facet normal 0.941548 0.336879 0
    outer loop
      vertex 22.7847 26.4514 5
      vertex 22.6194 26.9134 2.2
      vertex 22.6194 26.9134 5
    endloop
  endfacet
  facet normal 0.941548 0.336879 0
    outer loop
      vertex 22.6194 26.9134 2.2
      vertex 22.7847 26.4514 5
      vertex 22.7847 26.4514 2.2
    endloop
  endfacet
  facet normal 0.857709 -0.514136 0
    outer loop
      vertex 22.1573 22.2221 5
      vertex 22.4096 22.643 2.2
      vertex 22.4096 22.643 5
    endloop
  endfacet
  facet normal 0.857709 -0.514136 0
    outer loop
      vertex 22.4096 22.643 2.2
      vertex 22.1573 22.2221 5
      vertex 22.1573 22.2221 2.2
    endloop
  endfacet
  facet normal -0.998793 -0.0491143 0
    outer loop
      vertex 13.0241 24.5099 2.2
      vertex 13 25 5
      vertex 13 25 2.2
    endloop
  endfacet
  facet normal -0.998793 -0.0491143 0
    outer loop
      vertex 13 25 5
      vertex 13.0241 24.5099 2.2
      vertex 13.0241 24.5099 5
    endloop
  endfacet
  facet normal -0.146726 0.989177 0
    outer loop
      vertex 17.5099 29.9759 2.2
      vertex 17.0245 29.9039 5
      vertex 17.5099 29.9759 5
    endloop
  endfacet
  facet normal -0.146726 0.989177 0
    outer loop
      vertex 17.0245 29.9039 5
      vertex 17.5099 29.9759 2.2
      vertex 17.0245 29.9039 2.2
    endloop
  endfacet
  facet normal 0.740806 0.671719 0
    outer loop
      vertex 21.8651 28.172 5
      vertex 21.5355 28.5355 2.2
      vertex 21.5355 28.5355 5
    endloop
  endfacet
  facet normal 0.740806 0.671719 0
    outer loop
      vertex 21.5355 28.5355 2.2
      vertex 21.8651 28.172 5
      vertex 21.8651 28.172 2.2
    endloop
  endfacet
  facet normal 0.0491143 0.998793 -0
    outer loop
      vertex 18.4901 29.9759 2.2
      vertex 18 30 5
      vertex 18.4901 29.9759 5
    endloop
  endfacet
  facet normal 0.0491143 0.998793 0
    outer loop
      vertex 18 30 5
      vertex 18.4901 29.9759 2.2
      vertex 18 30 2.2
    endloop
  endfacet
  facet normal 0.903995 0.427543 0
    outer loop
      vertex 22.6194 26.9134 5
      vertex 22.4096 27.357 2.2
      vertex 22.4096 27.357 5
    endloop
  endfacet
  facet normal 0.903995 0.427543 0
    outer loop
      vertex 22.4096 27.357 2.2
      vertex 22.6194 26.9134 5
      vertex 22.6194 26.9134 2.2
    endloop
  endfacet
  facet normal -0.146726 -0.989177 0
    outer loop
      vertex 17.0245 20.0961 2.2
      vertex 17.5099 20.0241 5
      vertex 17.0245 20.0961 5
    endloop
  endfacet
  facet normal -0.146726 -0.989177 -0
    outer loop
      vertex 17.5099 20.0241 5
      vertex 17.0245 20.0961 2.2
      vertex 17.5099 20.0241 2.2
    endloop
  endfacet
  facet normal 0.671719 -0.740806 0
    outer loop
      vertex 21.172 21.1349 2.2
      vertex 21.5355 21.4645 5
      vertex 21.172 21.1349 5
    endloop
  endfacet
  facet normal 0.671719 -0.740806 0
    outer loop
      vertex 21.5355 21.4645 5
      vertex 21.172 21.1349 2.2
      vertex 21.5355 21.4645 2.2
    endloop
  endfacet
  facet normal 0.857709 0.514136 0
    outer loop
      vertex 22.4096 27.357 5
      vertex 22.1573 27.7779 2.2
      vertex 22.1573 27.7779 5
    endloop
  endfacet
  facet normal 0.857709 0.514136 0
    outer loop
      vertex 22.1573 27.7779 2.2
      vertex 22.4096 27.357 5
      vertex 22.4096 27.357 2.2
    endloop
  endfacet
  facet normal -0.0491143 -0.998793 0
    outer loop
      vertex 17.5099 20.0241 2.2
      vertex 18 20 5
      vertex 17.5099 20.0241 5
    endloop
  endfacet
  facet normal -0.0491143 -0.998793 -0
    outer loop
      vertex 18 20 5
      vertex 17.5099 20.0241 2.2
      vertex 18 20 2.2
    endloop
  endfacet
  facet normal -0.740806 0.671719 0
    outer loop
      vertex 14.1349 28.172 2.2
      vertex 14.4645 28.5355 5
      vertex 14.4645 28.5355 2.2
    endloop
  endfacet
  facet normal -0.740806 0.671719 0
    outer loop
      vertex 14.4645 28.5355 5
      vertex 14.1349 28.172 2.2
      vertex 14.1349 28.172 5
    endloop
  endfacet
  facet normal 0.671719 0.740806 -0
    outer loop
      vertex 21.5355 28.5355 2.2
      vertex 21.172 28.8651 5
      vertex 21.5355 28.5355 5
    endloop
  endfacet
  facet normal 0.671719 0.740806 0
    outer loop
      vertex 21.172 28.8651 5
      vertex 21.5355 28.5355 2.2
      vertex 21.172 28.8651 2.2
    endloop
  endfacet
  facet normal -0.903995 0.427543 0
    outer loop
      vertex 13.3806 26.9134 2.2
      vertex 13.5904 27.357 5
      vertex 13.5904 27.357 2.2
    endloop
  endfacet
  facet normal -0.903995 0.427543 0
    outer loop
      vertex 13.5904 27.357 5
      vertex 13.3806 26.9134 2.2
      vertex 13.3806 26.9134 5
    endloop
  endfacet
  facet normal -0.970034 0.242967 0
    outer loop
      vertex 13.0961 25.9755 2.2
      vertex 13.2153 26.4514 5
      vertex 13.2153 26.4514 2.2
    endloop
  endfacet
  facet normal -0.970034 0.242967 0
    outer loop
      vertex 13.2153 26.4514 5
      vertex 13.0961 25.9755 2.2
      vertex 13.0961 25.9755 5
    endloop
  endfacet
  facet normal 0.242967 0.970034 -0
    outer loop
      vertex 19.4514 29.7847 2.2
      vertex 18.9755 29.9039 5
      vertex 19.4514 29.7847 5
    endloop
  endfacet
  facet normal 0.242967 0.970034 0
    outer loop
      vertex 18.9755 29.9039 5
      vertex 19.4514 29.7847 2.2
      vertex 18.9755 29.9039 2.2
    endloop
  endfacet
  facet normal -0.970034 -0.242967 0
    outer loop
      vertex 13.2153 23.5486 2.2
      vertex 13.0961 24.0245 5
      vertex 13.0961 24.0245 2.2
    endloop
  endfacet
  facet normal -0.970034 -0.242967 0
    outer loop
      vertex 13.0961 24.0245 5
      vertex 13.2153 23.5486 2.2
      vertex 13.2153 23.5486 5
    endloop
  endfacet
  facet normal -0.427543 -0.903995 0
    outer loop
      vertex 15.643 20.5904 2.2
      vertex 16.0866 20.3806 5
      vertex 15.643 20.5904 5
    endloop
  endfacet
  facet normal -0.427543 -0.903995 -0
    outer loop
      vertex 16.0866 20.3806 5
      vertex 15.643 20.5904 2.2
      vertex 16.0866 20.3806 2.2
    endloop
  endfacet
  facet normal -0.740806 -0.671719 0
    outer loop
      vertex 14.4645 21.4645 2.2
      vertex 14.1349 21.828 5
      vertex 14.1349 21.828 2.2
    endloop
  endfacet
  facet normal -0.740806 -0.671719 0
    outer loop
      vertex 14.1349 21.828 5
      vertex 14.4645 21.4645 2.2
      vertex 14.4645 21.4645 5
    endloop
  endfacet
  facet normal 0.427543 -0.903995 0
    outer loop
      vertex 19.9134 20.3806 2.2
      vertex 20.357 20.5904 5
      vertex 19.9134 20.3806 5
    endloop
  endfacet
  facet normal 0.427543 -0.903995 0
    outer loop
      vertex 20.357 20.5904 5
      vertex 19.9134 20.3806 2.2
      vertex 20.357 20.5904 2.2
    endloop
  endfacet
  facet normal 0.0491143 -0.998793 0
    outer loop
      vertex 18 20 2.2
      vertex 18.4901 20.0241 5
      vertex 18 20 5
    endloop
  endfacet
  facet normal 0.0491143 -0.998793 0
    outer loop
      vertex 18.4901 20.0241 5
      vertex 18 20 2.2
      vertex 18.4901 20.0241 2.2
    endloop
  endfacet
  facet normal -0.989177 -0.146726 0
    outer loop
      vertex 13.0961 24.0245 2.2
      vertex 13.0241 24.5099 5
      vertex 13.0241 24.5099 2.2
    endloop
  endfacet
  facet normal -0.989177 -0.146726 0
    outer loop
      vertex 13.0241 24.5099 5
      vertex 13.0961 24.0245 2.2
      vertex 13.0961 24.0245 5
    endloop
  endfacet
  facet normal 0.595588 -0.80329 0
    outer loop
      vertex 20.7779 20.8427 2.2
      vertex 21.172 21.1349 5
      vertex 20.7779 20.8427 5
    endloop
  endfacet
  facet normal 0.595588 -0.80329 0
    outer loop
      vertex 21.172 21.1349 5
      vertex 20.7779 20.8427 2.2
      vertex 21.172 21.1349 2.2
    endloop
  endfacet
  facet normal -0.80329 -0.595588 0
    outer loop
      vertex 14.1349 21.828 2.2
      vertex 13.8427 22.2221 5
      vertex 13.8427 22.2221 2.2
    endloop
  endfacet
  facet normal -0.80329 -0.595588 0
    outer loop
      vertex 13.8427 22.2221 5
      vertex 14.1349 21.828 2.2
      vertex 14.1349 21.828 5
    endloop
  endfacet
  facet normal -0.998793 0.0491143 0
    outer loop
      vertex 13 25 2.2
      vertex 13.0241 25.4901 5
      vertex 13.0241 25.4901 2.2
    endloop
  endfacet
  facet normal -0.998793 0.0491143 0
    outer loop
      vertex 13.0241 25.4901 5
      vertex 13 25 2.2
      vertex 13 25 5
    endloop
  endfacet
  facet normal 0.740806 -0.671719 0
    outer loop
      vertex 21.5355 21.4645 5
      vertex 21.8651 21.828 2.2
      vertex 21.8651 21.828 5
    endloop
  endfacet
  facet normal 0.740806 -0.671719 0
    outer loop
      vertex 21.8651 21.828 2.2
      vertex 21.5355 21.4645 5
      vertex 21.5355 21.4645 2.2
    endloop
  endfacet
  facet normal -0.336879 -0.941548 0
    outer loop
      vertex 29.0866 7.3806 3.2
      vertex 29.5486 7.2153 5
      vertex 29.0866 7.3806 5
    endloop
  endfacet
  facet normal -0.336879 -0.941548 -0
    outer loop
      vertex 29.5486 7.2153 5
      vertex 29.0866 7.3806 3.2
      vertex 29.5486 7.2153 3.2
    endloop
  endfacet
  facet normal 0.989177 0.146726 0
    outer loop
      vertex 35.9759 12.4901 5
      vertex 35.9039 12.9755 3.2
      vertex 35.9039 12.9755 5
    endloop
  endfacet
  facet normal 0.989177 0.146726 0
    outer loop
      vertex 35.9039 12.9755 3.2
      vertex 35.9759 12.4901 5
      vertex 35.9759 12.4901 3.2
    endloop
  endfacet
  facet normal 0.998793 0.0491143 0
    outer loop
      vertex 36 12 5
      vertex 35.9759 12.4901 3.2
      vertex 35.9759 12.4901 5
    endloop
  endfacet
  facet normal 0.998793 0.0491143 0
    outer loop
      vertex 35.9759 12.4901 3.2
      vertex 36 12 5
      vertex 36 12 3.2
    endloop
  endfacet
  facet normal 0.970034 0.242967 0
    outer loop
      vertex 35.9039 12.9755 5
      vertex 35.7847 13.4514 3.2
      vertex 35.7847 13.4514 5
    endloop
  endfacet
  facet normal 0.970034 0.242967 0
    outer loop
      vertex 35.7847 13.4514 3.2
      vertex 35.9039 12.9755 5
      vertex 35.9039 12.9755 3.2
    endloop
  endfacet
  facet normal -0.989177 0.146726 0
    outer loop
      vertex 26.0241 12.4901 3.2
      vertex 26.0961 12.9755 5
      vertex 26.0961 12.9755 3.2
    endloop
  endfacet
  facet normal -0.989177 0.146726 0
    outer loop
      vertex 26.0961 12.9755 5
      vertex 26.0241 12.4901 3.2
      vertex 26.0241 12.4901 5
    endloop
  endfacet
  facet normal -0.243025 -0.97002 0
    outer loop
      vertex 29.5486 7.2153 3.2
      vertex 30.0245 7.09607 5
      vertex 29.5486 7.2153 5
    endloop
  endfacet
  facet normal -0.243025 -0.97002 -0
    outer loop
      vertex 30.0245 7.09607 5
      vertex 29.5486 7.2153 3.2
      vertex 30.0245 7.09607 3.2
    endloop
  endfacet
  facet normal 0.336879 0.941548 -0
    outer loop
      vertex 32.9134 16.6194 3.2
      vertex 32.4514 16.7847 5
      vertex 32.9134 16.6194 5
    endloop
  endfacet
  facet normal 0.336879 0.941548 0
    outer loop
      vertex 32.4514 16.7847 5
      vertex 32.9134 16.6194 3.2
      vertex 32.4514 16.7847 3.2
    endloop
  endfacet
  facet normal -0.514136 0.857709 0
    outer loop
      vertex 28.643 16.4096 3.2
      vertex 28.2221 16.1573 5
      vertex 28.643 16.4096 5
    endloop
  endfacet
  facet normal -0.514136 0.857709 0
    outer loop
      vertex 28.2221 16.1573 5
      vertex 28.643 16.4096 3.2
      vertex 28.2221 16.1573 3.2
    endloop
  endfacet
  facet normal -0.903987 -0.427559 0
    outer loop
      vertex 26.5904 9.64302 3.2
      vertex 26.3806 10.0866 5
      vertex 26.3806 10.0866 3.2
    endloop
  endfacet
  facet normal -0.903987 -0.427559 0
    outer loop
      vertex 26.3806 10.0866 5
      vertex 26.5904 9.64302 3.2
      vertex 26.5904 9.64302 5
    endloop
  endfacet
  facet normal -0.242967 0.970034 0
    outer loop
      vertex 30.0245 16.9039 3.2
      vertex 29.5486 16.7847 5
      vertex 30.0245 16.9039 5
    endloop
  endfacet
  facet normal -0.242967 0.970034 0
    outer loop
      vertex 29.5486 16.7847 5
      vertex 30.0245 16.9039 3.2
      vertex 29.5486 16.7847 3.2
    endloop
  endfacet
  facet normal -0.857692 -0.514163 0
    outer loop
      vertex 26.8427 9.22215 3.2
      vertex 26.5904 9.64302 5
      vertex 26.5904 9.64302 3.2
    endloop
  endfacet
  facet normal -0.857692 -0.514163 0
    outer loop
      vertex 26.5904 9.64302 5
      vertex 26.8427 9.22215 3.2
      vertex 26.8427 9.22215 5
    endloop
  endfacet
  facet normal 0.243025 -0.97002 0
    outer loop
      vertex 31.9755 7.09607 3.2
      vertex 32.4514 7.2153 5
      vertex 31.9755 7.09607 5
    endloop
  endfacet
  facet normal 0.243025 -0.97002 0
    outer loop
      vertex 32.4514 7.2153 5
      vertex 31.9755 7.09607 3.2
      vertex 32.4514 7.2153 3.2
    endloop
  endfacet
  facet normal -0.59572 -0.803192 0
    outer loop
      vertex 27.828 8.13495 3.2
      vertex 28.2221 7.84265 5
      vertex 27.828 8.13495 5
    endloop
  endfacet
  facet normal -0.59572 -0.803192 -0
    outer loop
      vertex 28.2221 7.84265 5
      vertex 27.828 8.13495 3.2
      vertex 28.2221 7.84265 3.2
    endloop
  endfacet
  facet normal 0.514076 -0.857745 0
    outer loop
      vertex 33.357 7.59039 3.2
      vertex 33.7779 7.84265 5
      vertex 33.357 7.59039 5
    endloop
  endfacet
  facet normal 0.514076 -0.857745 0
    outer loop
      vertex 33.7779 7.84265 5
      vertex 33.357 7.59039 3.2
      vertex 33.7779 7.84265 3.2
    endloop
  endfacet
  facet normal 0.803304 -0.595569 0
    outer loop
      vertex 34.8651 8.82803 5
      vertex 35.1573 9.22215 3.2
      vertex 35.1573 9.22215 5
    endloop
  endfacet
  facet normal 0.803304 -0.595569 0
    outer loop
      vertex 35.1573 9.22215 3.2
      vertex 34.8651 8.82803 5
      vertex 34.8651 8.82803 3.2
    endloop
  endfacet
  facet normal 0.146726 0.989177 -0
    outer loop
      vertex 31.9755 16.9039 3.2
      vertex 31.4901 16.9759 5
      vertex 31.9755 16.9039 5
    endloop
  endfacet
  facet normal 0.146726 0.989177 0
    outer loop
      vertex 31.4901 16.9759 5
      vertex 31.9755 16.9039 3.2
      vertex 31.4901 16.9759 3.2
    endloop
  endfacet
  facet normal -0.595588 0.80329 0
    outer loop
      vertex 28.2221 16.1573 3.2
      vertex 27.828 15.8651 5
      vertex 28.2221 16.1573 5
    endloop
  endfacet
  facet normal -0.595588 0.80329 0
    outer loop
      vertex 27.828 15.8651 5
      vertex 28.2221 16.1573 3.2
      vertex 27.828 15.8651 3.2
    endloop
  endfacet
  facet normal -0.80329 0.595588 0
    outer loop
      vertex 26.8427 14.7779 3.2
      vertex 27.1349 15.172 5
      vertex 27.1349 15.172 3.2
    endloop
  endfacet
  facet normal -0.80329 0.595588 0
    outer loop
      vertex 27.1349 15.172 5
      vertex 26.8427 14.7779 3.2
      vertex 26.8427 14.7779 5
    endloop
  endfacet
  facet normal 0.989177 -0.146726 0
    outer loop
      vertex 35.9039 11.0245 5
      vertex 35.9759 11.5099 3.2
      vertex 35.9759 11.5099 5
    endloop
  endfacet
  facet normal 0.989177 -0.146726 0
    outer loop
      vertex 35.9759 11.5099 3.2
      vertex 35.9039 11.0245 5
      vertex 35.9039 11.0245 3.2
    endloop
  endfacet
  facet normal -0.941548 0.336879 0
    outer loop
      vertex 26.2153 13.4514 3.2
      vertex 26.3806 13.9134 5
      vertex 26.3806 13.9134 3.2
    endloop
  endfacet
  facet normal -0.941548 0.336879 0
    outer loop
      vertex 26.3806 13.9134 5
      vertex 26.2153 13.4514 3.2
      vertex 26.2153 13.4514 5
    endloop
  endfacet
  facet normal 0.427543 0.903995 -0
    outer loop
      vertex 33.357 16.4096 3.2
      vertex 32.9134 16.6194 5
      vertex 33.357 16.4096 5
    endloop
  endfacet
  facet normal 0.427543 0.903995 0
    outer loop
      vertex 32.9134 16.6194 5
      vertex 33.357 16.4096 3.2
      vertex 32.9134 16.6194 3.2
    endloop
  endfacet
  facet normal -0.941548 -0.336879 0
    outer loop
      vertex 26.3806 10.0866 3.2
      vertex 26.2153 10.5486 5
      vertex 26.2153 10.5486 3.2
    endloop
  endfacet
  facet normal -0.941548 -0.336879 0
    outer loop
      vertex 26.2153 10.5486 5
      vertex 26.3806 10.0866 3.2
      vertex 26.3806 10.0866 5
    endloop
  endfacet
  facet normal 0.970034 -0.242967 0
    outer loop
      vertex 35.7847 10.5486 5
      vertex 35.9039 11.0245 3.2
      vertex 35.9039 11.0245 5
    endloop
  endfacet
  facet normal 0.970034 -0.242967 0
    outer loop
      vertex 35.9039 11.0245 3.2
      vertex 35.7847 10.5486 5
      vertex 35.7847 10.5486 3.2
    endloop
  endfacet
  facet normal -0.0491143 0.998793 0
    outer loop
      vertex 31 17 3.2
      vertex 30.5099 16.9759 5
      vertex 31 17 5
    endloop
  endfacet
  facet normal -0.0491143 0.998793 0
    outer loop
      vertex 30.5099 16.9759 5
      vertex 31 17 3.2
      vertex 30.5099 16.9759 3.2
    endloop
  endfacet
  facet normal 0.671719 0.740806 -0
    outer loop
      vertex 34.5355 15.5355 3.2
      vertex 34.172 15.8651 5
      vertex 34.5355 15.5355 5
    endloop
  endfacet
  facet normal 0.671719 0.740806 0
    outer loop
      vertex 34.172 15.8651 5
      vertex 34.5355 15.5355 3.2
      vertex 34.172 15.8651 3.2
    endloop
  endfacet
  facet normal -0.427543 0.903995 0
    outer loop
      vertex 29.0866 16.6194 3.2
      vertex 28.643 16.4096 5
      vertex 29.0866 16.6194 5
    endloop
  endfacet
  facet normal -0.427543 0.903995 0
    outer loop
      vertex 28.643 16.4096 5
      vertex 29.0866 16.6194 3.2
      vertex 28.643 16.4096 3.2
    endloop
  endfacet
  facet normal -0.671719 0.740806 0
    outer loop
      vertex 27.828 15.8651 3.2
      vertex 27.4645 15.5355 5
      vertex 27.828 15.8651 5
    endloop
  endfacet
  facet normal -0.671719 0.740806 0
    outer loop
      vertex 27.4645 15.5355 5
      vertex 27.828 15.8651 3.2
      vertex 27.4645 15.5355 3.2
    endloop
  endfacet
  facet normal 0.336879 -0.941548 0
    outer loop
      vertex 32.4514 7.2153 3.2
      vertex 32.9134 7.3806 5
      vertex 32.4514 7.2153 5
    endloop
  endfacet
  facet normal 0.336879 -0.941548 0
    outer loop
      vertex 32.9134 7.3806 5
      vertex 32.4514 7.2153 3.2
      vertex 32.9134 7.3806 3.2
    endloop
  endfacet
  facet normal -0.336879 0.941548 0
    outer loop
      vertex 29.5486 16.7847 3.2
      vertex 29.0866 16.6194 5
      vertex 29.5486 16.7847 5
    endloop
  endfacet
  facet normal -0.336879 0.941548 0
    outer loop
      vertex 29.0866 16.6194 5
      vertex 29.5486 16.7847 3.2
      vertex 29.0866 16.6194 3.2
    endloop
  endfacet
  facet normal 0.80329 0.595588 0
    outer loop
      vertex 35.1573 14.7779 5
      vertex 34.8651 15.172 3.2
      vertex 34.8651 15.172 5
    endloop
  endfacet
  facet normal 0.80329 0.595588 0
    outer loop
      vertex 34.8651 15.172 3.2
      vertex 35.1573 14.7779 5
      vertex 35.1573 14.7779 3.2
    endloop
  endfacet
  facet normal -0.857709 0.514136 0
    outer loop
      vertex 26.5904 14.357 3.2
      vertex 26.8427 14.7779 5
      vertex 26.8427 14.7779 3.2
    endloop
  endfacet
  facet normal -0.857709 0.514136 0
    outer loop
      vertex 26.8427 14.7779 5
      vertex 26.5904 14.357 3.2
      vertex 26.5904 14.357 5
    endloop
  endfacet
  facet normal 0.998793 -0.0491143 0
    outer loop
      vertex 35.9759 11.5099 5
      vertex 36 12 3.2
      vertex 36 12 5
    endloop
  endfacet
  facet normal 0.998793 -0.0491143 0
    outer loop
      vertex 36 12 3.2
      vertex 35.9759 11.5099 5
      vertex 35.9759 11.5099 3.2
    endloop
  endfacet
  facet normal 0.903987 -0.427559 0
    outer loop
      vertex 35.4096 9.64302 5
      vertex 35.6194 10.0866 3.2
      vertex 35.6194 10.0866 5
    endloop
  endfacet
  facet normal 0.903987 -0.427559 0
    outer loop
      vertex 35.6194 10.0866 3.2
      vertex 35.4096 9.64302 5
      vertex 35.4096 9.64302 3.2
    endloop
  endfacet
  facet normal 0.857709 0.514136 0
    outer loop
      vertex 35.4096 14.357 5
      vertex 35.1573 14.7779 3.2
      vertex 35.1573 14.7779 5
    endloop
  endfacet
  facet normal 0.857709 0.514136 0
    outer loop
      vertex 35.1573 14.7779 3.2
      vertex 35.4096 14.357 5
      vertex 35.4096 14.357 3.2
    endloop
  endfacet
  facet normal 0 0 1
    outer loop
      vertex 33.5 12 5
      vertex 36 12 5
      vertex 35.9759 12.4901 5
    endloop
  endfacet
  facet normal 0 0 1
    outer loop
      vertex 33.488 12.245 5
      vertex 35.9759 12.4901 5
      vertex 35.9039 12.9755 5
    endloop
  endfacet
  facet normal 0 0 1
    outer loop
      vertex 36 12 5
      vertex 33.5 12 5
      vertex 35.9759 11.5099 5
    endloop
  endfacet
  facet normal 0 0 1
    outer loop
      vertex 33.452 12.4877 5
      vertex 35.9039 12.9755 5
      vertex 35.7847 13.4514 5
    endloop
  endfacet
  facet normal -0 0 1
    outer loop
      vertex 33.488 11.755 5
      vertex 35.9759 11.5099 5
      vertex 33.5 12 5
    endloop
  endfacet
  facet normal 0 0 1
    outer loop
      vertex 33.3923 12.7257 5
      vertex 35.7847 13.4514 5
      vertex 35.6194 13.9134 5
    endloop
  endfacet
  facet normal 0 0 1
    outer loop
      vertex 35.9759 11.5099 5
      vertex 33.488 11.755 5
      vertex 35.9039 11.0245 5
    endloop
  endfacet
  facet normal 0 0 1
    outer loop
      vertex 33.3097 12.9567 5
      vertex 35.6194 13.9134 5
      vertex 35.4096 14.357 5
    endloop
  endfacet
  facet normal -0 0 1
    outer loop
      vertex 33.452 11.5123 5
      vertex 35.9039 11.0245 5
      vertex 33.488 11.755 5
    endloop
  endfacet
  facet normal 0 0 1
    outer loop
      vertex 33.2048 13.1785 5
      vertex 35.4096 14.357 5
      vertex 35.1573 14.7779 5
    endloop
  endfacet
  facet normal 0 0 1
    outer loop
      vertex 35.9039 11.0245 5
      vertex 33.452 11.5123 5
      vertex 35.7847 10.5486 5
    endloop
  endfacet
  facet normal 0 0 1
    outer loop
      vertex 33.0787 13.3889 5
      vertex 35.1573 14.7779 5
      vertex 34.8651 15.172 5
    endloop
  endfacet
  facet normal -0 0 1
    outer loop
      vertex 33.3923 11.2743 5
      vertex 35.7847 10.5486 5
      vertex 33.452 11.5123 5
    endloop
  endfacet
  facet normal 0 0 1
    outer loop
      vertex 32.9325 13.586 5
      vertex 34.8651 15.172 5
      vertex 34.5355 15.5355 5
    endloop
  endfacet
  facet normal 0 0 1
    outer loop
      vertex 35.7847 10.5486 5
      vertex 33.3923 11.2743 5
      vertex 35.6194 10.0866 5
    endloop
  endfacet
  facet normal 0 0 1
    outer loop
      vertex 32.7678 13.7678 5
      vertex 34.5355 15.5355 5
      vertex 34.172 15.8651 5
    endloop
  endfacet
  facet normal -0 0 1
    outer loop
      vertex 33.3097 11.0433 5
      vertex 35.6194 10.0866 5
      vertex 33.3923 11.2743 5
    endloop
  endfacet
  facet normal 0 0 1
    outer loop
      vertex 32.586 13.9325 5
      vertex 34.172 15.8651 5
      vertex 33.7779 16.1573 5
    endloop
  endfacet
  facet normal 0 0 1
    outer loop
      vertex 35.6194 10.0866 5
      vertex 33.3097 11.0433 5
      vertex 35.4096 9.64302 5
    endloop
  endfacet
  facet normal -0 0 1
    outer loop
      vertex 33.2048 10.8215 5
      vertex 35.4096 9.64302 5
      vertex 33.3097 11.0433 5
    endloop
  endfacet
  facet normal 0 0 1
    outer loop
      vertex 35.9759 12.4901 5
      vertex 33.488 12.245 5
      vertex 33.5 12 5
    endloop
  endfacet
  facet normal 0 0 1
    outer loop
      vertex 35.9039 12.9755 5
      vertex 33.452 12.4877 5
      vertex 33.488 12.245 5
    endloop
  endfacet
  facet normal 0 0 1
    outer loop
      vertex 35.7847 13.4514 5
      vertex 33.3923 12.7257 5
      vertex 33.452 12.4877 5
    endloop
  endfacet
  facet normal 0 0 1
    outer loop
      vertex 32.3889 14.0787 5
      vertex 33.7779 16.1573 5
      vertex 33.357 16.4096 5
    endloop
  endfacet
  facet normal 0 0 1
    outer loop
      vertex 35.6194 13.9134 5
      vertex 33.3097 12.9567 5
      vertex 33.3923 12.7257 5
    endloop
  endfacet
  facet normal 0 0 1
    outer loop
      vertex 35.4096 14.357 5
      vertex 33.2048 13.1785 5
      vertex 33.3097 12.9567 5
    endloop
  endfacet
  facet normal 0 0 1
    outer loop
      vertex 35.1573 14.7779 5
      vertex 33.0787 13.3889 5
      vertex 33.2048 13.1785 5
    endloop
  endfacet
  facet normal 0 0 1
    outer loop
      vertex 34.8651 15.172 5
      vertex 32.9325 13.586 5
      vertex 33.0787 13.3889 5
    endloop
  endfacet
  facet normal 0 0 1
    outer loop
      vertex 32.1785 14.2048 5
      vertex 33.357 16.4096 5
      vertex 32.9134 16.6194 5
    endloop
  endfacet
  facet normal 0 0 1
    outer loop
      vertex 34.5355 15.5355 5
      vertex 32.7678 13.7678 5
      vertex 32.9325 13.586 5
    endloop
  endfacet
  facet normal 0 0 1
    outer loop
      vertex 34.172 15.8651 5
      vertex 32.586 13.9325 5
      vertex 32.7678 13.7678 5
    endloop
  endfacet
  facet normal 0 0 1
    outer loop
      vertex 31.9567 14.3097 5
      vertex 32.9134 16.6194 5
      vertex 32.4514 16.7847 5
    endloop
  endfacet
  facet normal 0 0 1
    outer loop
      vertex 33.7779 16.1573 5
      vertex 32.3889 14.0787 5
      vertex 32.586 13.9325 5
    endloop
  endfacet
  facet normal 0 0 1
    outer loop
      vertex 33.357 16.4096 5
      vertex 32.1785 14.2048 5
      vertex 32.3889 14.0787 5
    endloop
  endfacet
  facet normal 0 0 1
    outer loop
      vertex 31.7257 14.3924 5
      vertex 32.4514 16.7847 5
      vertex 31.9755 16.9039 5
    endloop
  endfacet
  facet normal 0 0 1
    outer loop
      vertex 32.9134 16.6194 5
      vertex 31.9567 14.3097 5
      vertex 32.1785 14.2048 5
    endloop
  endfacet
  facet normal 0 0 1
    outer loop
      vertex 32.4514 16.7847 5
      vertex 31.7257 14.3924 5
      vertex 31.9567 14.3097 5
    endloop
  endfacet
  facet normal 0 0 1
    outer loop
      vertex 31.4877 14.452 5
      vertex 31.9755 16.9039 5
      vertex 31.4901 16.9759 5
    endloop
  endfacet
  facet normal 0 0 1
    outer loop
      vertex 31.9755 16.9039 5
      vertex 31.4877 14.452 5
      vertex 31.7257 14.3924 5
    endloop
  endfacet
  facet normal 0 0 1
    outer loop
      vertex 31.4901 16.9759 5
      vertex 31.245 14.488 5
      vertex 31.4877 14.452 5
    endloop
  endfacet
  facet normal 0 0 1
    outer loop
      vertex 31 17 5
      vertex 31.245 14.488 5
      vertex 31.4901 16.9759 5
    endloop
  endfacet
  facet normal 0 0 1
    outer loop
      vertex 31 17 5
      vertex 31 14.5 5
      vertex 31.245 14.488 5
    endloop
  endfacet
  facet normal 0 0 1
    outer loop
      vertex 31 17 5
      vertex 30.755 14.488 5
      vertex 31 14.5 5
    endloop
  endfacet
  facet normal -0 0 1
    outer loop
      vertex 30.5099 16.9759 5
      vertex 30.755 14.488 5
      vertex 31 17 5
    endloop
  endfacet
  facet normal 0 0 1
    outer loop
      vertex 30.755 14.488 5
      vertex 30.5099 16.9759 5
      vertex 30.5123 14.452 5
    endloop
  endfacet
  facet normal -0 0 1
    outer loop
      vertex 30.0245 16.9039 5
      vertex 30.5123 14.452 5
      vertex 30.5099 16.9759 5
    endloop
  endfacet
  facet normal 0 0 1
    outer loop
      vertex 30.5123 14.452 5
      vertex 30.0245 16.9039 5
      vertex 30.2743 14.3924 5
    endloop
  endfacet
  facet normal -0 0 1
    outer loop
      vertex 29.5486 16.7847 5
      vertex 30.2743 14.3924 5
      vertex 30.0245 16.9039 5
    endloop
  endfacet
  facet normal 0 0 1
    outer loop
      vertex 30.2743 14.3924 5
      vertex 29.5486 16.7847 5
      vertex 30.0433 14.3097 5
    endloop
  endfacet
  facet normal -0 0 1
    outer loop
      vertex 29.0866 16.6194 5
      vertex 30.0433 14.3097 5
      vertex 29.5486 16.7847 5
    endloop
  endfacet
  facet normal 0 0 1
    outer loop
      vertex 30.0433 14.3097 5
      vertex 29.0866 16.6194 5
      vertex 29.8215 14.2048 5
    endloop
  endfacet
  facet normal -0 0 1
    outer loop
      vertex 28.643 16.4096 5
      vertex 29.8215 14.2048 5
      vertex 29.0866 16.6194 5
    endloop
  endfacet
  facet normal 0 0 1
    outer loop
      vertex 29.8215 14.2048 5
      vertex 28.643 16.4096 5
      vertex 29.6111 14.0787 5
    endloop
  endfacet
  facet normal -0 0 1
    outer loop
      vertex 28.2221 16.1573 5
      vertex 29.6111 14.0787 5
      vertex 28.643 16.4096 5
    endloop
  endfacet
  facet normal 0 0 1
    outer loop
      vertex 29.6111 14.0787 5
      vertex 28.2221 16.1573 5
      vertex 29.414 13.9325 5
    endloop
  endfacet
  facet normal -0 0 1
    outer loop
      vertex 27.828 15.8651 5
      vertex 29.414 13.9325 5
      vertex 28.2221 16.1573 5
    endloop
  endfacet
  facet normal 0 0 1
    outer loop
      vertex 29.414 13.9325 5
      vertex 27.828 15.8651 5
      vertex 29.2322 13.7678 5
    endloop
  endfacet
  facet normal -0 0 1
    outer loop
      vertex 27.4645 15.5355 5
      vertex 29.2322 13.7678 5
      vertex 27.828 15.8651 5
    endloop
  endfacet
  facet normal 0 0 1
    outer loop
      vertex 29.2322 13.7678 5
      vertex 27.4645 15.5355 5
      vertex 29.0675 13.586 5
    endloop
  endfacet
  facet normal -0 0 1
    outer loop
      vertex 27.1349 15.172 5
      vertex 29.0675 13.586 5
      vertex 27.4645 15.5355 5
    endloop
  endfacet
  facet normal 0 0 1
    outer loop
      vertex 29.0675 13.586 5
      vertex 27.1349 15.172 5
      vertex 28.9213 13.3889 5
    endloop
  endfacet
  facet normal -0 0 1
    outer loop
      vertex 26.8427 14.7779 5
      vertex 28.9213 13.3889 5
      vertex 27.1349 15.172 5
    endloop
  endfacet
  facet normal 0 0 1
    outer loop
      vertex 28.9213 13.3889 5
      vertex 26.8427 14.7779 5
      vertex 28.7952 13.1785 5
    endloop
  endfacet
  facet normal -0 0 1
    outer loop
      vertex 26.5904 14.357 5
      vertex 28.7952 13.1785 5
      vertex 26.8427 14.7779 5
    endloop
  endfacet
  facet normal 0 0 1
    outer loop
      vertex 35.4096 9.64302 5
      vertex 33.2048 10.8215 5
      vertex 35.1573 9.22215 5
    endloop
  endfacet
  facet normal -0 0 1
    outer loop
      vertex 33.0787 10.6111 5
      vertex 35.1573 9.22215 5
      vertex 33.2048 10.8215 5
    endloop
  endfacet
  facet normal 0 0 1
    outer loop
      vertex 35.1573 9.22215 5
      vertex 33.0787 10.6111 5
      vertex 34.8651 8.82803 5
    endloop
  endfacet
  facet normal -0 0 1
    outer loop
      vertex 32.9325 10.414 5
      vertex 34.8651 8.82803 5
      vertex 33.0787 10.6111 5
    endloop
  endfacet
  facet normal 0 0 1
    outer loop
      vertex 34.8651 8.82803 5
      vertex 32.9325 10.414 5
      vertex 34.5355 8.46447 5
    endloop
  endfacet
  facet normal -0 0 1
    outer loop
      vertex 32.7678 10.2322 5
      vertex 34.5355 8.46447 5
      vertex 32.9325 10.414 5
    endloop
  endfacet
  facet normal 0 0 1
    outer loop
      vertex 34.5355 8.46447 5
      vertex 32.7678 10.2322 5
      vertex 34.172 8.13495 5
    endloop
  endfacet
  facet normal -0 0 1
    outer loop
      vertex 32.586 10.0675 5
      vertex 34.172 8.13495 5
      vertex 32.7678 10.2322 5
    endloop
  endfacet
  facet normal 0 0 1
    outer loop
      vertex 34.172 8.13495 5
      vertex 32.586 10.0675 5
      vertex 33.7779 7.84265 5
    endloop
  endfacet
  facet normal -0 0 1
    outer loop
      vertex 32.3889 9.92133 5
      vertex 33.7779 7.84265 5
      vertex 32.586 10.0675 5
    endloop
  endfacet
  facet normal 0 0 1
    outer loop
      vertex 33.7779 7.84265 5
      vertex 32.3889 9.92133 5
      vertex 33.357 7.59039 5
    endloop
  endfacet
  facet normal -0 0 1
    outer loop
      vertex 32.1785 9.7952 5
      vertex 33.357 7.59039 5
      vertex 32.3889 9.92133 5
    endloop
  endfacet
  facet normal 0 0 1
    outer loop
      vertex 33.357 7.59039 5
      vertex 32.1785 9.7952 5
      vertex 32.9134 7.3806 5
    endloop
  endfacet
  facet normal -0 0 1
    outer loop
      vertex 31.9567 9.6903 5
      vertex 32.9134 7.3806 5
      vertex 32.1785 9.7952 5
    endloop
  endfacet
  facet normal 0 0 1
    outer loop
      vertex 32.9134 7.3806 5
      vertex 31.9567 9.6903 5
      vertex 32.4514 7.2153 5
    endloop
  endfacet
  facet normal -0 0 1
    outer loop
      vertex 31.7257 9.60765 5
      vertex 32.4514 7.2153 5
      vertex 31.9567 9.6903 5
    endloop
  endfacet
  facet normal 0 0 1
    outer loop
      vertex 32.4514 7.2153 5
      vertex 31.7257 9.60765 5
      vertex 31.9755 7.09607 5
    endloop
  endfacet
  facet normal -0 0 1
    outer loop
      vertex 31.4877 9.54804 5
      vertex 31.9755 7.09607 5
      vertex 31.7257 9.60765 5
    endloop
  endfacet
  facet normal 0 0 1
    outer loop
      vertex 31.9755 7.09607 5
      vertex 31.4877 9.54804 5
      vertex 31.4901 7.02408 5
    endloop
  endfacet
  facet normal -0 0 1
    outer loop
      vertex 31.245 9.51204 5
      vertex 31.4901 7.02408 5
      vertex 31.4877 9.54804 5
    endloop
  endfacet
  facet normal -0 0 1
    outer loop
      vertex 31 9.5 5
      vertex 31.4901 7.02408 5
      vertex 31.245 9.51204 5
    endloop
  endfacet
  facet normal 0 0 1
    outer loop
      vertex 31 9.5 5
      vertex 31 7 5
      vertex 31.4901 7.02408 5
    endloop
  endfacet
  facet normal 0 0 1
    outer loop
      vertex 30.755 9.51204 5
      vertex 31 7 5
      vertex 31 9.5 5
    endloop
  endfacet
  facet normal 0 0 1
    outer loop
      vertex 30.5099 7.02408 5
      vertex 30.755 9.51204 5
      vertex 30.5123 9.54804 5
    endloop
  endfacet
  facet normal 0 0 1
    outer loop
      vertex 30.755 9.51204 5
      vertex 30.5099 7.02408 5
      vertex 31 7 5
    endloop
  endfacet
  facet normal 0 0 1
    outer loop
      vertex 30.0245 7.09607 5
      vertex 30.5123 9.54804 5
      vertex 30.2743 9.60765 5
    endloop
  endfacet
  facet normal 0 0 1
    outer loop
      vertex 29.5486 7.2153 5
      vertex 30.2743 9.60765 5
      vertex 30.0433 9.6903 5
    endloop
  endfacet
  facet normal 0 0 1
    outer loop
      vertex 30.5123 9.54804 5
      vertex 30.0245 7.09607 5
      vertex 30.5099 7.02408 5
    endloop
  endfacet
  facet normal 0 0 1
    outer loop
      vertex 29.0866 7.3806 5
      vertex 30.0433 9.6903 5
      vertex 29.8215 9.7952 5
    endloop
  endfacet
  facet normal 0 0 1
    outer loop
      vertex 28.643 7.59039 5
      vertex 29.8215 9.7952 5
      vertex 29.6111 9.92133 5
    endloop
  endfacet
  facet normal 0 0 1
    outer loop
      vertex 30.2743 9.60765 5
      vertex 29.5486 7.2153 5
      vertex 30.0245 7.09607 5
    endloop
  endfacet
  facet normal 0 0 1
    outer loop
      vertex 28.2221 7.84265 5
      vertex 29.6111 9.92133 5
      vertex 29.414 10.0675 5
    endloop
  endfacet
  facet normal 0 0 1
    outer loop
      vertex 27.828 8.13495 5
      vertex 29.414 10.0675 5
      vertex 29.2322 10.2322 5
    endloop
  endfacet
  facet normal 0 0 1
    outer loop
      vertex 30.0433 9.6903 5
      vertex 29.0866 7.3806 5
      vertex 29.5486 7.2153 5
    endloop
  endfacet
  facet normal 0 0 1
    outer loop
      vertex 27.4645 8.46447 5
      vertex 29.2322 10.2322 5
      vertex 29.0675 10.414 5
    endloop
  endfacet
  facet normal 0 0 1
    outer loop
      vertex 27.1349 8.82803 5
      vertex 29.0675 10.414 5
      vertex 28.9213 10.6111 5
    endloop
  endfacet
  facet normal 0 0 1
    outer loop
      vertex 26.8427 9.22215 5
      vertex 28.9213 10.6111 5
      vertex 28.7952 10.8215 5
    endloop
  endfacet
  facet normal 0 0 1
    outer loop
      vertex 26.5904 9.64302 5
      vertex 28.7952 10.8215 5
      vertex 28.6903 11.0433 5
    endloop
  endfacet
  facet normal 0 0 1
    outer loop
      vertex 29.8215 9.7952 5
      vertex 28.643 7.59039 5
      vertex 29.0866 7.3806 5
    endloop
  endfacet
  facet normal 0 0 1
    outer loop
      vertex 26.3806 10.0866 5
      vertex 28.6903 11.0433 5
      vertex 28.6076 11.2743 5
    endloop
  endfacet
  facet normal 0 0 1
    outer loop
      vertex 26.2153 10.5486 5
      vertex 28.6076 11.2743 5
      vertex 28.548 11.5123 5
    endloop
  endfacet
  facet normal 0 0 1
    outer loop
      vertex 26.0961 11.0245 5
      vertex 28.548 11.5123 5
      vertex 28.512 11.755 5
    endloop
  endfacet
  facet normal 0 0 1
    outer loop
      vertex 26.0241 11.5099 5
      vertex 28.512 11.755 5
      vertex 28.5 12 5
    endloop
  endfacet
  facet normal 0 0 1
    outer loop
      vertex 28.7952 13.1785 5
      vertex 26.5904 14.357 5
      vertex 28.6903 12.9567 5
    endloop
  endfacet
  facet normal 0 0 1
    outer loop
      vertex 29.6111 9.92133 5
      vertex 28.2221 7.84265 5
      vertex 28.643 7.59039 5
    endloop
  endfacet
  facet normal -0 0 1
    outer loop
      vertex 26.3806 13.9134 5
      vertex 28.6903 12.9567 5
      vertex 26.5904 14.357 5
    endloop
  endfacet
  facet normal 0 0 1
    outer loop
      vertex 29.414 10.0675 5
      vertex 27.828 8.13495 5
      vertex 28.2221 7.84265 5
    endloop
  endfacet
  facet normal 0 0 1
    outer loop
      vertex 28.6903 12.9567 5
      vertex 26.3806 13.9134 5
      vertex 28.6076 12.7257 5
    endloop
  endfacet
  facet normal 0 0 1
    outer loop
      vertex 29.2322 10.2322 5
      vertex 27.4645 8.46447 5
      vertex 27.828 8.13495 5
    endloop
  endfacet
  facet normal -0 0 1
    outer loop
      vertex 26.2153 13.4514 5
      vertex 28.6076 12.7257 5
      vertex 26.3806 13.9134 5
    endloop
  endfacet
  facet normal 0 0 1
    outer loop
      vertex 29.0675 10.414 5
      vertex 27.1349 8.82803 5
      vertex 27.4645 8.46447 5
    endloop
  endfacet
  facet normal 0 0 1
    outer loop
      vertex 28.6076 12.7257 5
      vertex 26.2153 13.4514 5
      vertex 28.548 12.4877 5
    endloop
  endfacet
  facet normal 0 0 1
    outer loop
      vertex 28.9213 10.6111 5
      vertex 26.8427 9.22215 5
      vertex 27.1349 8.82803 5
    endloop
  endfacet
  facet normal -0 0 1
    outer loop
      vertex 26.0961 12.9755 5
      vertex 28.548 12.4877 5
      vertex 26.2153 13.4514 5
    endloop
  endfacet
  facet normal 0 0 1
    outer loop
      vertex 28.7952 10.8215 5
      vertex 26.5904 9.64302 5
      vertex 26.8427 9.22215 5
    endloop
  endfacet
  facet normal 0 0 1
    outer loop
      vertex 28.548 12.4877 5
      vertex 26.0961 12.9755 5
      vertex 28.512 12.245 5
    endloop
  endfacet
  facet normal 0 0 1
    outer loop
      vertex 28.6903 11.0433 5
      vertex 26.3806 10.0866 5
      vertex 26.5904 9.64302 5
    endloop
  endfacet
  facet normal -0 0 1
    outer loop
      vertex 26.0241 12.4901 5
      vertex 28.512 12.245 5
      vertex 26.0961 12.9755 5
    endloop
  endfacet
  facet normal 0 0 1
    outer loop
      vertex 28.6076 11.2743 5
      vertex 26.2153 10.5486 5
      vertex 26.3806 10.0866 5
    endloop
  endfacet
  facet normal 0 0 1
    outer loop
      vertex 28.512 12.245 5
      vertex 26.0241 12.4901 5
      vertex 28.5 12 5
    endloop
  endfacet
  facet normal 0 0 1
    outer loop
      vertex 28.548 11.5123 5
      vertex 26.0961 11.0245 5
      vertex 26.2153 10.5486 5
    endloop
  endfacet
  facet normal 0 0 1
    outer loop
      vertex 26 12 5
      vertex 28.5 12 5
      vertex 26.0241 12.4901 5
    endloop
  endfacet
  facet normal 0 0 1
    outer loop
      vertex 28.512 11.755 5
      vertex 26.0241 11.5099 5
      vertex 26.0961 11.0245 5
    endloop
  endfacet
  facet normal 0 0 1
    outer loop
      vertex 28.5 12 5
      vertex 26 12 5
      vertex 26.0241 11.5099 5
    endloop
  endfacet
  facet normal 0.595588 0.80329 -0
    outer loop
      vertex 34.172 15.8651 3.2
      vertex 33.7779 16.1573 5
      vertex 34.172 15.8651 5
    endloop
  endfacet
  facet normal 0.595588 0.80329 0
    outer loop
      vertex 33.7779 16.1573 5
      vertex 34.172 15.8651 3.2
      vertex 33.7779 16.1573 3.2
    endloop
  endfacet
  facet normal -0.514076 -0.857745 0
    outer loop
      vertex 28.2221 7.84265 3.2
      vertex 28.643 7.59039 5
      vertex 28.2221 7.84265 5
    endloop
  endfacet
  facet normal -0.514076 -0.857745 -0
    outer loop
      vertex 28.643 7.59039 5
      vertex 28.2221 7.84265 3.2
      vertex 28.643 7.59039 3.2
    endloop
  endfacet
  facet normal 0.514136 0.857709 -0
    outer loop
      vertex 33.7779 16.1573 3.2
      vertex 33.357 16.4096 5
      vertex 33.7779 16.1573 5
    endloop
  endfacet
  facet normal 0.514136 0.857709 0
    outer loop
      vertex 33.357 16.4096 5
      vertex 33.7779 16.1573 3.2
      vertex 33.357 16.4096 3.2
    endloop
  endfacet
  facet normal 0.146706 -0.98918 0
    outer loop
      vertex 31.4901 7.02408 3.2
      vertex 31.9755 7.09607 5
      vertex 31.4901 7.02408 5
    endloop
  endfacet
  facet normal 0.146706 -0.98918 0
    outer loop
      vertex 31.9755 7.09607 5
      vertex 31.4901 7.02408 3.2
      vertex 31.9755 7.09607 3.2
    endloop
  endfacet
  facet normal 0.941548 0.336879 0
    outer loop
      vertex 35.7847 13.4514 5
      vertex 35.6194 13.9134 3.2
      vertex 35.6194 13.9134 5
    endloop
  endfacet
  facet normal 0.941548 0.336879 0
    outer loop
      vertex 35.6194 13.9134 3.2
      vertex 35.7847 13.4514 5
      vertex 35.7847 13.4514 3.2
    endloop
  endfacet
  facet normal 0.857692 -0.514163 0
    outer loop
      vertex 35.1573 9.22215 5
      vertex 35.4096 9.64302 3.2
      vertex 35.4096 9.64302 5
    endloop
  endfacet
  facet normal 0.857692 -0.514163 0
    outer loop
      vertex 35.4096 9.64302 3.2
      vertex 35.1573 9.22215 5
      vertex 35.1573 9.22215 3.2
    endloop
  endfacet
  facet normal -0.998793 -0.0491143 0
    outer loop
      vertex 26.0241 11.5099 3.2
      vertex 26 12 5
      vertex 26 12 3.2
    endloop
  endfacet
  facet normal -0.998793 -0.0491143 0
    outer loop
      vertex 26 12 5
      vertex 26.0241 11.5099 3.2
      vertex 26.0241 11.5099 5
    endloop
  endfacet
  facet normal 0.941548 -0.336879 0
    outer loop
      vertex 35.6194 10.0866 5
      vertex 35.7847 10.5486 3.2
      vertex 35.7847 10.5486 5
    endloop
  endfacet
  facet normal 0.941548 -0.336879 0
    outer loop
      vertex 35.7847 10.5486 3.2
      vertex 35.6194 10.0866 5
      vertex 35.6194 10.0866 3.2
    endloop
  endfacet
  facet normal -0.146726 0.989177 0
    outer loop
      vertex 30.5099 16.9759 3.2
      vertex 30.0245 16.9039 5
      vertex 30.5099 16.9759 5
    endloop
  endfacet
  facet normal -0.146726 0.989177 0
    outer loop
      vertex 30.0245 16.9039 5
      vertex 30.5099 16.9759 3.2
      vertex 30.0245 16.9039 3.2
    endloop
  endfacet
  facet normal 0.740806 0.671719 0
    outer loop
      vertex 34.8651 15.172 5
      vertex 34.5355 15.5355 3.2
      vertex 34.5355 15.5355 5
    endloop
  endfacet
  facet normal 0.740806 0.671719 0
    outer loop
      vertex 34.5355 15.5355 3.2
      vertex 34.8651 15.172 5
      vertex 34.8651 15.172 3.2
    endloop
  endfacet
  facet normal 0.0491143 0.998793 -0
    outer loop
      vertex 31.4901 16.9759 3.2
      vertex 31 17 5
      vertex 31.4901 16.9759 5
    endloop
  endfacet
  facet normal 0.0491143 0.998793 0
    outer loop
      vertex 31 17 5
      vertex 31.4901 16.9759 3.2
      vertex 31 17 3.2
    endloop
  endfacet
  facet normal 0.903995 0.427543 0
    outer loop
      vertex 35.6194 13.9134 5
      vertex 35.4096 14.357 3.2
      vertex 35.4096 14.357 5
    endloop
  endfacet
  facet normal 0.903995 0.427543 0
    outer loop
      vertex 35.4096 14.357 3.2
      vertex 35.6194 13.9134 5
      vertex 35.6194 13.9134 3.2
    endloop
  endfacet
  facet normal -0.146706 -0.98918 0
    outer loop
      vertex 30.0245 7.09607 3.2
      vertex 30.5099 7.02408 5
      vertex 30.0245 7.09607 5
    endloop
  endfacet
  facet normal -0.146706 -0.98918 -0
    outer loop
      vertex 30.5099 7.02408 5
      vertex 30.0245 7.09607 3.2
      vertex 30.5099 7.02408 3.2
    endloop
  endfacet
  facet normal 0.671629 -0.740887 0
    outer loop
      vertex 34.172 8.13495 3.2
      vertex 34.5355 8.46447 5
      vertex 34.172 8.13495 5
    endloop
  endfacet
  facet normal 0.671629 -0.740887 0
    outer loop
      vertex 34.5355 8.46447 5
      vertex 34.172 8.13495 3.2
      vertex 34.5355 8.46447 3.2
    endloop
  endfacet
  facet normal -0.0490736 -0.998795 0
    outer loop
      vertex 30.5099 7.02408 3.2
      vertex 31 7 5
      vertex 30.5099 7.02408 5
    endloop
  endfacet
  facet normal -0.0490736 -0.998795 -0
    outer loop
      vertex 31 7 5
      vertex 30.5099 7.02408 3.2
      vertex 31 7 3.2
    endloop
  endfacet
  facet normal -0.740806 0.671719 0
    outer loop
      vertex 27.1349 15.172 3.2
      vertex 27.4645 15.5355 5
      vertex 27.4645 15.5355 3.2
    endloop
  endfacet
  facet normal -0.740806 0.671719 0
    outer loop
      vertex 27.4645 15.5355 5
      vertex 27.1349 15.172 3.2
      vertex 27.1349 15.172 5
    endloop
  endfacet
  facet normal -0.903995 0.427543 0
    outer loop
      vertex 26.3806 13.9134 3.2
      vertex 26.5904 14.357 5
      vertex 26.5904 14.357 3.2
    endloop
  endfacet
  facet normal -0.903995 0.427543 0
    outer loop
      vertex 26.5904 14.357 5
      vertex 26.3806 13.9134 3.2
      vertex 26.3806 13.9134 5
    endloop
  endfacet
  facet normal -0.671629 -0.740887 0
    outer loop
      vertex 27.4645 8.46447 3.2
      vertex 27.828 8.13495 5
      vertex 27.4645 8.46447 5
    endloop
  endfacet
  facet normal -0.671629 -0.740887 -0
    outer loop
      vertex 27.828 8.13495 5
      vertex 27.4645 8.46447 3.2
      vertex 27.828 8.13495 3.2
    endloop
  endfacet
  facet normal -0.970034 0.242967 0
    outer loop
      vertex 26.0961 12.9755 3.2
      vertex 26.2153 13.4514 5
      vertex 26.2153 13.4514 3.2
    endloop
  endfacet
  facet normal -0.970034 0.242967 0
    outer loop
      vertex 26.2153 13.4514 5
      vertex 26.0961 12.9755 3.2
      vertex 26.0961 12.9755 5
    endloop
  endfacet
  facet normal 0.242967 0.970034 -0
    outer loop
      vertex 32.4514 16.7847 3.2
      vertex 31.9755 16.9039 5
      vertex 32.4514 16.7847 5
    endloop
  endfacet
  facet normal 0.242967 0.970034 0
    outer loop
      vertex 31.9755 16.9039 5
      vertex 32.4514 16.7847 3.2
      vertex 31.9755 16.9039 3.2
    endloop
  endfacet
  facet normal -0.970034 -0.242967 0
    outer loop
      vertex 26.2153 10.5486 3.2
      vertex 26.0961 11.0245 5
      vertex 26.0961 11.0245 3.2
    endloop
  endfacet
  facet normal -0.970034 -0.242967 0
    outer loop
      vertex 26.0961 11.0245 5
      vertex 26.2153 10.5486 3.2
      vertex 26.2153 10.5486 5
    endloop
  endfacet
  facet normal -0.427526 -0.904003 0
    outer loop
      vertex 28.643 7.59039 3.2
      vertex 29.0866 7.3806 5
      vertex 28.643 7.59039 5
    endloop
  endfacet
  facet normal -0.427526 -0.904003 -0
    outer loop
      vertex 29.0866 7.3806 5
      vertex 28.643 7.59039 3.2
      vertex 29.0866 7.3806 3.2
    endloop
  endfacet
  facet normal -0.740861 -0.671658 0
    outer loop
      vertex 27.4645 8.46447 3.2
      vertex 27.1349 8.82803 5
      vertex 27.1349 8.82803 3.2
    endloop
  endfacet
  facet normal -0.740861 -0.671658 0
    outer loop
      vertex 27.1349 8.82803 5
      vertex 27.4645 8.46447 3.2
      vertex 27.4645 8.46447 5
    endloop
  endfacet
  facet normal 0.427526 -0.904003 0
    outer loop
      vertex 32.9134 7.3806 3.2
      vertex 33.357 7.59039 5
      vertex 32.9134 7.3806 5
    endloop
  endfacet
  facet normal 0.427526 -0.904003 0
    outer loop
      vertex 33.357 7.59039 5
      vertex 32.9134 7.3806 3.2
      vertex 33.357 7.59039 3.2
    endloop
  endfacet
  facet normal 0.0490736 -0.998795 0
    outer loop
      vertex 31 7 3.2
      vertex 31.4901 7.02408 5
      vertex 31 7 5
    endloop
  endfacet
  facet normal 0.0490736 -0.998795 0
    outer loop
      vertex 31.4901 7.02408 5
      vertex 31 7 3.2
      vertex 31.4901 7.02408 3.2
    endloop
  endfacet
  facet normal -0.989177 -0.146726 0
    outer loop
      vertex 26.0961 11.0245 3.2
      vertex 26.0241 11.5099 5
      vertex 26.0241 11.5099 3.2
    endloop
  endfacet
  facet normal -0.989177 -0.146726 0
    outer loop
      vertex 26.0241 11.5099 5
      vertex 26.0961 11.0245 3.2
      vertex 26.0961 11.0245 5
    endloop
  endfacet
  facet normal 0.59572 -0.803192 0
    outer loop
      vertex 33.7779 7.84265 3.2
      vertex 34.172 8.13495 5
      vertex 33.7779 7.84265 5
    endloop
  endfacet
  facet normal 0.59572 -0.803192 0
    outer loop
      vertex 34.172 8.13495 5
      vertex 33.7779 7.84265 3.2
      vertex 34.172 8.13495 3.2
    endloop
  endfacet
  facet normal -0.803304 -0.595569 0
    outer loop
      vertex 27.1349 8.82803 3.2
      vertex 26.8427 9.22215 5
      vertex 26.8427 9.22215 3.2
    endloop
  endfacet
  facet normal -0.803304 -0.595569 0
    outer loop
      vertex 26.8427 9.22215 5
      vertex 27.1349 8.82803 3.2
      vertex 27.1349 8.82803 5
    endloop
  endfacet
  facet normal -0.998793 0.0491143 0
    outer loop
      vertex 26 12 3.2
      vertex 26.0241 12.4901 5
      vertex 26.0241 12.4901 3.2
    endloop
  endfacet
  facet normal -0.998793 0.0491143 0
    outer loop
      vertex 26.0241 12.4901 5
      vertex 26 12 3.2
      vertex 26 12 5
    endloop
  endfacet
  facet normal 0.740861 -0.671658 0
    outer loop
      vertex 34.5355 8.46447 5
      vertex 34.8651 8.82803 3.2
      vertex 34.8651 8.82803 5
    endloop
  endfacet
  facet normal 0.740861 -0.671658 0
    outer loop
      vertex 34.8651 8.82803 3.2
      vertex 34.5355 8.46447 5
      vertex 34.5355 8.46447 3.2
    endloop
  endfacet
  facet normal -0.336879 -0.941548 0
    outer loop
      vertex 29.0866 20.3806 3.2
      vertex 29.5486 20.2153 5
      vertex 29.0866 20.3806 5
    endloop
  endfacet
  facet normal -0.336879 -0.941548 -0
    outer loop
      vertex 29.5486 20.2153 5
      vertex 29.0866 20.3806 3.2
      vertex 29.5486 20.2153 3.2
    endloop
  endfacet
  facet normal 0.989177 0.146726 0
    outer loop
      vertex 35.9759 25.4901 5
      vertex 35.9039 25.9755 2.2
      vertex 35.9039 25.9755 5
    endloop
  endfacet
  facet normal 0.989177 0.146726 0
    outer loop
      vertex 35.9039 25.9755 2.2
      vertex 35.9759 25.4901 5
      vertex 35.9759 25.4901 2.2
    endloop
  endfacet
  facet normal 0.998793 0.0491143 0
    outer loop
      vertex 36 25 5
      vertex 35.9759 25.4901 2.2
      vertex 35.9759 25.4901 5
    endloop
  endfacet
  facet normal 0.998793 0.0491143 0
    outer loop
      vertex 35.9759 25.4901 2.2
      vertex 36 25 5
      vertex 36 25 2.2
    endloop
  endfacet
  facet normal 0.970034 0.242967 0
    outer loop
      vertex 35.9039 25.9755 5
      vertex 35.7847 26.4514 2.2
      vertex 35.7847 26.4514 5
    endloop
  endfacet
  facet normal 0.970034 0.242967 0
    outer loop
      vertex 35.7847 26.4514 2.2
      vertex 35.9039 25.9755 5
      vertex 35.9039 25.9755 2.2
    endloop
  endfacet
  facet normal -0.989177 0.146726 0
    outer loop
      vertex 26.0241 25.4901 2.2
      vertex 26.0961 25.9755 5
      vertex 26.0961 25.9755 2.2
    endloop
  endfacet
  facet normal -0.989177 0.146726 0
    outer loop
      vertex 26.0961 25.9755 5
      vertex 26.0241 25.4901 2.2
      vertex 26.0241 25.4901 5
    endloop
  endfacet
  facet normal -0.242967 -0.970034 0
    outer loop
      vertex 29.5486 20.2153 3.2
      vertex 30.0245 20.0961 5
      vertex 29.5486 20.2153 5
    endloop
  endfacet
  facet normal -0.242967 -0.970034 -0
    outer loop
      vertex 30.0245 20.0961 5
      vertex 29.5486 20.2153 3.2
      vertex 30.0245 20.0961 3.2
    endloop
  endfacet
  facet normal 0.336879 0.941548 -0
    outer loop
      vertex 32.9134 29.6194 2.2
      vertex 32.4514 29.7847 5
      vertex 32.9134 29.6194 5
    endloop
  endfacet
  facet normal 0.336879 0.941548 0
    outer loop
      vertex 32.4514 29.7847 5
      vertex 32.9134 29.6194 2.2
      vertex 32.4514 29.7847 2.2
    endloop
  endfacet
  facet normal -0.514136 0.857709 0
    outer loop
      vertex 28.643 29.4096 2.2
      vertex 28.2221 29.1573 5
      vertex 28.643 29.4096 5
    endloop
  endfacet
  facet normal -0.514136 0.857709 0
    outer loop
      vertex 28.2221 29.1573 5
      vertex 28.643 29.4096 2.2
      vertex 28.2221 29.1573 2.2
    endloop
  endfacet
  facet normal -0.242967 0.970034 0
    outer loop
      vertex 30.0245 29.9039 2.2
      vertex 29.5486 29.7847 5
      vertex 30.0245 29.9039 5
    endloop
  endfacet
  facet normal -0.242967 0.970034 0
    outer loop
      vertex 29.5486 29.7847 5
      vertex 30.0245 29.9039 2.2
      vertex 29.5486 29.7847 2.2
    endloop
  endfacet
  facet normal -0.857687 -0.514172 0
    outer loop
      vertex 26.8427 22.2221 3.2
      vertex 26.796 22.3 5
      vertex 26.796 22.3 3.2
    endloop
  endfacet
  facet normal -0.857687 -0.514172 0
    outer loop
      vertex 26.796 22.3 5
      vertex 26.8427 22.2221 3.2
      vertex 26.8427 22.2221 5
    endloop
  endfacet
  facet normal 0.242967 -0.970034 0
    outer loop
      vertex 31.9755 20.0961 3.2
      vertex 32.4514 20.2153 5
      vertex 31.9755 20.0961 5
    endloop
  endfacet
  facet normal 0.242967 -0.970034 0
    outer loop
      vertex 32.4514 20.2153 5
      vertex 31.9755 20.0961 3.2
      vertex 32.4514 20.2153 3.2
    endloop
  endfacet
  facet normal -0.595588 -0.80329 0
    outer loop
      vertex 27.828 21.1349 3.2
      vertex 28.2221 20.8427 5
      vertex 27.828 21.1349 5
    endloop
  endfacet
  facet normal -0.595588 -0.80329 -0
    outer loop
      vertex 28.2221 20.8427 5
      vertex 27.828 21.1349 3.2
      vertex 28.2221 20.8427 3.2
    endloop
  endfacet
  facet normal 0.514136 -0.857709 0
    outer loop
      vertex 33.357 20.5904 3.2
      vertex 33.7779 20.8427 5
      vertex 33.357 20.5904 5
    endloop
  endfacet
  facet normal 0.514136 -0.857709 0
    outer loop
      vertex 33.7779 20.8427 5
      vertex 33.357 20.5904 3.2
      vertex 33.7779 20.8427 3.2
    endloop
  endfacet
  facet normal 0.80329 -0.595588 0
    outer loop
      vertex 34.8651 21.828 5
      vertex 35.1573 22.2221 3.2
      vertex 35.1573 22.2221 5
    endloop
  endfacet
  facet normal 0.80329 -0.595588 0
    outer loop
      vertex 35.1573 22.2221 3.2
      vertex 34.8651 21.828 5
      vertex 34.8651 21.828 3.2
    endloop
  endfacet
  facet normal 0.146726 0.989177 -0
    outer loop
      vertex 31.9755 29.9039 2.2
      vertex 31.4901 29.9759 5
      vertex 31.9755 29.9039 5
    endloop
  endfacet
  facet normal 0.146726 0.989177 0
    outer loop
      vertex 31.4901 29.9759 5
      vertex 31.9755 29.9039 2.2
      vertex 31.4901 29.9759 2.2
    endloop
  endfacet
  facet normal -0.595588 0.80329 0
    outer loop
      vertex 28.2221 29.1573 2.2
      vertex 27.828 28.8651 5
      vertex 28.2221 29.1573 5
    endloop
  endfacet
  facet normal -0.595588 0.80329 0
    outer loop
      vertex 27.828 28.8651 5
      vertex 28.2221 29.1573 2.2
      vertex 27.828 28.8651 2.2
    endloop
  endfacet
  facet normal -0.80329 0.595588 0
    outer loop
      vertex 26.8427 27.7779 2.2
      vertex 27.1349 28.172 5
      vertex 27.1349 28.172 2.2
    endloop
  endfacet
  facet normal -0.80329 0.595588 0
    outer loop
      vertex 27.1349 28.172 5
      vertex 26.8427 27.7779 2.2
      vertex 26.8427 27.7779 5
    endloop
  endfacet
  facet normal 0.989177 -0.146726 0
    outer loop
      vertex 35.9039 24.0245 5
      vertex 35.9759 24.5099 2.2
      vertex 35.9759 24.5099 5
    endloop
  endfacet
  facet normal 0.989177 -0.146726 0
    outer loop
      vertex 35.9759 24.5099 2.2
      vertex 35.9039 24.0245 5
      vertex 35.9039 24.0245 2.2
    endloop
  endfacet
  facet normal -0.941548 0.336879 0
    outer loop
      vertex 26.2153 26.4514 2.2
      vertex 26.3806 26.9134 5
      vertex 26.3806 26.9134 2.2
    endloop
  endfacet
  facet normal -0.941548 0.336879 0
    outer loop
      vertex 26.3806 26.9134 5
      vertex 26.2153 26.4514 2.2
      vertex 26.2153 26.4514 5
    endloop
  endfacet
  facet normal 0.427543 0.903995 -0
    outer loop
      vertex 33.357 29.4096 2.2
      vertex 32.9134 29.6194 5
      vertex 33.357 29.4096 5
    endloop
  endfacet
  facet normal 0.427543 0.903995 0
    outer loop
      vertex 32.9134 29.6194 5
      vertex 33.357 29.4096 2.2
      vertex 32.9134 29.6194 2.2
    endloop
  endfacet
  facet normal 0.970066 -0.242841 0
    outer loop
      vertex 35.8477 23.8 5
      vertex 35.9039 24.0245 2.2
      vertex 35.9039 24.0245 5
    endloop
  endfacet
  facet normal 0.970066 -0.242841 0
    outer loop
      vertex 35.9039 24.0245 2.2
      vertex 35.8477 23.8 5
      vertex 35.8477 23.8 2.2
    endloop
  endfacet
  facet normal -0.0491143 0.998793 0
    outer loop
      vertex 31 30 2.2
      vertex 30.5099 29.9759 5
      vertex 31 30 5
    endloop
  endfacet
  facet normal -0.0491143 0.998793 0
    outer loop
      vertex 30.5099 29.9759 5
      vertex 31 30 2.2
      vertex 30.5099 29.9759 2.2
    endloop
  endfacet
  facet normal -0.427543 0.903995 0
    outer loop
      vertex 29.0866 29.6194 2.2
      vertex 28.643 29.4096 5
      vertex 29.0866 29.6194 5
    endloop
  endfacet
  facet normal -0.427543 0.903995 0
    outer loop
      vertex 28.643 29.4096 5
      vertex 29.0866 29.6194 2.2
      vertex 28.643 29.4096 2.2
    endloop
  endfacet
  facet normal -0.671719 0.740806 0
    outer loop
      vertex 27.828 28.8651 2.2
      vertex 27.4645 28.5355 5
      vertex 27.828 28.8651 5
    endloop
  endfacet
  facet normal -0.671719 0.740806 0
    outer loop
      vertex 27.4645 28.5355 5
      vertex 27.828 28.8651 2.2
      vertex 27.4645 28.5355 2.2
    endloop
  endfacet
  facet normal 0.336879 -0.941548 0
    outer loop
      vertex 32.4514 20.2153 3.2
      vertex 32.9134 20.3806 5
      vertex 32.4514 20.2153 5
    endloop
  endfacet
  facet normal 0.336879 -0.941548 0
    outer loop
      vertex 32.9134 20.3806 5
      vertex 32.4514 20.2153 3.2
      vertex 32.9134 20.3806 3.2
    endloop
  endfacet
  facet normal -0.336879 0.941548 0
    outer loop
      vertex 29.5486 29.7847 2.2
      vertex 29.0866 29.6194 5
      vertex 29.5486 29.7847 5
    endloop
  endfacet
  facet normal -0.336879 0.941548 0
    outer loop
      vertex 29.0866 29.6194 5
      vertex 29.5486 29.7847 2.2
      vertex 29.0866 29.6194 2.2
    endloop
  endfacet
  facet normal 0.80329 0.595588 0
    outer loop
      vertex 35.1573 27.7779 5
      vertex 34.8651 28.172 2.2
      vertex 34.8651 28.172 5
    endloop
  endfacet
  facet normal 0.80329 0.595588 0
    outer loop
      vertex 34.8651 28.172 2.2
      vertex 35.1573 27.7779 5
      vertex 35.1573 27.7779 2.2
    endloop
  endfacet
  facet normal -0.857709 0.514136 0
    outer loop
      vertex 26.5904 27.357 2.2
      vertex 26.8427 27.7779 5
      vertex 26.8427 27.7779 2.2
    endloop
  endfacet
  facet normal -0.857709 0.514136 0
    outer loop
      vertex 26.8427 27.7779 5
      vertex 26.5904 27.357 2.2
      vertex 26.5904 27.357 5
    endloop
  endfacet
  facet normal 0.998793 -0.0491143 0
    outer loop
      vertex 35.9759 24.5099 5
      vertex 36 25 2.2
      vertex 36 25 5
    endloop
  endfacet
  facet normal 0.998793 -0.0491143 0
    outer loop
      vertex 36 25 2.2
      vertex 35.9759 24.5099 5
      vertex 35.9759 24.5099 2.2
    endloop
  endfacet
  facet normal 0.857709 0.514136 0
    outer loop
      vertex 35.4096 27.357 5
      vertex 35.1573 27.7779 2.2
      vertex 35.1573 27.7779 5
    endloop
  endfacet
  facet normal 0.857709 0.514136 0
    outer loop
      vertex 35.1573 27.7779 2.2
      vertex 35.4096 27.357 5
      vertex 35.4096 27.357 2.2
    endloop
  endfacet
  facet normal 0 0 1
    outer loop
      vertex 35.204 22.3 5
      vertex 34.8651 21.828 5
      vertex 35.1573 22.2221 5
    endloop
  endfacet
  facet normal 0 0 1
    outer loop
      vertex 35.204 22.3 5
      vertex 34.5355 21.4645 5
      vertex 34.8651 21.828 5
    endloop
  endfacet
  facet normal 0 0 1
    outer loop
      vertex 35.204 22.3 5
      vertex 34.172 21.1349 5
      vertex 34.5355 21.4645 5
    endloop
  endfacet
  facet normal 0 0 1
    outer loop
      vertex 35.204 22.3 5
      vertex 33.7779 20.8427 5
      vertex 34.172 21.1349 5
    endloop
  endfacet
  facet normal 0 0 1
    outer loop
      vertex 35.204 22.3 5
      vertex 33.357 20.5904 5
      vertex 33.7779 20.8427 5
    endloop
  endfacet
  facet normal 0 0 1
    outer loop
      vertex 35.204 22.3 5
      vertex 32.9134 20.3806 5
      vertex 33.357 20.5904 5
    endloop
  endfacet
  facet normal 0 0 1
    outer loop
      vertex 35.204 22.3 5
      vertex 32.4514 20.2153 5
      vertex 32.9134 20.3806 5
    endloop
  endfacet
  facet normal 0 0 1
    outer loop
      vertex 35.204 22.3 5
      vertex 31.9755 20.0961 5
      vertex 32.4514 20.2153 5
    endloop
  endfacet
  facet normal 0 0 1
    outer loop
      vertex 35.204 22.3 5
      vertex 31.4901 20.0241 5
      vertex 31.9755 20.0961 5
    endloop
  endfacet
  facet normal 0 0 1
    outer loop
      vertex 35.204 22.3 5
      vertex 31 20 5
      vertex 31.4901 20.0241 5
    endloop
  endfacet
  facet normal 0 0 1
    outer loop
      vertex 35.204 22.3 5
      vertex 30.5099 20.0241 5
      vertex 31 20 5
    endloop
  endfacet
  facet normal 0 0 1
    outer loop
      vertex 35.204 22.3 5
      vertex 30.0245 20.0961 5
      vertex 30.5099 20.0241 5
    endloop
  endfacet
  facet normal 0 0 1
    outer loop
      vertex 35.204 22.3 5
      vertex 29.5486 20.2153 5
      vertex 30.0245 20.0961 5
    endloop
  endfacet
  facet normal 0 0 1
    outer loop
      vertex 35.204 22.3 5
      vertex 29.0866 20.3806 5
      vertex 29.5486 20.2153 5
    endloop
  endfacet
  facet normal 0 0 1
    outer loop
      vertex 35.204 22.3 5
      vertex 28.643 20.5904 5
      vertex 29.0866 20.3806 5
    endloop
  endfacet
  facet normal 0 0 1
    outer loop
      vertex 35.204 22.3 5
      vertex 28.2221 20.8427 5
      vertex 28.643 20.5904 5
    endloop
  endfacet
  facet normal 0 0 1
    outer loop
      vertex 35.204 22.3 5
      vertex 27.828 21.1349 5
      vertex 28.2221 20.8427 5
    endloop
  endfacet
  facet normal 0 0 1
    outer loop
      vertex 35.204 22.3 5
      vertex 27.4645 21.4645 5
      vertex 27.828 21.1349 5
    endloop
  endfacet
  facet normal 0 0 1
    outer loop
      vertex 35.204 22.3 5
      vertex 27.1349 21.828 5
      vertex 27.4645 21.4645 5
    endloop
  endfacet
  facet normal -0 0 1
    outer loop
      vertex 26.796 22.3 5
      vertex 27.1349 21.828 5
      vertex 35.204 22.3 5
    endloop
  endfacet
  facet normal 0 0 1
    outer loop
      vertex 27.1349 21.828 5
      vertex 26.796 22.3 5
      vertex 26.8427 22.2221 5
    endloop
  endfacet
  facet normal 0 0 1
    outer loop
      vertex 35.9759 25.4901 5
      vertex 33.488 25.245 5
      vertex 33.5 25 5
    endloop
  endfacet
  facet normal 0 0 1
    outer loop
      vertex 34.172 28.8651 5
      vertex 33.452 25.4877 5
      vertex 33.488 25.245 5
    endloop
  endfacet
  facet normal 0 0 1
    outer loop
      vertex 34.172 28.8651 5
      vertex 33.3923 25.7257 5
      vertex 33.452 25.4877 5
    endloop
  endfacet
  facet normal 0 0 1
    outer loop
      vertex 32.3889 27.0787 5
      vertex 33.7779 29.1573 5
      vertex 33.357 29.4096 5
    endloop
  endfacet
  facet normal 0 0 1
    outer loop
      vertex 34.172 28.8651 5
      vertex 33.3097 25.9567 5
      vertex 33.3923 25.7257 5
    endloop
  endfacet
  facet normal 0 0 1
    outer loop
      vertex 34.172 28.8651 5
      vertex 33.2048 26.1785 5
      vertex 33.3097 25.9567 5
    endloop
  endfacet
  facet normal 0 0 1
    outer loop
      vertex 34.172 28.8651 5
      vertex 33.0787 26.3889 5
      vertex 33.2048 26.1785 5
    endloop
  endfacet
  facet normal 0 0 1
    outer loop
      vertex 34.172 28.8651 5
      vertex 32.9325 26.586 5
      vertex 33.0787 26.3889 5
    endloop
  endfacet
  facet normal 0 0 1
    outer loop
      vertex 32.1785 27.2048 5
      vertex 33.357 29.4096 5
      vertex 32.9134 29.6194 5
    endloop
  endfacet
  facet normal 0 0 1
    outer loop
      vertex 34.172 28.8651 5
      vertex 32.7678 26.7678 5
      vertex 32.9325 26.586 5
    endloop
  endfacet
  facet normal 0 0 1
    outer loop
      vertex 34.172 28.8651 5
      vertex 32.586 26.9325 5
      vertex 32.7678 26.7678 5
    endloop
  endfacet
  facet normal 0 0 1
    outer loop
      vertex 31.9567 27.3097 5
      vertex 32.9134 29.6194 5
      vertex 32.4514 29.7847 5
    endloop
  endfacet
  facet normal 0 0 1
    outer loop
      vertex 33.7779 29.1573 5
      vertex 32.3889 27.0787 5
      vertex 32.586 26.9325 5
    endloop
  endfacet
  facet normal 0 0 1
    outer loop
      vertex 33.357 29.4096 5
      vertex 32.1785 27.2048 5
      vertex 32.3889 27.0787 5
    endloop
  endfacet
  facet normal 0 0 1
    outer loop
      vertex 31.7257 27.3923 5
      vertex 32.4514 29.7847 5
      vertex 31.9755 29.9039 5
    endloop
  endfacet
  facet normal 0 0 1
    outer loop
      vertex 32.9134 29.6194 5
      vertex 31.9567 27.3097 5
      vertex 32.1785 27.2048 5
    endloop
  endfacet
  facet normal 0 0 1
    outer loop
      vertex 32.4514 29.7847 5
      vertex 31.7257 27.3923 5
      vertex 31.9567 27.3097 5
    endloop
  endfacet
  facet normal 0 0 1
    outer loop
      vertex 31.4877 27.452 5
      vertex 31.9755 29.9039 5
      vertex 31.4901 29.9759 5
    endloop
  endfacet
  facet normal 0 0 1
    outer loop
      vertex 31.9755 29.9039 5
      vertex 31.4877 27.452 5
      vertex 31.7257 27.3923 5
    endloop
  endfacet
  facet normal 0 0 1
    outer loop
      vertex 31.4901 29.9759 5
      vertex 31.245 27.488 5
      vertex 31.4877 27.452 5
    endloop
  endfacet
  facet normal 0 0 1
    outer loop
      vertex 31 30 5
      vertex 31.245 27.488 5
      vertex 31.4901 29.9759 5
    endloop
  endfacet
  facet normal 0 0 1
    outer loop
      vertex 31 30 5
      vertex 31 27.5 5
      vertex 31.245 27.488 5
    endloop
  endfacet
  facet normal 0 0 1
    outer loop
      vertex 31 30 5
      vertex 30.755 27.488 5
      vertex 31 27.5 5
    endloop
  endfacet
  facet normal -0 0 1
    outer loop
      vertex 30.5099 29.9759 5
      vertex 30.755 27.488 5
      vertex 31 30 5
    endloop
  endfacet
  facet normal 0 0 1
    outer loop
      vertex 30.755 27.488 5
      vertex 30.5099 29.9759 5
      vertex 30.5123 27.452 5
    endloop
  endfacet
  facet normal -0 0 1
    outer loop
      vertex 30.0245 29.9039 5
      vertex 30.5123 27.452 5
      vertex 30.5099 29.9759 5
    endloop
  endfacet
  facet normal 0 0 1
    outer loop
      vertex 30.5123 27.452 5
      vertex 30.0245 29.9039 5
      vertex 30.2743 27.3923 5
    endloop
  endfacet
  facet normal -0 0 1
    outer loop
      vertex 29.5486 29.7847 5
      vertex 30.2743 27.3923 5
      vertex 30.0245 29.9039 5
    endloop
  endfacet
  facet normal 0 0 1
    outer loop
      vertex 30.2743 27.3923 5
      vertex 29.5486 29.7847 5
      vertex 30.0433 27.3097 5
    endloop
  endfacet
  facet normal -0 0 1
    outer loop
      vertex 29.0866 29.6194 5
      vertex 30.0433 27.3097 5
      vertex 29.5486 29.7847 5
    endloop
  endfacet
  facet normal 0 0 1
    outer loop
      vertex 30.0433 27.3097 5
      vertex 29.0866 29.6194 5
      vertex 29.8215 27.2048 5
    endloop
  endfacet
  facet normal -0 0 1
    outer loop
      vertex 28.643 29.4096 5
      vertex 29.8215 27.2048 5
      vertex 29.0866 29.6194 5
    endloop
  endfacet
  facet normal 0 0 1
    outer loop
      vertex 29.8215 27.2048 5
      vertex 28.643 29.4096 5
      vertex 29.6111 27.0787 5
    endloop
  endfacet
  facet normal -0 0 1
    outer loop
      vertex 28.2221 29.1573 5
      vertex 29.6111 27.0787 5
      vertex 28.643 29.4096 5
    endloop
  endfacet
  facet normal 0 0 1
    outer loop
      vertex 29.6111 27.0787 5
      vertex 28.2221 29.1573 5
      vertex 29.414 26.9325 5
    endloop
  endfacet
  facet normal -0 0 1
    outer loop
      vertex 27.828 28.8651 5
      vertex 29.414 26.9325 5
      vertex 28.2221 29.1573 5
    endloop
  endfacet
  facet normal 0 0 1
    outer loop
      vertex 29.414 26.9325 5
      vertex 27.828 28.8651 5
      vertex 29.2322 26.7678 5
    endloop
  endfacet
  facet normal -0 0 1
    outer loop
      vertex 27.4645 28.5355 5
      vertex 29.2322 26.7678 5
      vertex 27.828 28.8651 5
    endloop
  endfacet
  facet normal 0 0 1
    outer loop
      vertex 29.2322 26.7678 5
      vertex 27.4645 28.5355 5
      vertex 29.0675 26.586 5
    endloop
  endfacet
  facet normal -0 0 1
    outer loop
      vertex 27.1349 28.172 5
      vertex 29.0675 26.586 5
      vertex 27.4645 28.5355 5
    endloop
  endfacet
  facet normal 0 0 1
    outer loop
      vertex 29.0675 26.586 5
      vertex 27.1349 28.172 5
      vertex 28.9213 26.3889 5
    endloop
  endfacet
  facet normal -0 0 1
    outer loop
      vertex 26.8427 27.7779 5
      vertex 28.9213 26.3889 5
      vertex 27.1349 28.172 5
    endloop
  endfacet
  facet normal 0 0 1
    outer loop
      vertex 28.9213 26.3889 5
      vertex 26.8427 27.7779 5
      vertex 28.7952 26.1785 5
    endloop
  endfacet
  facet normal -0 0 1
    outer loop
      vertex 26.5904 27.357 5
      vertex 28.7952 26.1785 5
      vertex 26.8427 27.7779 5
    endloop
  endfacet
  facet normal 0 0 1
    outer loop
      vertex 33.5 25 5
      vertex 36 25 5
      vertex 35.9759 25.4901 5
    endloop
  endfacet
  facet normal 0 0 1
    outer loop
      vertex 33.488 25.245 5
      vertex 35.9759 25.4901 5
      vertex 35.9039 25.9755 5
    endloop
  endfacet
  facet normal 0 0 1
    outer loop
      vertex 36 25 5
      vertex 33.5 25 5
      vertex 35.9759 24.5099 5
    endloop
  endfacet
  facet normal -0 0 1
    outer loop
      vertex 33.488 24.755 5
      vertex 35.9759 24.5099 5
      vertex 33.5 25 5
    endloop
  endfacet
  facet normal 0 0 1
    outer loop
      vertex 33.488 25.245 5
      vertex 35.9039 25.9755 5
      vertex 35.7847 26.4514 5
    endloop
  endfacet
  facet normal 0 0 1
    outer loop
      vertex 33.488 25.245 5
      vertex 35.7847 26.4514 5
      vertex 35.6194 26.9134 5
    endloop
  endfacet
  facet normal 0 0 1
    outer loop
      vertex 33.488 25.245 5
      vertex 35.6194 26.9134 5
      vertex 35.4096 27.357 5
    endloop
  endfacet
  facet normal 0 0 1
    outer loop
      vertex 33.488 25.245 5
      vertex 35.4096 27.357 5
      vertex 35.1573 27.7779 5
    endloop
  endfacet
  facet normal 0 0 1
    outer loop
      vertex 33.488 25.245 5
      vertex 35.1573 27.7779 5
      vertex 34.8651 28.172 5
    endloop
  endfacet
  facet normal 0 0 1
    outer loop
      vertex 33.488 25.245 5
      vertex 34.8651 28.172 5
      vertex 34.5355 28.5355 5
    endloop
  endfacet
  facet normal 0 0 1
    outer loop
      vertex 33.488 25.245 5
      vertex 34.5355 28.5355 5
      vertex 34.172 28.8651 5
    endloop
  endfacet
  facet normal 0 0 1
    outer loop
      vertex 32.586 26.9325 5
      vertex 34.172 28.8651 5
      vertex 33.7779 29.1573 5
    endloop
  endfacet
  facet normal 0 0 1
    outer loop
      vertex 35.9759 24.5099 5
      vertex 33.488 24.755 5
      vertex 35.9039 24.0245 5
    endloop
  endfacet
  facet normal -0 0 1
    outer loop
      vertex 33.452 24.5123 5
      vertex 35.9039 24.0245 5
      vertex 33.488 24.755 5
    endloop
  endfacet
  facet normal 0 0 1
    outer loop
      vertex 35.9039 24.0245 5
      vertex 33.452 24.5123 5
      vertex 35.8477 23.8 5
    endloop
  endfacet
  facet normal -0 0 1
    outer loop
      vertex 33.3923 24.2743 5
      vertex 35.8477 23.8 5
      vertex 33.452 24.5123 5
    endloop
  endfacet
  facet normal -0 0 1
    outer loop
      vertex 33.3097 24.0433 5
      vertex 35.8477 23.8 5
      vertex 33.3923 24.2743 5
    endloop
  endfacet
  facet normal -0 0 1
    outer loop
      vertex 33.2048 23.8215 5
      vertex 35.8477 23.8 5
      vertex 33.3097 24.0433 5
    endloop
  endfacet
  facet normal 0 0 1
    outer loop
      vertex 35.8477 23.8 5
      vertex 33.2048 23.8215 5
      vertex 33.1919 23.8 5
    endloop
  endfacet
  facet normal 0 0 1
    outer loop
      vertex 28.7952 26.1785 5
      vertex 26.5904 27.357 5
      vertex 28.6903 25.9567 5
    endloop
  endfacet
  facet normal -0 0 1
    outer loop
      vertex 26.3806 26.9134 5
      vertex 28.6903 25.9567 5
      vertex 26.5904 27.357 5
    endloop
  endfacet
  facet normal 0 0 1
    outer loop
      vertex 28.6903 25.9567 5
      vertex 26.3806 26.9134 5
      vertex 28.6076 25.7257 5
    endloop
  endfacet
  facet normal -0 0 1
    outer loop
      vertex 26.2153 26.4514 5
      vertex 28.6076 25.7257 5
      vertex 26.3806 26.9134 5
    endloop
  endfacet
  facet normal 0 0 1
    outer loop
      vertex 28.6076 25.7257 5
      vertex 26.2153 26.4514 5
      vertex 28.548 25.4877 5
    endloop
  endfacet
  facet normal -0 0 1
    outer loop
      vertex 26.0961 25.9755 5
      vertex 28.548 25.4877 5
      vertex 26.2153 26.4514 5
    endloop
  endfacet
  facet normal 0 0 1
    outer loop
      vertex 28.548 25.4877 5
      vertex 26.0961 25.9755 5
      vertex 28.512 25.245 5
    endloop
  endfacet
  facet normal -0 0 1
    outer loop
      vertex 26.0241 25.4901 5
      vertex 28.512 25.245 5
      vertex 26.0961 25.9755 5
    endloop
  endfacet
  facet normal 0 0 1
    outer loop
      vertex 28.512 25.245 5
      vertex 26.0241 25.4901 5
      vertex 28.5 25 5
    endloop
  endfacet
  facet normal 0 0 1
    outer loop
      vertex 26 25 5
      vertex 28.5 25 5
      vertex 26.0241 25.4901 5
    endloop
  endfacet
  facet normal 0 0 1
    outer loop
      vertex 28.5 25 5
      vertex 26 25 5
      vertex 28.512 24.755 5
    endloop
  endfacet
  facet normal 0 -0 1
    outer loop
      vertex 26.0241 24.5099 5
      vertex 28.512 24.755 5
      vertex 26 25 5
    endloop
  endfacet
  facet normal 0 0 1
    outer loop
      vertex 28.512 24.755 5
      vertex 26.0241 24.5099 5
      vertex 28.548 24.5123 5
    endloop
  endfacet
  facet normal 0 -0 1
    outer loop
      vertex 26.0961 24.0245 5
      vertex 28.548 24.5123 5
      vertex 26.0241 24.5099 5
    endloop
  endfacet
  facet normal 0 -0 1
    outer loop
      vertex 26.1523 23.8 5
      vertex 28.548 24.5123 5
      vertex 26.0961 24.0245 5
    endloop
  endfacet
  facet normal 0 0 1
    outer loop
      vertex 28.548 24.5123 5
      vertex 26.1523 23.8 5
      vertex 28.6076 24.2743 5
    endloop
  endfacet
  facet normal 0 0 1
    outer loop
      vertex 28.6903 24.0433 5
      vertex 26.1523 23.8 5
      vertex 28.7952 23.8215 5
    endloop
  endfacet
  facet normal 0 0 1
    outer loop
      vertex 28.7952 23.8215 5
      vertex 26.1523 23.8 5
      vertex 28.8081 23.8 5
    endloop
  endfacet
  facet normal 0 0 1
    outer loop
      vertex 28.6076 24.2743 5
      vertex 26.1523 23.8 5
      vertex 28.6903 24.0433 5
    endloop
  endfacet
  facet normal 0.595588 0.80329 -0
    outer loop
      vertex 34.172 28.8651 2.2
      vertex 33.7779 29.1573 5
      vertex 34.172 28.8651 5
    endloop
  endfacet
  facet normal 0.595588 0.80329 0
    outer loop
      vertex 33.7779 29.1573 5
      vertex 34.172 28.8651 2.2
      vertex 33.7779 29.1573 2.2
    endloop
  endfacet
  facet normal -0.514136 -0.857709 0
    outer loop
      vertex 28.2221 20.8427 3.2
      vertex 28.643 20.5904 5
      vertex 28.2221 20.8427 5
    endloop
  endfacet
  facet normal -0.514136 -0.857709 -0
    outer loop
      vertex 28.643 20.5904 5
      vertex 28.2221 20.8427 3.2
      vertex 28.643 20.5904 3.2
    endloop
  endfacet
  facet normal 0.514136 0.857709 -0
    outer loop
      vertex 33.7779 29.1573 2.2
      vertex 33.357 29.4096 5
      vertex 33.7779 29.1573 5
    endloop
  endfacet
  facet normal 0.514136 0.857709 0
    outer loop
      vertex 33.357 29.4096 5
      vertex 33.7779 29.1573 2.2
      vertex 33.357 29.4096 2.2
    endloop
  endfacet
  facet normal 0.146726 -0.989177 0
    outer loop
      vertex 31.4901 20.0241 3.2
      vertex 31.9755 20.0961 5
      vertex 31.4901 20.0241 5
    endloop
  endfacet
  facet normal 0.146726 -0.989177 0
    outer loop
      vertex 31.9755 20.0961 5
      vertex 31.4901 20.0241 3.2
      vertex 31.9755 20.0961 3.2
    endloop
  endfacet
  facet normal 0.941548 0.336879 0
    outer loop
      vertex 35.7847 26.4514 5
      vertex 35.6194 26.9134 2.2
      vertex 35.6194 26.9134 5
    endloop
  endfacet
  facet normal 0.941548 0.336879 0
    outer loop
      vertex 35.6194 26.9134 2.2
      vertex 35.7847 26.4514 5
      vertex 35.7847 26.4514 2.2
    endloop
  endfacet
  facet normal 0.857687 -0.514172 0
    outer loop
      vertex 35.1573 22.2221 5
      vertex 35.204 22.3 3.2
      vertex 35.204 22.3 5
    endloop
  endfacet
  facet normal 0.857687 -0.514172 0
    outer loop
      vertex 35.204 22.3 3.2
      vertex 35.1573 22.2221 5
      vertex 35.1573 22.2221 3.2
    endloop
  endfacet
  facet normal -0.998793 -0.0491143 0
    outer loop
      vertex 26.0241 24.5099 2.2
      vertex 26 25 5
      vertex 26 25 2.2
    endloop
  endfacet
  facet normal -0.998793 -0.0491143 0
    outer loop
      vertex 26 25 5
      vertex 26.0241 24.5099 2.2
      vertex 26.0241 24.5099 5
    endloop
  endfacet
  facet normal 0.740806 0.671719 0
    outer loop
      vertex 34.8651 28.172 5
      vertex 34.5355 28.5355 2.2
      vertex 34.5355 28.5355 5
    endloop
  endfacet
  facet normal 0.740806 0.671719 0
    outer loop
      vertex 34.5355 28.5355 2.2
      vertex 34.8651 28.172 5
      vertex 34.8651 28.172 2.2
    endloop
  endfacet
  facet normal 0.0491143 0.998793 -0
    outer loop
      vertex 31.4901 29.9759 2.2
      vertex 31 30 5
      vertex 31.4901 29.9759 5
    endloop
  endfacet
  facet normal 0.0491143 0.998793 0
    outer loop
      vertex 31 30 5
      vertex 31.4901 29.9759 2.2
      vertex 31 30 2.2
    endloop
  endfacet
  facet normal 0.903995 0.427543 0
    outer loop
      vertex 35.6194 26.9134 5
      vertex 35.4096 27.357 2.2
      vertex 35.4096 27.357 5
    endloop
  endfacet
  facet normal 0.903995 0.427543 0
    outer loop
      vertex 35.4096 27.357 2.2
      vertex 35.6194 26.9134 5
      vertex 35.6194 26.9134 2.2
    endloop
  endfacet
  facet normal -0.146726 -0.989177 0
    outer loop
      vertex 30.0245 20.0961 3.2
      vertex 30.5099 20.0241 5
      vertex 30.0245 20.0961 5
    endloop
  endfacet
  facet normal -0.146726 -0.989177 -0
    outer loop
      vertex 30.5099 20.0241 5
      vertex 30.0245 20.0961 3.2
      vertex 30.5099 20.0241 3.2
    endloop
  endfacet
  facet normal 0.671719 -0.740806 0
    outer loop
      vertex 34.172 21.1349 3.2
      vertex 34.5355 21.4645 5
      vertex 34.172 21.1349 5
    endloop
  endfacet
  facet normal 0.671719 -0.740806 0
    outer loop
      vertex 34.5355 21.4645 5
      vertex 34.172 21.1349 3.2
      vertex 34.5355 21.4645 3.2
    endloop
  endfacet
  facet normal -0.0491143 -0.998793 0
    outer loop
      vertex 30.5099 20.0241 3.2
      vertex 31 20 5
      vertex 30.5099 20.0241 5
    endloop
  endfacet
  facet normal -0.0491143 -0.998793 -0
    outer loop
      vertex 31 20 5
      vertex 30.5099 20.0241 3.2
      vertex 31 20 3.2
    endloop
  endfacet
  facet normal -0.740806 0.671719 0
    outer loop
      vertex 27.1349 28.172 2.2
      vertex 27.4645 28.5355 5
      vertex 27.4645 28.5355 2.2
    endloop
  endfacet
  facet normal -0.740806 0.671719 0
    outer loop
      vertex 27.4645 28.5355 5
      vertex 27.1349 28.172 2.2
      vertex 27.1349 28.172 5
    endloop
  endfacet
  facet normal 0.671719 0.740806 -0
    outer loop
      vertex 34.5355 28.5355 2.2
      vertex 34.172 28.8651 5
      vertex 34.5355 28.5355 5
    endloop
  endfacet
  facet normal 0.671719 0.740806 0
    outer loop
      vertex 34.172 28.8651 5
      vertex 34.5355 28.5355 2.2
      vertex 34.172 28.8651 2.2
    endloop
  endfacet
  facet normal -0.146726 0.989177 0
    outer loop
      vertex 30.5099 29.9759 2.2
      vertex 30.0245 29.9039 5
      vertex 30.5099 29.9759 5
    endloop
  endfacet
  facet normal -0.146726 0.989177 0
    outer loop
      vertex 30.0245 29.9039 5
      vertex 30.5099 29.9759 2.2
      vertex 30.0245 29.9039 2.2
    endloop
  endfacet
  facet normal -0.903995 0.427543 0
    outer loop
      vertex 26.3806 26.9134 2.2
      vertex 26.5904 27.357 5
      vertex 26.5904 27.357 2.2
    endloop
  endfacet
  facet normal -0.903995 0.427543 0
    outer loop
      vertex 26.5904 27.357 5
      vertex 26.3806 26.9134 2.2
      vertex 26.3806 26.9134 5
    endloop
  endfacet
  facet normal -0.671719 -0.740806 0
    outer loop
      vertex 27.4645 21.4645 3.2
      vertex 27.828 21.1349 5
      vertex 27.4645 21.4645 5
    endloop
  endfacet
  facet normal -0.671719 -0.740806 -0
    outer loop
      vertex 27.828 21.1349 5
      vertex 27.4645 21.4645 3.2
      vertex 27.828 21.1349 3.2
    endloop
  endfacet
  facet normal -0.970034 0.242967 0
    outer loop
      vertex 26.0961 25.9755 2.2
      vertex 26.2153 26.4514 5
      vertex 26.2153 26.4514 2.2
    endloop
  endfacet
  facet normal -0.970034 0.242967 0
    outer loop
      vertex 26.2153 26.4514 5
      vertex 26.0961 25.9755 2.2
      vertex 26.0961 25.9755 5
    endloop
  endfacet
  facet normal 0.242967 0.970034 -0
    outer loop
      vertex 32.4514 29.7847 2.2
      vertex 31.9755 29.9039 5
      vertex 32.4514 29.7847 5
    endloop
  endfacet
  facet normal 0.242967 0.970034 0
    outer loop
      vertex 31.9755 29.9039 5
      vertex 32.4514 29.7847 2.2
      vertex 31.9755 29.9039 2.2
    endloop
  endfacet
  facet normal -0.970066 -0.242841 0
    outer loop
      vertex 26.1523 23.8 2.2
      vertex 26.0961 24.0245 5
      vertex 26.0961 24.0245 2.2
    endloop
  endfacet
  facet normal -0.970066 -0.242841 0
    outer loop
      vertex 26.0961 24.0245 5
      vertex 26.1523 23.8 2.2
      vertex 26.1523 23.8 5
    endloop
  endfacet
  facet normal -0.427543 -0.903995 0
    outer loop
      vertex 28.643 20.5904 3.2
      vertex 29.0866 20.3806 5
      vertex 28.643 20.5904 5
    endloop
  endfacet
  facet normal -0.427543 -0.903995 -0
    outer loop
      vertex 29.0866 20.3806 5
      vertex 28.643 20.5904 3.2
      vertex 29.0866 20.3806 3.2
    endloop
  endfacet
  facet normal -0.740806 -0.671719 0
    outer loop
      vertex 27.4645 21.4645 3.2
      vertex 27.1349 21.828 5
      vertex 27.1349 21.828 3.2
    endloop
  endfacet
  facet normal -0.740806 -0.671719 0
    outer loop
      vertex 27.1349 21.828 5
      vertex 27.4645 21.4645 3.2
      vertex 27.4645 21.4645 5
    endloop
  endfacet
  facet normal 0.427543 -0.903995 0
    outer loop
      vertex 32.9134 20.3806 3.2
      vertex 33.357 20.5904 5
      vertex 32.9134 20.3806 5
    endloop
  endfacet
  facet normal 0.427543 -0.903995 0
    outer loop
      vertex 33.357 20.5904 5
      vertex 32.9134 20.3806 3.2
      vertex 33.357 20.5904 3.2
    endloop
  endfacet
  facet normal 0.0491143 -0.998793 0
    outer loop
      vertex 31 20 3.2
      vertex 31.4901 20.0241 5
      vertex 31 20 5
    endloop
  endfacet
  facet normal 0.0491143 -0.998793 0
    outer loop
      vertex 31.4901 20.0241 5
      vertex 31 20 3.2
      vertex 31.4901 20.0241 3.2
    endloop
  endfacet
  facet normal -0.989177 -0.146726 0
    outer loop
      vertex 26.0961 24.0245 2.2
      vertex 26.0241 24.5099 5
      vertex 26.0241 24.5099 2.2
    endloop
  endfacet
  facet normal -0.989177 -0.146726 0
    outer loop
      vertex 26.0241 24.5099 5
      vertex 26.0961 24.0245 2.2
      vertex 26.0961 24.0245 5
    endloop
  endfacet
  facet normal 0.595588 -0.80329 0
    outer loop
      vertex 33.7779 20.8427 3.2
      vertex 34.172 21.1349 5
      vertex 33.7779 20.8427 5
    endloop
  endfacet
  facet normal 0.595588 -0.80329 0
    outer loop
      vertex 34.172 21.1349 5
      vertex 33.7779 20.8427 3.2
      vertex 34.172 21.1349 3.2
    endloop
  endfacet
  facet normal -0.80329 -0.595588 0
    outer loop
      vertex 27.1349 21.828 3.2
      vertex 26.8427 22.2221 5
      vertex 26.8427 22.2221 3.2
    endloop
  endfacet
  facet normal -0.80329 -0.595588 0
    outer loop
      vertex 26.8427 22.2221 5
      vertex 27.1349 21.828 3.2
      vertex 27.1349 21.828 5
    endloop
  endfacet
  facet normal -0.998793 0.0491143 0
    outer loop
      vertex 26 25 2.2
      vertex 26.0241 25.4901 5
      vertex 26.0241 25.4901 2.2
    endloop
  endfacet
  facet normal -0.998793 0.0491143 0
    outer loop
      vertex 26.0241 25.4901 5
      vertex 26 25 2.2
      vertex 26 25 5
    endloop
  endfacet
  facet normal 0.740806 -0.671719 0
    outer loop
      vertex 34.5355 21.4645 5
      vertex 34.8651 21.828 3.2
      vertex 34.8651 21.828 5
    endloop
  endfacet
  facet normal 0.740806 -0.671719 0
    outer loop
      vertex 34.8651 21.828 3.2
      vertex 34.5355 21.4645 5
      vertex 34.5355 21.4645 3.2
    endloop
  endfacet
  facet normal 1 -0 0
    outer loop
      vertex 62.75 32 5
      vertex 62.75 67.5 2.2
      vertex 62.75 67.5 5
    endloop
  endfacet
  facet normal 1 0 0
    outer loop
      vertex 62.75 67.5 2.2
      vertex 62.75 32 5
      vertex 62.75 32 2.2
    endloop
  endfacet
  facet normal 0 0 1
    outer loop
      vertex 62.75 67.5 5
      vertex 60.75 65.5 5
      vertex 62.75 32 5
    endloop
  endfacet
  facet normal 0 0 1
    outer loop
      vertex 62.75 67.5 5
      vertex 29.25 65.5 5
      vertex 60.75 65.5 5
    endloop
  endfacet
  facet normal 0 0 1
    outer loop
      vertex 29.25 65.5 5
      vertex 27.25 67.5 5
      vertex 29.25 34 5
    endloop
  endfacet
  facet normal -0 0 1
    outer loop
      vertex 27.25 67.5 5
      vertex 29.25 65.5 5
      vertex 62.75 67.5 5
    endloop
  endfacet
  facet normal -0 0 1
    outer loop
      vertex 60.75 34 5
      vertex 62.75 32 5
      vertex 60.75 65.5 5
    endloop
  endfacet
  facet normal -0 0 1
    outer loop
      vertex 29.25 34 5
      vertex 62.75 32 5
      vertex 60.75 34 5
    endloop
  endfacet
  facet normal 0 0 1
    outer loop
      vertex 29.25 34 5
      vertex 27.25 32 5
      vertex 62.75 32 5
    endloop
  endfacet
  facet normal 0 0 1
    outer loop
      vertex 27.25 32 5
      vertex 29.25 34 5
      vertex 27.25 67.5 5
    endloop
  endfacet
  facet normal -1 0 0
    outer loop
      vertex 27.25 32 2.2
      vertex 27.25 67.5 5
      vertex 27.25 67.5 2.2
    endloop
  endfacet
  facet normal -1 -0 0
    outer loop
      vertex 27.25 67.5 5
      vertex 27.25 32 2.2
      vertex 27.25 32 5
    endloop
  endfacet
  facet normal 0 -1 0
    outer loop
      vertex 27.25 32 2.2
      vertex 62.75 32 5
      vertex 27.25 32 5
    endloop
  endfacet
  facet normal 0 -1 -0
    outer loop
      vertex 62.75 32 5
      vertex 27.25 32 2.2
      vertex 62.75 32 2.2
    endloop
  endfacet
  facet normal 0 1 -0
    outer loop
      vertex 62.75 67.5 2.2
      vertex 27.25 67.5 5
      vertex 62.75 67.5 5
    endloop
  endfacet
  facet normal 0 1 0
    outer loop
      vertex 27.25 67.5 5
      vertex 62.75 67.5 2.2
      vertex 27.25 67.5 2.2
    endloop
  endfacet
  facet normal 1 -0 0
    outer loop
      vertex 68.3 5 6
      vertex 68.3 23.8 2.2
      vertex 68.3 23.8 6
    endloop
  endfacet
  facet normal 1 0 0
    outer loop
      vertex 68.3 23.8 2.2
      vertex 68.3 5 6
      vertex 68.3 5 2.2
    endloop
  endfacet
  facet normal -0 0 1
    outer loop
      vertex 35.9759 12.4901 3.2
      vertex 66.8 6.5 3.2
      vertex 66.8 22.3 3.2
    endloop
  endfacet
  facet normal 0 0 1
    outer loop
      vertex 66.8 6.5 3.2
      vertex 35.9759 12.4901 3.2
      vertex 36 12 3.2
    endloop
  endfacet
  facet normal 0 0 1
    outer loop
      vertex 66.8 22.3 3.2
      vertex 35.9039 12.9755 3.2
      vertex 35.9759 12.4901 3.2
    endloop
  endfacet
  facet normal 0 0 1
    outer loop
      vertex 66.8 22.3 3.2
      vertex 35.7847 13.4514 3.2
      vertex 35.9039 12.9755 3.2
    endloop
  endfacet
  facet normal -0 0 1
    outer loop
      vertex 35.204 22.3 3.2
      vertex 35.7847 13.4514 3.2
      vertex 66.8 22.3 3.2
    endloop
  endfacet
  facet normal 0 0 1
    outer loop
      vertex 35.7847 13.4514 3.2
      vertex 35.204 22.3 3.2
      vertex 35.6194 13.9134 3.2
    endloop
  endfacet
  facet normal 0 0 1
    outer loop
      vertex 35.6194 13.9134 3.2
      vertex 35.204 22.3 3.2
      vertex 35.4096 14.357 3.2
    endloop
  endfacet
  facet normal 0 0 1
    outer loop
      vertex 35.1573 14.7779 3.2
      vertex 35.204 22.3 3.2
      vertex 35.1573 22.2221 3.2
    endloop
  endfacet
  facet normal 0 0 1
    outer loop
      vertex 35.204 22.3 3.2
      vertex 35.1573 14.7779 3.2
      vertex 35.4096 14.357 3.2
    endloop
  endfacet
  facet normal -0 0 1
    outer loop
      vertex 34.8651 21.828 3.2
      vertex 35.1573 14.7779 3.2
      vertex 35.1573 22.2221 3.2
    endloop
  endfacet
  facet normal 0 0 1
    outer loop
      vertex 34.8651 21.828 3.2
      vertex 34.8651 15.172 3.2
      vertex 35.1573 14.7779 3.2
    endloop
  endfacet
  facet normal -0 0 1
    outer loop
      vertex 34.5355 21.4645 3.2
      vertex 34.8651 15.172 3.2
      vertex 34.8651 21.828 3.2
    endloop
  endfacet
  facet normal 0 0 1
    outer loop
      vertex 34.5355 21.4645 3.2
      vertex 34.5355 15.5355 3.2
      vertex 34.8651 15.172 3.2
    endloop
  endfacet
  facet normal -0 0 1
    outer loop
      vertex 34.172 21.1349 3.2
      vertex 34.5355 15.5355 3.2
      vertex 34.5355 21.4645 3.2
    endloop
  endfacet
  facet normal 0 0 1
    outer loop
      vertex 34.172 21.1349 3.2
      vertex 34.172 15.8651 3.2
      vertex 34.5355 15.5355 3.2
    endloop
  endfacet
  facet normal -0 0 1
    outer loop
      vertex 33.7779 20.8427 3.2
      vertex 34.172 15.8651 3.2
      vertex 34.172 21.1349 3.2
    endloop
  endfacet
  facet normal 0 0 1
    outer loop
      vertex 33.7779 20.8427 3.2
      vertex 33.7779 16.1573 3.2
      vertex 34.172 15.8651 3.2
    endloop
  endfacet
  facet normal -0 0 1
    outer loop
      vertex 33.357 20.5904 3.2
      vertex 33.7779 16.1573 3.2
      vertex 33.7779 20.8427 3.2
    endloop
  endfacet
  facet normal 0 0 1
    outer loop
      vertex 33.357 20.5904 3.2
      vertex 33.357 16.4096 3.2
      vertex 33.7779 16.1573 3.2
    endloop
  endfacet
  facet normal -0 0 1
    outer loop
      vertex 32.9134 20.3806 3.2
      vertex 33.357 16.4096 3.2
      vertex 33.357 20.5904 3.2
    endloop
  endfacet
  facet normal 0 0 1
    outer loop
      vertex 32.9134 20.3806 3.2
      vertex 32.9134 16.6194 3.2
      vertex 33.357 16.4096 3.2
    endloop
  endfacet
  facet normal -0 0 1
    outer loop
      vertex 32.4514 20.2153 3.2
      vertex 32.9134 16.6194 3.2
      vertex 32.9134 20.3806 3.2
    endloop
  endfacet
  facet normal 0 0 1
    outer loop
      vertex 32.4514 20.2153 3.2
      vertex 32.4514 16.7847 3.2
      vertex 32.9134 16.6194 3.2
    endloop
  endfacet
  facet normal -0 0 1
    outer loop
      vertex 31.9755 20.0961 3.2
      vertex 32.4514 16.7847 3.2
      vertex 32.4514 20.2153 3.2
    endloop
  endfacet
  facet normal 0 0 1
    outer loop
      vertex 31.9755 20.0961 3.2
      vertex 31.9755 16.9039 3.2
      vertex 32.4514 16.7847 3.2
    endloop
  endfacet
  facet normal -0 0 1
    outer loop
      vertex 31.4901 20.0241 3.2
      vertex 31.9755 16.9039 3.2
      vertex 31.9755 20.0961 3.2
    endloop
  endfacet
  facet normal 0 0 1
    outer loop
      vertex 31.4901 20.0241 3.2
      vertex 31.4901 16.9759 3.2
      vertex 31.9755 16.9039 3.2
    endloop
  endfacet
  facet normal -0 0 1
    outer loop
      vertex 31 20 3.2
      vertex 31.4901 16.9759 3.2
      vertex 31.4901 20.0241 3.2
    endloop
  endfacet
  facet normal 0 0 1
    outer loop
      vertex 31 20 3.2
      vertex 31 17 3.2
      vertex 31.4901 16.9759 3.2
    endloop
  endfacet
  facet normal 0 0 1
    outer loop
      vertex 30.5099 20.0241 3.2
      vertex 31 17 3.2
      vertex 31 20 3.2
    endloop
  endfacet
  facet normal 0 0 1
    outer loop
      vertex 30.5099 20.0241 3.2
      vertex 30.5099 16.9759 3.2
      vertex 31 17 3.2
    endloop
  endfacet
  facet normal 0 0 1
    outer loop
      vertex 30.0245 20.0961 3.2
      vertex 30.5099 16.9759 3.2
      vertex 30.5099 20.0241 3.2
    endloop
  endfacet
  facet normal 0 0 1
    outer loop
      vertex 30.0245 20.0961 3.2
      vertex 30.0245 16.9039 3.2
      vertex 30.5099 16.9759 3.2
    endloop
  endfacet
  facet normal 0 0 1
    outer loop
      vertex 29.5486 20.2153 3.2
      vertex 30.0245 16.9039 3.2
      vertex 30.0245 20.0961 3.2
    endloop
  endfacet
  facet normal 0 0 1
    outer loop
      vertex 29.5486 20.2153 3.2
      vertex 29.5486 16.7847 3.2
      vertex 30.0245 16.9039 3.2
    endloop
  endfacet
  facet normal 0 0 1
    outer loop
      vertex 29.0866 20.3806 3.2
      vertex 29.5486 16.7847 3.2
      vertex 29.5486 20.2153 3.2
    endloop
  endfacet
  facet normal 0 0 1
    outer loop
      vertex 29.0866 20.3806 3.2
      vertex 29.0866 16.6194 3.2
      vertex 29.5486 16.7847 3.2
    endloop
  endfacet
  facet normal 0 0 1
    outer loop
      vertex 28.643 20.5904 3.2
      vertex 29.0866 16.6194 3.2
      vertex 29.0866 20.3806 3.2
    endloop
  endfacet
  facet normal 0 0 1
    outer loop
      vertex 28.643 20.5904 3.2
      vertex 28.643 16.4096 3.2
      vertex 29.0866 16.6194 3.2
    endloop
  endfacet
  facet normal 0 0 1
    outer loop
      vertex 28.2221 20.8427 3.2
      vertex 28.643 16.4096 3.2
      vertex 28.643 20.5904 3.2
    endloop
  endfacet
  facet normal 0 0 1
    outer loop
      vertex 28.2221 20.8427 3.2
      vertex 28.2221 16.1573 3.2
      vertex 28.643 16.4096 3.2
    endloop
  endfacet
  facet normal 0 0 1
    outer loop
      vertex 27.828 21.1349 3.2
      vertex 28.2221 16.1573 3.2
      vertex 28.2221 20.8427 3.2
    endloop
  endfacet
  facet normal 0 0 1
    outer loop
      vertex 27.828 21.1349 3.2
      vertex 27.828 15.8651 3.2
      vertex 28.2221 16.1573 3.2
    endloop
  endfacet
  facet normal 0 0 1
    outer loop
      vertex 27.4645 21.4645 3.2
      vertex 27.828 15.8651 3.2
      vertex 27.828 21.1349 3.2
    endloop
  endfacet
  facet normal 0 0 1
    outer loop
      vertex 27.4645 21.4645 3.2
      vertex 27.4645 15.5355 3.2
      vertex 27.828 15.8651 3.2
    endloop
  endfacet
  facet normal 0 0 1
    outer loop
      vertex 24 22.3 3.2
      vertex 27.4645 21.4645 3.2
      vertex 27.1349 21.828 3.2
    endloop
  endfacet
  facet normal 0 0 1
    outer loop
      vertex 27.4645 21.4645 3.2
      vertex 24 22.3 3.2
      vertex 27.4645 15.5355 3.2
    endloop
  endfacet
  facet normal 0 0 1
    outer loop
      vertex 24 22.3 3.2
      vertex 27.1349 21.828 3.2
      vertex 26.8427 22.2221 3.2
    endloop
  endfacet
  facet normal 0 0 1
    outer loop
      vertex 27.4645 15.5355 3.2
      vertex 24 22.3 3.2
      vertex 27.1349 15.172 3.2
    endloop
  endfacet
  facet normal -0 0 1
    outer loop
      vertex 24 22.3 3.2
      vertex 26.8427 22.2221 3.2
      vertex 26.796 22.3 3.2
    endloop
  endfacet
  facet normal 0 0 1
    outer loop
      vertex 27.1349 15.172 3.2
      vertex 24 22.3 3.2
      vertex 26.8427 14.7779 3.2
    endloop
  endfacet
  facet normal 0 0 1
    outer loop
      vertex 26.8427 14.7779 3.2
      vertex 24 22.3 3.2
      vertex 26.5904 14.357 3.2
    endloop
  endfacet
  facet normal 0 0 1
    outer loop
      vertex 26.5904 14.357 3.2
      vertex 24 22.3 3.2
      vertex 26.3806 13.9134 3.2
    endloop
  endfacet
  facet normal 0 0 1
    outer loop
      vertex 26.3806 13.9134 3.2
      vertex 24 22.3 3.2
      vertex 26.2153 13.4514 3.2
    endloop
  endfacet
  facet normal 0 0 1
    outer loop
      vertex 26.2153 13.4514 3.2
      vertex 24 22.3 3.2
      vertex 26.0961 12.9755 3.2
    endloop
  endfacet
  facet normal 0 0 1
    outer loop
      vertex 24 6.5 3.2
      vertex 26.0241 12.4901 3.2
      vertex 24 22.3 3.2
    endloop
  endfacet
  facet normal 0 0 1
    outer loop
      vertex 26.0961 12.9755 3.2
      vertex 24 22.3 3.2
      vertex 26.0241 12.4901 3.2
    endloop
  endfacet
  facet normal -0 0 1
    outer loop
      vertex 35.9759 11.5099 3.2
      vertex 66.8 6.5 3.2
      vertex 36 12 3.2
    endloop
  endfacet
  facet normal -0 0 1
    outer loop
      vertex 35.9039 11.0245 3.2
      vertex 66.8 6.5 3.2
      vertex 35.9759 11.5099 3.2
    endloop
  endfacet
  facet normal -0 0 1
    outer loop
      vertex 35.7847 10.5486 3.2
      vertex 66.8 6.5 3.2
      vertex 35.9039 11.0245 3.2
    endloop
  endfacet
  facet normal -0 0 1
    outer loop
      vertex 35.6194 10.0866 3.2
      vertex 66.8 6.5 3.2
      vertex 35.7847 10.5486 3.2
    endloop
  endfacet
  facet normal -0 0 1
    outer loop
      vertex 35.4096 9.64302 3.2
      vertex 66.8 6.5 3.2
      vertex 35.6194 10.0866 3.2
    endloop
  endfacet
  facet normal -0 0 1
    outer loop
      vertex 35.1573 9.22215 3.2
      vertex 66.8 6.5 3.2
      vertex 35.4096 9.64302 3.2
    endloop
  endfacet
  facet normal -0 0 1
    outer loop
      vertex 34.8651 8.82803 3.2
      vertex 66.8 6.5 3.2
      vertex 35.1573 9.22215 3.2
    endloop
  endfacet
  facet normal -0 0 1
    outer loop
      vertex 34.5355 8.46447 3.2
      vertex 66.8 6.5 3.2
      vertex 34.8651 8.82803 3.2
    endloop
  endfacet
  facet normal -0 0 1
    outer loop
      vertex 34.172 8.13495 3.2
      vertex 66.8 6.5 3.2
      vertex 34.5355 8.46447 3.2
    endloop
  endfacet
  facet normal -0 0 1
    outer loop
      vertex 33.7779 7.84265 3.2
      vertex 66.8 6.5 3.2
      vertex 34.172 8.13495 3.2
    endloop
  endfacet
  facet normal -0 0 1
    outer loop
      vertex 33.357 7.59039 3.2
      vertex 66.8 6.5 3.2
      vertex 33.7779 7.84265 3.2
    endloop
  endfacet
  facet normal -0 0 1
    outer loop
      vertex 32.9134 7.3806 3.2
      vertex 66.8 6.5 3.2
      vertex 33.357 7.59039 3.2
    endloop
  endfacet
  facet normal -0 0 1
    outer loop
      vertex 32.4514 7.2153 3.2
      vertex 66.8 6.5 3.2
      vertex 32.9134 7.3806 3.2
    endloop
  endfacet
  facet normal -0 0 1
    outer loop
      vertex 31.9755 7.09607 3.2
      vertex 66.8 6.5 3.2
      vertex 32.4514 7.2153 3.2
    endloop
  endfacet
  facet normal -0 0 1
    outer loop
      vertex 31.4901 7.02408 3.2
      vertex 66.8 6.5 3.2
      vertex 31.9755 7.09607 3.2
    endloop
  endfacet
  facet normal -0 0 1
    outer loop
      vertex 31 7 3.2
      vertex 66.8 6.5 3.2
      vertex 31.4901 7.02408 3.2
    endloop
  endfacet
  facet normal 0 0 1
    outer loop
      vertex 26.0241 12.4901 3.2
      vertex 24 6.5 3.2
      vertex 26 12 3.2
    endloop
  endfacet
  facet normal 0 0 1
    outer loop
      vertex 26 12 3.2
      vertex 24 6.5 3.2
      vertex 26.0241 11.5099 3.2
    endloop
  endfacet
  facet normal 0 0 1
    outer loop
      vertex 31 7 3.2
      vertex 24 6.5 3.2
      vertex 66.8 6.5 3.2
    endloop
  endfacet
  facet normal 0 0 1
    outer loop
      vertex 30.5099 7.02408 3.2
      vertex 24 6.5 3.2
      vertex 31 7 3.2
    endloop
  endfacet
  facet normal 0 0 1
    outer loop
      vertex 30.0245 7.09607 3.2
      vertex 24 6.5 3.2
      vertex 30.5099 7.02408 3.2
    endloop
  endfacet
  facet normal 0 0 1
    outer loop
      vertex 29.5486 7.2153 3.2
      vertex 24 6.5 3.2
      vertex 30.0245 7.09607 3.2
    endloop
  endfacet
  facet normal 0 0 1
    outer loop
      vertex 29.0866 7.3806 3.2
      vertex 24 6.5 3.2
      vertex 29.5486 7.2153 3.2
    endloop
  endfacet
  facet normal 0 0 1
    outer loop
      vertex 28.643 7.59039 3.2
      vertex 24 6.5 3.2
      vertex 29.0866 7.3806 3.2
    endloop
  endfacet
  facet normal 0 0 1
    outer loop
      vertex 28.2221 7.84265 3.2
      vertex 24 6.5 3.2
      vertex 28.643 7.59039 3.2
    endloop
  endfacet
  facet normal 0 0 1
    outer loop
      vertex 27.828 8.13495 3.2
      vertex 24 6.5 3.2
      vertex 28.2221 7.84265 3.2
    endloop
  endfacet
  facet normal 0 0 1
    outer loop
      vertex 27.4645 8.46447 3.2
      vertex 24 6.5 3.2
      vertex 27.828 8.13495 3.2
    endloop
  endfacet
  facet normal 0 0 1
    outer loop
      vertex 27.1349 8.82803 3.2
      vertex 24 6.5 3.2
      vertex 27.4645 8.46447 3.2
    endloop
  endfacet
  facet normal 0 0 1
    outer loop
      vertex 26.8427 9.22215 3.2
      vertex 24 6.5 3.2
      vertex 27.1349 8.82803 3.2
    endloop
  endfacet
  facet normal 0 0 1
    outer loop
      vertex 26.5904 9.64302 3.2
      vertex 24 6.5 3.2
      vertex 26.8427 9.22215 3.2
    endloop
  endfacet
  facet normal 0 0 1
    outer loop
      vertex 26.3806 10.0866 3.2
      vertex 24 6.5 3.2
      vertex 26.5904 9.64302 3.2
    endloop
  endfacet
  facet normal 0 0 1
    outer loop
      vertex 26.2153 10.5486 3.2
      vertex 24 6.5 3.2
      vertex 26.3806 10.0866 3.2
    endloop
  endfacet
  facet normal 0 0 1
    outer loop
      vertex 26.0961 11.0245 3.2
      vertex 24 6.5 3.2
      vertex 26.2153 10.5486 3.2
    endloop
  endfacet
  facet normal 0 0 1
    outer loop
      vertex 26.0241 11.5099 3.2
      vertex 24 6.5 3.2
      vertex 26.0961 11.0245 3.2
    endloop
  endfacet
  facet normal -1 0 0
    outer loop
      vertex 22.5 9.83414 2.2
      vertex 22.5 5 2.2
      vertex 22.5 9.83414 5
    endloop
  endfacet
  facet normal -1 0 0
    outer loop
      vertex 22.5 22.8341 2.2
      vertex 22.5 14.1659 2.2
      vertex 22.5 22.8341 5
    endloop
  endfacet
  facet normal -1 0 0
    outer loop
      vertex 22.5 22.8341 5
      vertex 22.5 23.8 6
      vertex 22.5 23.8 5
    endloop
  endfacet
  facet normal -1 0 0
    outer loop
      vertex 22.5 14.1659 5
      vertex 22.5 22.8341 5
      vertex 22.5 14.1659 2.2
    endloop
  endfacet
  facet normal -1 0 0
    outer loop
      vertex 22.5 22.8341 5
      vertex 22.5 14.1659 5
      vertex 22.5 23.8 6
    endloop
  endfacet
  facet normal -1 0 0
    outer loop
      vertex 22.5 5 6
      vertex 22.5 14.1659 5
      vertex 22.5 9.83414 5
    endloop
  endfacet
  facet normal -1 0 0
    outer loop
      vertex 22.5 14.1659 5
      vertex 22.5 5 6
      vertex 22.5 23.8 6
    endloop
  endfacet
  facet normal -1 0 0
    outer loop
      vertex 22.5 5 6
      vertex 22.5 9.83414 5
      vertex 22.5 5 2.2
    endloop
  endfacet
  facet normal 0 1 -0
    outer loop
      vertex 26.1523 23.8 2.2
      vertex 22.8477 23.8 5
      vertex 26.1523 23.8 5
    endloop
  endfacet
  facet normal 0 1 0
    outer loop
      vertex 22.8477 23.8 5
      vertex 26.1523 23.8 2.2
      vertex 22.8477 23.8 2.2
    endloop
  endfacet
  facet normal 0 1 0
    outer loop
      vertex 68.3 23.8 6
      vertex 33.1919 23.8 5.9
      vertex 22.5 23.8 6
    endloop
  endfacet
  facet normal 0 1 0
    outer loop
      vertex 68.3 23.8 6
      vertex 35.8477 23.8 5
      vertex 33.1919 23.8 5.9
    endloop
  endfacet
  facet normal 0 1 -0
    outer loop
      vertex 68.3 23.8 2.2
      vertex 35.8477 23.8 5
      vertex 68.3 23.8 6
    endloop
  endfacet
  facet normal 0 1 0
    outer loop
      vertex 35.8477 23.8 5
      vertex 68.3 23.8 2.2
      vertex 35.8477 23.8 2.2
    endloop
  endfacet
  facet normal 0 1 -0
    outer loop
      vertex 28.8081 23.8 5.9
      vertex 22.5 23.8 6
      vertex 33.1919 23.8 5.9
    endloop
  endfacet
  facet normal 0 1 0
    outer loop
      vertex 26.1523 23.8 5
      vertex 28.8081 23.8 5.9
      vertex 28.8081 23.8 5
    endloop
  endfacet
  facet normal 0 1 0
    outer loop
      vertex 28.8081 23.8 5.9
      vertex 26.1523 23.8 5
      vertex 22.5 23.8 6
    endloop
  endfacet
  facet normal 0 1 -0
    outer loop
      vertex 22.8477 23.8 5
      vertex 22.5 23.8 6
      vertex 26.1523 23.8 5
    endloop
  endfacet
  facet normal 0 1 0
    outer loop
      vertex 22.5 23.8 6
      vertex 22.8477 23.8 5
      vertex 22.5 23.8 5
    endloop
  endfacet
  facet normal 0 1 0
    outer loop
      vertex 33.1919 23.8 5.9
      vertex 35.8477 23.8 5
      vertex 33.1919 23.8 5
    endloop
  endfacet
  facet normal 0 -1 0
    outer loop
      vertex 22.5 5 2.2
      vertex 68.3 5 6
      vertex 22.5 5 6
    endloop
  endfacet
  facet normal 0 -1 -0
    outer loop
      vertex 68.3 5 6
      vertex 22.5 5 2.2
      vertex 68.3 5 2.2
    endloop
  endfacet
  facet normal 1 -0 0
    outer loop
      vertex 24 6.5 6
      vertex 24 22.3 3.2
      vertex 24 22.3 6
    endloop
  endfacet
  facet normal 1 0 0
    outer loop
      vertex 24 22.3 3.2
      vertex 24 6.5 6
      vertex 24 6.5 3.2
    endloop
  endfacet
  facet normal 0 0 1
    outer loop
      vertex 68.3 23.8 6
      vertex 66.8 22.3 6
      vertex 68.3 5 6
    endloop
  endfacet
  facet normal 0 0 1
    outer loop
      vertex 68.3 23.8 6
      vertex 24 22.3 6
      vertex 66.8 22.3 6
    endloop
  endfacet
  facet normal 0 0 1
    outer loop
      vertex 24 22.3 6
      vertex 22.5 23.8 6
      vertex 24 6.5 6
    endloop
  endfacet
  facet normal -0 0 1
    outer loop
      vertex 22.5 23.8 6
      vertex 24 22.3 6
      vertex 68.3 23.8 6
    endloop
  endfacet
  facet normal -0 0 1
    outer loop
      vertex 66.8 6.5 6
      vertex 68.3 5 6
      vertex 66.8 22.3 6
    endloop
  endfacet
  facet normal -0 0 1
    outer loop
      vertex 24 6.5 6
      vertex 68.3 5 6
      vertex 66.8 6.5 6
    endloop
  endfacet
  facet normal 0 0 1
    outer loop
      vertex 24 6.5 6
      vertex 22.5 5 6
      vertex 68.3 5 6
    endloop
  endfacet
  facet normal 0 0 1
    outer loop
      vertex 22.5 5 6
      vertex 24 6.5 6
      vertex 22.5 23.8 6
    endloop
  endfacet
  facet normal -1 0 0
    outer loop
      vertex 66.8 6.5 3.2
      vertex 66.8 22.3 6
      vertex 66.8 22.3 3.2
    endloop
  endfacet
  facet normal -1 -0 0
    outer loop
      vertex 66.8 22.3 6
      vertex 66.8 6.5 3.2
      vertex 66.8 6.5 6
    endloop
  endfacet
  facet normal 0 1 -0
    outer loop
      vertex 66.8 6.5 3.2
      vertex 24 6.5 6
      vertex 66.8 6.5 6
    endloop
  endfacet
  facet normal 0 1 0
    outer loop
      vertex 24 6.5 6
      vertex 66.8 6.5 3.2
      vertex 24 6.5 3.2
    endloop
  endfacet
  facet normal 0 -1 0
    outer loop
      vertex 35.204 22.3 5
      vertex 24 22.3 6
      vertex 26.796 22.3 5
    endloop
  endfacet
  facet normal 0 -1 0
    outer loop
      vertex 24 22.3 3.2
      vertex 26.796 22.3 5
      vertex 24 22.3 6
    endloop
  endfacet
  facet normal 0 -1 -0
    outer loop
      vertex 26.796 22.3 5
      vertex 24 22.3 3.2
      vertex 26.796 22.3 3.2
    endloop
  endfacet
  facet normal 0 -1 0
    outer loop
      vertex 24 22.3 6
      vertex 35.204 22.3 5
      vertex 66.8 22.3 6
    endloop
  endfacet
  facet normal 0 -1 0
    outer loop
      vertex 66.8 22.3 3.2
      vertex 35.204 22.3 5
      vertex 35.204 22.3 3.2
    endloop
  endfacet
  facet normal 0 -1 0
    outer loop
      vertex 35.204 22.3 5
      vertex 66.8 22.3 3.2
      vertex 66.8 22.3 6
    endloop
  endfacet
  facet normal 0 0 -1
    outer loop
      vertex 32.9325 23.414 5.9
      vertex 33.1919 23.8 5.9
      vertex 33.0787 23.6111 5.9
    endloop
  endfacet
  facet normal 0 0 -1
    outer loop
      vertex 32.7678 23.2322 5.9
      vertex 33.1919 23.8 5.9
      vertex 32.9325 23.414 5.9
    endloop
  endfacet
  facet normal 0 0 -1
    outer loop
      vertex 32.586 23.0675 5.9
      vertex 33.1919 23.8 5.9
      vertex 32.7678 23.2322 5.9
    endloop
  endfacet
  facet normal 0 0 -1
    outer loop
      vertex 32.3889 22.9213 5.9
      vertex 33.1919 23.8 5.9
      vertex 32.586 23.0675 5.9
    endloop
  endfacet
  facet normal 0 0 -1
    outer loop
      vertex 32.1785 22.7952 5.9
      vertex 33.1919 23.8 5.9
      vertex 32.3889 22.9213 5.9
    endloop
  endfacet
  facet normal 0 0 -1
    outer loop
      vertex 31.9567 22.6903 5.9
      vertex 33.1919 23.8 5.9
      vertex 32.1785 22.7952 5.9
    endloop
  endfacet
  facet normal 0 0 -1
    outer loop
      vertex 31.7257 22.6076 5.9
      vertex 33.1919 23.8 5.9
      vertex 31.9567 22.6903 5.9
    endloop
  endfacet
  facet normal 0 0 -1
    outer loop
      vertex 31.4877 22.548 5.9
      vertex 33.1919 23.8 5.9
      vertex 31.7257 22.6076 5.9
    endloop
  endfacet
  facet normal 0 0 -1
    outer loop
      vertex 31.245 22.512 5.9
      vertex 33.1919 23.8 5.9
      vertex 31.4877 22.548 5.9
    endloop
  endfacet
  facet normal 0 0 -1
    outer loop
      vertex 31 22.5 5.9
      vertex 33.1919 23.8 5.9
      vertex 31.245 22.512 5.9
    endloop
  endfacet
  facet normal 0 0 -1
    outer loop
      vertex 30.755 22.512 5.9
      vertex 33.1919 23.8 5.9
      vertex 31 22.5 5.9
    endloop
  endfacet
  facet normal 0 0 -1
    outer loop
      vertex 30.5123 22.548 5.9
      vertex 33.1919 23.8 5.9
      vertex 30.755 22.512 5.9
    endloop
  endfacet
  facet normal 0 0 -1
    outer loop
      vertex 30.2743 22.6076 5.9
      vertex 33.1919 23.8 5.9
      vertex 30.5123 22.548 5.9
    endloop
  endfacet
  facet normal 0 0 -1
    outer loop
      vertex 30.0433 22.6903 5.9
      vertex 33.1919 23.8 5.9
      vertex 30.2743 22.6076 5.9
    endloop
  endfacet
  facet normal 0 0 -1
    outer loop
      vertex 29.8215 22.7952 5.9
      vertex 33.1919 23.8 5.9
      vertex 30.0433 22.6903 5.9
    endloop
  endfacet
  facet normal 0 0 -1
    outer loop
      vertex 29.6111 22.9213 5.9
      vertex 33.1919 23.8 5.9
      vertex 29.8215 22.7952 5.9
    endloop
  endfacet
  facet normal 0 0 -1
    outer loop
      vertex 29.414 23.0675 5.9
      vertex 33.1919 23.8 5.9
      vertex 29.6111 22.9213 5.9
    endloop
  endfacet
  facet normal 0 0 -1
    outer loop
      vertex 29.2322 23.2322 5.9
      vertex 33.1919 23.8 5.9
      vertex 29.414 23.0675 5.9
    endloop
  endfacet
  facet normal 0 0 -1
    outer loop
      vertex 29.0675 23.414 5.9
      vertex 33.1919 23.8 5.9
      vertex 29.2322 23.2322 5.9
    endloop
  endfacet
  facet normal 0 0 -1
    outer loop
      vertex 28.9213 23.6111 5.9
      vertex 33.1919 23.8 5.9
      vertex 29.0675 23.414 5.9
    endloop
  endfacet
  facet normal -0 0 -1
    outer loop
      vertex 33.1919 23.8 5.9
      vertex 28.9213 23.6111 5.9
      vertex 28.8081 23.8 5.9
    endloop
  endfacet
endsolid OpenSCAD_Model
